# source: 2015 Aerial Laser and Photogrammetry Survey of Dublin City (NYU, CC BY 4.0); method: p90 roof - p20 ground ring; generated 2026-10-09
osm_id,lidar_height_m,lidar_p50_height_m,ground_m,n_points
way/5881783,32.1,29.9,1.43,2373831
way/10575483,19.2,18.5,9.21,226940
way/13857755,19.2,18.5,5.52,247434
way/13871512,31.4,17.0,2.15,1554585
way/14047783,24.1,20.7,2.58,514752
way/14398576,26.7,24.2,8.13,2942736
way/23582496,18.8,16.4,0.75,199578
way/25631284,26.4,20.2,4.57,282713
way/25631305,14.7,13.9,9.43,207628
way/25638922,15.1,13.7,14.74,2878
way/25638928,36.0,34.6,13.03,37405
way/27291101,24.9,19.9,9.29,322429
way/27923681,21.7,16.9,1.73,1612960
way/29270007,19.8,18.6,1.98,381670
way/29270038,17.0,16.0,2.25,29911
way/36948987,10.3,10.1,2.18,118310
relation/3375620,47.5,44.6,4.1,540247
way/37264787,20.1,20.0,1.74,305113
way/37264788,16.3,15.3,7.27,780846
way/38376253,22.3,16.0,12.19,516458
way/40107781,24.9,22.9,1.43,315806
way/40107783,19.7,16.6,1.1,294959
way/40564484,21.3,18.0,10.71,19268
way/40564485,21.8,20.9,7.07,12251
way/40716172,21.8,15.5,6.46,653844
way/42266091,61.9,59.0,1.4,74090
way/42487787,17.7,16.3,1.56,390169
way/42526596,27.3,24.4,3.43,231055
way/43148940,19.8,19.4,2.1,341097
way/43148943,18.2,14.8,1.85,356427
way/43148955,15.4,12.7,1.52,292923
way/43316026,32.9,30.9,5.47,251558
way/43538579,20.1,18.0,3.94,230361
way/43538608,21.0,20.7,7.79,146041
way/43979658,17.2,15.4,4.44,97840
way/43981182,26.0,21.1,6.66,529977
way/43981431,21.6,17.5,2.42,461484
way/44075399,19.4,19.1,2.27,66718
way/44075406,24.2,23.0,2.09,414697
way/44075413,20.0,17.5,2.13,193547
way/44075420,24.2,13.7,2.02,16175
way/44121318,18.1,16.7,2.07,111572
way/44156321,19.1,18.9,2.54,48426
way/44156322,19.6,19.6,2.05,39899
way/44156324,19.6,19.6,2.04,38643
way/44156326,19.6,19.5,2.03,38602
way/44156327,19.6,19.5,2.08,38558
way/44156329,19.5,19.5,2.12,37083
way/44156330,19.6,19.6,2.05,37032
way/44156331,19.7,19.6,1.98,52836
way/44526746,22.2,21.0,9.92,38810
way/44526748,41.1,37.4,8.22,125721
way/44597919,15.4,13.1,16.25,2848
way/44597920,14.3,14.0,16.1,284
way/44597922,12.7,12.7,16.47,46
way/44597925,11.2,9.0,13.62,2656
way/44639364,17.6,16.5,2.1,90042
way/44639367,17.7,16.7,2.05,59546
way/44639368,17.2,16.3,2.18,26454
way/44639369,17.1,16.2,2.06,34823
way/44639370,17.2,16.4,2.05,31372
way/44639371,17.6,16.5,2.05,74421
way/44707922,23.8,23.2,2.95,236369
way/44766135,18.6,17.2,2.16,154809
way/44768800,16.0,13.9,2.09,170398
way/44768803,12.6,10.7,1.88,8785
way/44768804,9.7,7.9,1.94,16581
way/44768807,25.4,21.4,2.31,154702
way/44768808,31.7,28.2,2.87,186825
way/44768809,32.5,28.9,2.04,147775
way/44768874,24.9,24.6,2.18,346377
way/44768875,26.2,26.0,1.0,299571
way/44768876,24.8,21.9,2.78,150621
way/44769119,17.3,16.1,1.64,411152
way/45602232,25.8,21.6,1.4,723123
way/45619566,8.7,8.2,0.23,811
way/45619567,8.7,8.2,0.3,867
way/45619568,8.7,8.1,0.22,1397
way/45619569,8.8,8.4,0.17,1208
way/45838348,19.1,8.3,3.73,234653
way/46207550,48.0,48.0,2.61,272
way/47638298,17.8,16.0,10.34,254204
way/48709726,23.6,23.3,11.97,21532
way/48858941,35.1,35.0,-0.34,35876
way/48894059,12.9,6.3,5.17,8237
way/48894062,64.4,63.4,2.41,132468
way/48894063,36.2,29.1,2.01,72642
way/48897785,51.3,51.0,2.73,17899
way/48898694,27.4,23.3,0.68,134232
way/48898697,32.3,28.4,2.71,86675
way/48898701,22.8,22.2,2.55,40298
way/48898702,49.3,41.1,2.87,23001
way/48898703,17.1,2.5,1.91,450
way/48914525,12.3,8.9,1.72,15559
way/48914528,19.0,18.4,1.98,23314
way/48951687,27.9,12.1,1.77,11746
way/48951688,19.3,18.7,1.79,61188
way/48951689,18.6,18.0,2.33,29485
way/49793468,20.2,18.3,1.47,34174
way/49793806,14.5,12.7,1.77,16375
way/49793850,13.6,13.5,1.53,10112
way/49794794,13.9,13.8,1.54,14661
way/49921390,27.9,22.0,12.38,84360
way/49921394,19.2,18.1,13.8,18428
way/49999470,17.5,16.7,12.16,28367
way/50016331,11.8,9.7,2.82,1318912
way/51218690,16.8,16.2,8.41,8669
way/51218691,16.4,14.9,8.42,52329
way/51245099,18.3,16.2,1.77,215168
way/51735067,27.3,23.6,10.68,1058508
way/51775937,7.2,7.2,-0.45,5671
way/51954983,15.6,14.2,16.29,802
way/51981556,25.8,19.1,3.93,41516
way/52027857,24.6,22.2,1.8,325176
way/52201224,43.9,35.4,0.14,220018
way/52205030,36.6,34.1,1.3,534951
way/52301667,20.8,20.5,2.26,283627
way/52375078,15.8,14.8,9.5,1596
way/53208763,20.9,19.2,6.87,1454369
way/53372947,31.2,28.5,10.02,283866
way/53372948,29.7,26.7,8.24,116235
way/53372949,32.1,30.3,10.97,162866
way/54746905,16.8,9.8,4.24,898745
way/55448918,11.1,9.7,2.1,2670
way/55448919,11.7,10.6,2.94,4827
way/55448920,13.5,12.6,2.03,3371
way/55448921,10.7,9.5,2.68,1715
way/55448922,11.7,10.8,1.67,4552
way/55448923,11.6,10.7,1.82,4454
way/55448924,13.1,12.3,2.01,4091
way/55448925,13.7,12.6,1.79,3086
way/55448926,10.8,9.7,2.56,1894
way/55448927,10.8,9.7,2.54,2365
way/55448928,11.5,10.5,1.71,4144
way/55448929,11.6,10.7,1.76,4791
way/55448930,10.0,9.3,1.81,2760
way/55448931,13.8,12.9,1.74,1702
way/55448932,9.9,9.1,2.49,2615
way/55448933,9.7,8.9,2.82,2164
way/55448934,11.6,10.7,1.73,5402
way/55448935,11.7,10.7,1.71,5987
way/55448936,11.4,10.3,1.83,4618
way/55451295,9.9,9.3,2.32,1191
way/55451299,9.4,8.8,2.73,1156
way/55451311,11.9,9.8,2.08,3099
way/55451312,9.5,8.8,2.77,1506
way/55451321,10.2,9.5,1.96,1293
way/55451322,9.1,8.5,2.78,731
relation/610966,16.9,14.0,1.43,2421721
way/57058239,31.8,28.8,2.81,85834
way/57362384,12.3,8.8,6.39,9029
way/57362470,22.4,22.4,3.09,193718
way/57362472,22.4,21.3,4.66,21113
way/57362474,14.7,14.7,4.28,45015
way/57362476,22.6,19.1,6.65,117038
way/57362483,18.0,17.4,4.61,52930
way/57362494,23.2,19.8,5.57,59554
way/57362498,17.9,14.5,3.4,62809
way/57362502,14.8,13.7,2.09,19771
way/57362504,23.2,19.4,6.37,78041
way/57362505,28.4,27.6,6.64,138233
way/57362506,18.9,17.6,1.52,43926
way/57362508,26.0,22.3,4.7,160003
way/57362811,14.8,14.4,3.15,30558
way/57362812,19.9,17.8,1.65,17501
way/57362813,13.5,12.4,2.87,7100
way/57362814,12.2,11.4,4.18,5231
way/57364661,16.1,13.5,1.21,251928
way/57364663,24.0,22.4,2.16,19632
way/57364665,15.7,15.6,3.05,70012
way/57364666,16.3,16.3,2.14,125602
way/57375223,25.2,25.1,0.15,343248
way/57375224,27.3,27.2,2.13,144198
way/57375225,22.0,18.0,1.24,616264
way/57375226,32.4,27.5,1.11,754233
way/57375227,12.3,10.7,0.81,381258
way/57375230,10.9,9.4,0.83,367362
way/57375231,11.1,11.1,1.47,51744
way/57375232,10.6,10.0,1.6,35897
way/58079033,21.8,18.4,2.14,85607
way/60960231,22.2,19.6,1.68,81572
way/60960412,24.0,21.4,0.22,57813
way/62000569,10.3,8.8,10.13,40175
way/62152060,24.5,24.3,13.95,31173
way/62745650,6.1,3.7,5.57,665197
way/67130573,18.8,17.9,13.05,3241
way/67130574,20.1,18.0,12.85,5219
way/67130575,21.5,19.9,12.59,4003
way/67130576,19.5,18.2,12.88,5216
way/67130578,20.7,18.9,12.9,4540
way/67130579,21.5,20.1,12.2,7696
way/67130580,22.1,22.0,11.54,4462
way/67130581,21.2,19.3,11.83,4158
way/67130583,21.1,20.6,12.87,5281
way/67130584,21.1,20.0,11.86,3049
way/67130585,21.5,19.4,12.43,4403
way/67130586,20.4,19.1,13.16,4141
way/67130587,21.1,20.4,12.08,3268
way/67130588,19.8,18.4,12.45,4867
way/67130590,19.8,18.3,12.91,2936
way/67130591,23.0,22.9,10.66,10341
way/67130592,21.1,19.1,12.45,5509
way/67130593,21.4,21.0,12.23,5127
way/69887261,20.0,16.0,2.13,502838
way/72094432,10.1,8.5,5.48,13749
way/74213967,19.6,15.8,1.21,196905
way/74330090,12.0,9.6,10.28,37599
way/74496029,6.9,5.3,10.19,4256
way/74496042,10.2,7.9,10.61,28664
way/74496043,8.8,6.4,10.17,8654
way/74496050,6.4,5.8,10.26,26082
way/74496056,6.0,5.4,9.72,20596
way/74578293,12.0,10.3,11.45,163535
way/74600934,16.9,14.1,4.9,320232
way/74600954,10.1,7.8,5.49,104804
way/75128209,8.6,7.7,12.39,2813
way/76779467,18.5,17.1,10.47,60059
way/76833565,18.1,16.7,10.4,40516
way/76833566,17.9,16.5,10.03,43039
way/77045601,14.7,13.6,7.54,78986
way/77692472,28.2,26.8,0.51,276174
way/77692481,16.2,12.7,0.53,104177
way/77692486,17.0,15.7,0.09,559130
way/77692984,14.6,11.9,0.09,219963
way/78363333,11.7,11.1,0.31,5374
way/78363341,8.5,8.1,1.52,14884
way/78363343,8.6,7.8,1.46,1089
way/78363346,11.8,11.3,0.23,6406
way/78363350,8.5,7.3,1.49,3403
way/78363357,11.9,11.3,0.39,2970
way/78363364,11.8,11.2,0.24,5526
way/78363366,8.6,7.7,1.45,5446
way/78363371,11.6,10.8,0.44,9894
way/78363378,11.7,11.1,0.34,5573
way/78363380,8.5,5.0,1.43,2074
way/78373298,13.4,13.4,0.27,140503
way/78373299,13.1,13.0,0.61,140215
way/78373301,12.8,12.8,0.8,101361
way/78373303,12.9,12.9,0.77,93449
way/78373304,13.0,13.0,0.64,176356
way/78373309,13.6,13.5,0.14,191117
way/78373310,13.0,13.0,0.64,356331
way/78373311,13.0,13.0,0.67,188719
way/78373312,13.5,13.4,0.28,108059
way/78376265,20.7,20.7,-0.15,459501
way/80567253,18.7,15.2,1.9,140051
way/83174299,28.0,24.5,1.9,862632
way/84000345,17.1,16.4,9.14,1410
way/84000346,17.9,17.3,9.41,4718
way/84000348,20.5,19.6,8.54,5422
way/84000350,18.0,17.4,8.12,3667
way/84000351,17.0,16.4,7.28,5710
way/84000352,18.4,17.6,7.37,5965
way/84000353,19.7,18.7,8.85,5334
way/84000354,16.1,15.3,10.34,3107
way/84000356,17.3,16.3,8.77,8405
way/84000358,17.8,17.2,8.75,6020
way/84000360,17.8,16.8,9.84,5250
way/84000361,16.7,15.9,9.43,3552
way/84000363,19.0,18.2,8.99,475
way/84000364,18.9,18.2,8.99,504
way/84000365,18.1,17.4,9.15,4022
way/84000367,16.9,16.2,7.46,3936
way/84000368,16.9,16.2,9.2,2165
way/84000370,18.1,17.4,9.32,5411
way/84000372,20.0,19.0,8.71,5412
way/84000373,18.0,17.3,8.31,3653
way/84000374,18.3,17.5,7.41,6121
way/84000376,16.5,15.7,9.24,6117
way/84000377,15.8,14.8,10.42,4685
way/84000380,18.4,17.3,8.85,9138
way/84000382,18.0,17.4,8.59,6187
way/84000384,17.0,16.3,9.12,1506
way/84000385,18.3,17.6,9.24,4647
way/84000389,17.8,17.2,8.15,3503
way/84000391,16.9,16.2,7.41,7050
way/84000393,18.6,17.7,10.11,8635
way/84000394,16.4,15.6,9.8,2674
way/84000396,16.8,15.8,9.32,5044
way/84000397,17.8,17.2,8.73,5634
way/84000398,18.3,17.4,7.45,5724
way/84000400,17.5,16.7,9.32,5844
way/84000401,16.2,15.4,9.9,5063
way/84000403,18.8,18.0,8.98,534
way/84000404,17.9,17.2,9.01,4600
way/84000406,17.3,16.6,9.2,1970
way/84000407,18.0,17.3,9.41,5057
way/84000409,20.2,19.3,8.55,5942
way/84000410,17.8,17.3,8.32,3622
way/84000411,18.1,17.5,8.23,3665
way/84000412,18.5,17.7,7.29,5670
way/84000413,19.1,18.4,9.41,4726
way/84000416,15.7,14.6,10.38,4708
way/84000420,18.6,17.8,8.8,5254
way/84000423,17.9,17.3,8.79,5295
way/84000427,17.8,16.9,10.08,4751
way/84000428,18.9,18.3,8.99,539
way/84000429,17.9,17.2,9.18,4687
way/84000433,17.5,16.9,8.27,4030
way/84000434,19.2,18.1,7.57,5507
way/84000435,6.7,6.7,10.27,2421
way/84000437,16.3,15.5,10.16,2766
way/84000442,19.8,18.8,8.71,6684
way/84000444,18.3,17.6,8.33,6347
way/84000446,18.3,17.4,7.41,5959
way/84000451,16.6,15.7,9.25,5743
way/84000452,15.7,14.7,10.35,5366
way/84000454,18.5,17.9,9.0,4804
way/84000457,18.3,17.6,8.77,5233
way/84018116,8.7,8.6,8.3,22179
way/84018118,14.8,14.4,9.89,127
way/84018130,16.2,15.4,10.16,2873
way/84253993,23.7,21.3,1.7,14484
way/84525888,10.7,10.3,11.59,5134
way/84525889,16.8,15.6,16.18,9820
way/88150333,26.0,25.7,1.21,64425
way/88241225,25.0,22.5,0.22,32300
way/88241232,22.1,19.8,2.96,14231
way/88241233,24.8,22.0,0.96,31754
way/88241235,23.4,21.2,0.24,63704
way/88241239,24.1,20.9,1.59,16869
way/88241241,23.3,21.0,1.72,37756
way/88241243,25.5,23.0,0.17,24677
way/88241245,23.4,21.3,0.31,60217
way/88241255,25.3,22.8,0.17,14680
way/88241258,25.5,22.8,0.18,32248
way/88241261,22.0,19.7,3.02,13508
way/98070087,26.3,25.4,1.37,91953
way/98070091,24.6,24.5,3.06,26913
way/102694932,25.5,24.1,2.17,34044
way/102694937,26.0,22.7,1.54,296840
way/102694940,14.2,12.9,-0.45,49723
way/102694943,16.7,16.0,0.94,16624
way/102694948,14.1,12.8,0.32,39269
way/102694950,32.5,31.1,2.05,103606
way/102694952,28.5,27.1,2.32,49591
way/102694957,30.9,28.1,1.46,68174
way/102694958,18.0,16.7,2.28,8794
way/102694959,29.9,26.6,1.98,257727
way/102694960,14.1,12.8,0.88,186038
way/102694962,30.9,29.1,-0.04,232124
way/102694963,7.6,7.3,-0.03,615899
way/102694964,15.2,13.5,1.0,80842
way/102694969,30.5,28.2,1.95,144841
way/102694971,20.9,20.9,1.96,18517
way/102694973,32.1,24.0,2.17,40814
way/102694975,14.0,12.7,0.68,97881
way/102694976,6.9,6.7,0.8,117934
way/102694981,14.0,11.7,1.96,93475
way/102694984,26.8,24.0,0.32,471390
way/102694985,38.3,30.5,0.89,196065
way/102694989,11.3,11.3,2.19,20187
way/102694991,10.0,7.9,2.94,217796
way/103333600,11.4,10.8,-0.4,10588
way/103333606,11.5,11.0,-0.45,12748
way/103333613,10.4,9.7,0.17,15423
way/103333622,12.0,11.2,-0.56,13159
way/103333625,12.9,11.4,-0.07,10256
way/103333628,11.4,10.8,-0.62,13262
way/103333631,15.8,15.0,0.11,62567
way/103333632,11.5,11.0,-0.48,10868
way/103333634,11.5,10.9,-0.61,16260
way/103333639,10.9,10.4,-0.39,8842
way/103333641,13.0,11.7,-0.1,4925
way/103333642,12.9,12.3,-0.15,28821
way/103333643,11.4,10.8,-0.58,36276
way/103333645,11.2,10.6,-0.22,10675
way/103333646,12.6,12.3,-0.52,9077
way/103333647,13.0,11.8,-0.06,5443
way/103333648,11.6,11.1,-0.45,8155
way/103333649,11.1,10.5,-0.39,18502
way/103333650,12.2,11.7,-0.74,12262
way/103333651,11.5,11.0,-0.45,12998
way/103333652,11.2,10.5,-0.3,12166
way/103333653,11.9,11.3,-0.51,11906
way/103333654,11.6,11.1,-0.53,15372
way/103333656,12.9,11.7,-0.09,6697
way/103333658,11.3,10.7,-0.54,11003
way/103333659,11.6,10.9,-0.51,14951
way/103333660,12.9,11.6,-0.1,8556
way/103333661,11.6,10.7,-0.26,17621
way/103333662,12.9,11.7,-0.09,9215
way/103333663,11.5,10.9,-0.6,13892
way/103333664,12.9,11.6,-0.08,6287
way/103333665,11.5,11.0,-0.4,9377
way/103333666,11.0,10.4,-0.33,7960
way/103333667,9.3,9.1,0.16,2911
way/103333668,11.4,10.7,-0.62,14795
way/103333670,11.3,10.7,-0.31,7773
way/103333671,11.2,10.6,-0.39,19873
way/103333673,12.9,11.8,-0.08,7165
way/103333675,11.0,10.4,-0.34,12462
way/103333676,11.4,10.8,-0.39,11595
way/103333677,13.0,11.7,-0.01,5112
way/103333678,11.5,10.9,-0.46,11904
way/103333679,11.1,10.5,-0.38,14390
way/103333681,11.9,11.2,-0.52,13323
way/103333682,13.0,11.7,-0.07,5411
way/103333683,11.7,11.2,-0.53,11355
way/103333684,11.4,10.6,-0.08,14188
way/103333685,11.7,11.2,-0.55,14129
way/103333686,11.5,10.8,-0.59,25073
way/103333687,13.0,12.0,-0.08,7534
way/103333688,11.8,11.3,-0.44,11874
way/103333689,11.5,10.8,-0.58,14078
way/103333690,11.5,10.8,-0.62,11730
way/103333691,13.0,11.9,-0.09,6656
way/103333692,11.6,11.1,-0.42,9032
way/103333693,11.5,10.8,-0.41,7340
way/103333694,12.1,11.5,-0.66,10769
way/103333695,12.6,12.6,-0.25,6845
way/103333696,12.8,11.7,0.05,4567
way/103333697,11.6,11.1,-0.45,11785
way/103333699,10.3,9.8,0.22,10566
way/103333700,11.1,10.5,-0.36,22906
way/103333702,13.0,11.7,-0.06,6270
way/104378037,27.7,19.8,2.15,1176609
way/105802900,14.9,13.3,1.19,150445
way/105802901,16.5,15.1,1.37,160594
way/105802902,20.0,17.1,1.37,108395
way/105802903,27.4,25.5,1.9,366097
way/105802904,26.0,24.7,1.58,332296
way/105802905,21.9,20.0,1.59,340923
way/109227157,3.3,0.8,11.71,137
way/109227163,11.5,10.7,12.29,1381
way/109227165,12.9,12.2,10.79,1825
way/109227172,11.2,10.3,12.31,1018
way/109227173,12.7,12.0,10.9,1626
way/109227176,11.9,11.2,11.77,1458
way/109227183,10.8,10.2,12.45,457
way/109227184,11.8,11.1,11.85,1558
way/109227187,11.8,11.0,11.84,1608
way/109227191,4.4,1.2,11.7,230
way/109227192,11.8,11.0,11.76,1743
way/109227198,11.5,10.8,12.3,1416
way/109246476,26.4,26.4,8.41,34617
way/109246482,28.4,26.6,8.3,59793
way/109246484,13.9,11.8,10.22,1547
way/109246492,12.1,11.3,7.79,1595
way/109246502,13.1,12.3,10.05,1557
way/109246505,23.6,22.0,8.97,56510
way/109246506,13.9,13.0,7.46,1883
way/109246511,21.4,21.3,9.43,38919
way/109246531,13.7,13.0,7.69,2126
way/109246549,18.5,18.5,10.14,1827
way/109246550,13.2,12.4,9.97,1337
way/109246572,11.3,11.3,10.01,967
way/109246579,9.4,-0.2,8.86,397
way/109252986,17.5,1.7,11.01,97372
way/109252989,8.4,7.0,9.68,4227
way/109252991,16.2,14.4,8.86,2872
way/109252992,10.3,9.2,8.38,4631
way/109252998,15.9,14.1,8.77,5358
way/109253003,18.9,18.2,9.03,4353
way/109253008,10.2,9.1,8.42,1775
way/109253010,21.9,21.7,12.37,14044
way/109253011,20.9,17.9,10.17,51421
way/109253022,12.8,9.4,12.93,4869
way/109370643,10.4,7.9,9.65,4625
way/109370646,9.5,8.4,9.03,1509
way/109370647,20.8,18.7,8.43,28211
way/109370651,14.9,14.8,9.87,1879
way/109370652,9.4,8.2,9.01,1361
way/109370661,14.8,14.8,9.84,1826
way/109370662,17.5,16.6,9.82,7399
way/109370663,15.6,15.6,9.08,1134
way/109370666,11.2,9.5,8.89,1439
way/109370667,15.7,14.8,9.87,1772
way/109370670,9.8,8.5,8.94,1659
way/109370672,5.5,4.6,8.78,116
way/109401964,12.6,11.5,3.77,6335
way/109401976,5.4,5.1,3.9,165
way/109401987,9.5,8.6,4.43,4117
way/109401988,7.0,6.9,4.36,2895
way/109401989,8.5,7.2,5.09,1525
way/109401995,12.2,11.0,4.25,7355
way/109402001,13.6,12.5,2.95,5629
way/109402004,6.1,4.6,5.1,844
way/109484795,26.3,23.1,1.56,319233
way/109484796,14.9,13.8,1.44,168457
way/109513748,9.1,8.0,4.24,528
way/109513752,6.3,5.1,4.71,790
way/109513753,6.7,5.0,4.52,1273
way/109513755,9.7,8.9,3.83,388
way/109513756,6.3,4.7,4.68,1022
way/109513758,8.9,7.9,4.48,519
way/109513763,9.2,5.2,3.31,245
way/109513767,6.4,5.0,4.54,3187
way/109513770,6.5,4.6,4.49,1625
way/109513774,9.5,8.7,4.01,387
way/109513775,6.4,5.3,4.63,2011
way/109513779,9.4,8.7,4.01,379
way/109513782,9.6,8.7,3.87,339
way/109513784,6.6,5.5,4.48,1873
way/109513786,9.7,8.8,3.85,296
way/109513789,6.6,5.6,4.52,1299
way/109513791,9.2,8.0,4.23,399
way/109513793,6.5,5.2,4.56,928
way/109513797,8.7,7.6,4.62,500
way/109513798,9.6,8.6,3.94,398
way/109513803,6.4,4.8,4.44,1612
way/110542366,31.1,27.3,4.36,56372
way/110690816,5.8,5.2,14.44,11308
way/110690817,7.7,7.2,14.4,5324
way/111179096,37.4,34.8,0.4,162739
way/111184724,13.2,12.2,2.43,3296
way/111184725,10.5,9.7,2.48,3532
way/111184727,10.9,10.0,2.07,3239
way/111184728,10.9,10.0,2.06,2365
way/111184730,12.9,12.2,1.91,5993
way/111184731,10.5,9.7,2.47,2628
way/111184732,15.0,12.0,2.43,10367
way/111184734,13.4,12.4,2.07,4842
way/111184735,13.1,11.9,2.39,8281
way/111184737,10.9,10.0,2.07,4803
way/111184738,10.5,9.8,2.48,2038
way/111184739,10.5,9.8,2.49,1628
way/111184740,13.9,13.0,2.1,9365
way/111184742,13.5,12.4,2.46,11273
way/111184744,9.8,9.1,2.42,3002
way/111184745,13.6,12.7,2.12,11641
way/111184748,13.5,12.5,2.45,7369
way/111184749,10.5,9.4,2.36,9277
way/111184750,10.5,9.7,2.48,2881
way/111184751,9.6,9.1,1.95,2330
way/111184752,10.4,9.5,2.08,2368
way/111184753,10.3,9.2,2.5,6157
way/111184754,10.5,9.7,2.46,2505
way/111184755,9.6,8.8,1.94,4115
way/111184756,12.3,11.3,2.44,11336
way/111184757,9.2,8.5,1.21,12094
way/111267950,6.1,6.0,8.88,1067
way/111267951,18.8,17.7,7.43,2441
way/111267953,8.0,6.1,7.36,671
way/111412487,7.3,6.4,7.16,2238
way/111412490,14.6,14.5,5.52,4442
way/111545356,15.7,15.7,10.45,4890
way/111545358,16.6,16.6,11.4,2761
way/111545359,15.6,7.1,11.4,17848
way/111545362,11.7,9.3,9.89,3142
way/111845358,23.5,22.7,2.67,46233
way/113550870,8.5,8.1,0.98,5875
way/113550871,8.4,7.6,0.87,3017
way/113550872,8.4,8.0,0.49,1517
way/113550873,8.3,7.4,0.4,3179
way/113550874,8.3,7.3,1.12,3858
way/113550875,8.3,7.5,0.59,2475
way/113550876,8.4,8.0,1.32,3535
way/113550877,8.3,7.3,0.98,3080
way/113550878,8.4,7.7,0.57,3244
way/113550879,8.3,7.3,0.42,3077
way/113550880,12.1,11.1,0.65,44312
way/113550881,8.2,7.4,0.57,2939
way/113550882,8.2,7.7,0.24,3917
way/113550883,8.2,7.4,1.14,3625
way/113550884,8.3,7.5,0.64,2485
way/113550885,8.2,7.8,0.42,3605
way/113550886,8.1,7.2,0.54,3037
way/113550887,8.4,7.6,0.6,2878
way/113550888,8.3,7.6,0.25,3143
way/113550889,8.4,8.1,0.63,3096
way/113550890,9.5,8.8,0.19,21640
way/113550891,8.4,7.5,0.48,3084
way/113550892,10.3,9.6,-0.63,31805
way/113550893,8.3,7.5,0.29,3530
way/113550894,8.3,7.6,1.38,2573
way/113550895,8.3,7.6,0.97,3097
way/113550896,8.2,7.5,0.37,2992
way/113550897,9.3,8.7,0.34,8615
way/113550898,8.4,8.2,0.38,4325
way/113550899,8.3,7.3,0.4,3573
way/113550901,9.2,8.6,0.38,3886
way/113550902,8.5,7.8,0.99,4102
way/113550903,8.3,7.9,1.25,3188
way/113550904,9.3,8.5,0.2,6570
way/113550905,8.4,7.5,0.89,2535
way/113550906,8.4,8.0,0.56,3306
way/113550907,8.2,7.6,0.51,2642
way/113550908,8.2,7.3,0.24,3284
way/113550909,8.3,7.4,1.16,3438
way/113550910,8.2,7.4,0.62,2369
way/113550911,8.1,7.3,1.01,2955
way/113550912,8.2,7.3,0.43,2266
way/113550913,8.4,7.6,0.58,2895
way/113550914,8.1,7.4,0.23,2422
way/113550915,8.2,7.5,1.19,3332
way/113550916,8.2,7.3,0.63,2769
way/113550917,8.1,7.4,0.45,2527
way/113550918,8.3,7.4,0.54,2175
way/113550919,8.2,7.9,0.62,2677
way/113550920,8.3,7.7,0.28,3348
way/113550921,8.3,7.5,1.38,3589
way/113550922,12.8,11.6,1.08,75149
way/113550923,8.2,7.4,0.33,3122
way/113550924,8.3,7.6,0.42,3584
way/113552210,9.7,8.7,-0.02,8398
way/113552211,10.1,9.3,-0.43,5889
way/113552212,9.4,8.8,-0.66,4103
way/113552213,9.4,8.8,-0.64,6298
way/113552214,10.1,9.2,-0.46,6275
way/113552217,9.9,9.1,-0.22,8040
way/113552219,18.1,16.7,-0.64,141284
way/113552220,18.0,16.6,-0.56,142379
way/113556120,6.7,5.0,0.53,192226
way/113556121,18.5,17.1,0.04,96186
way/113556124,2.7,1.8,2.27,150381
way/113703355,24.4,24.4,1.37,524593
way/113703356,23.9,23.5,1.12,313770
way/113703357,18.0,16.5,1.08,381397
way/113703358,16.0,15.1,1.64,154373
way/113703359,16.3,15.5,1.33,141576
way/113818887,22.7,17.4,6.79,272911
way/113819783,21.0,19.8,4.89,36966
way/113819784,20.4,19.2,5.27,29520
way/113819785,21.4,20.2,4.12,33446
way/113819786,22.0,20.2,4.48,52688
way/113819787,22.0,20.8,3.86,29781
way/113819788,22.6,21.2,4.07,33323
way/113819789,21.1,20.0,3.26,24625
way/113819790,22.7,22.0,5.66,31508
way/113819791,23.2,22.0,4.2,27108
way/113819792,19.2,18.1,4.26,26457
way/113819793,22.2,21.0,4.14,25736
way/113819794,22.5,21.2,3.45,32605
way/113819795,20.4,19.0,4.85,45601
way/113819796,22.5,21.2,4.19,33797
way/113819797,19.9,18.7,4.0,29805
way/113819798,22.3,21.1,4.2,29841
way/113819799,19.5,18.3,5.86,22609
way/113819800,24.7,23.4,4.09,64584
way/113819801,22.3,21.1,4.22,33335
way/113819802,21.7,20.3,3.73,41805
way/113819803,21.8,20.5,4.32,27512
way/113819804,21.0,20.0,5.04,21129
way/113819805,18.5,16.9,4.45,48685
way/113819806,21.5,20.2,5.13,30884
way/113819807,20.9,20.0,4.19,26770
way/113819808,22.7,21.4,3.72,35195
way/113819809,20.4,19.3,5.1,23546
way/113819810,21.6,20.6,4.25,21333
way/113819811,20.8,19.5,4.74,31075
way/113819812,21.6,20.5,4.53,42183
way/115086421,19.6,18.3,1.09,8753
way/118905639,13.7,12.8,1.83,299504
way/118906048,27.1,24.3,1.36,1222637
way/119453149,25.7,23.3,2.22,7113
way/119453159,19.2,1.4,2.41,173
way/119453166,22.7,22.7,2.25,12428
way/119453171,25.9,23.0,2.07,8375
way/119453174,30.8,29.1,1.59,20765
way/119453184,13.8,1.4,2.21,406
way/127227986,21.6,15.6,3.23,43907
way/127227987,21.6,14.5,16.7,2751
way/127227988,24.5,24.1,13.05,942
way/127227989,11.2,11.1,3.13,23855
way/127227990,15.0,13.8,3.28,10708
way/127227991,14.3,13.2,5.93,2965
way/127227992,14.4,13.4,6.37,1752
way/127227993,13.6,12.2,5.12,1141
way/127227994,13.8,12.9,6.53,970
way/127227995,14.8,13.8,8.59,1754
way/127227996,10.4,8.6,3.12,15531
way/127227998,14.2,13.2,10.14,1415
way/127227999,13.9,12.8,10.42,1413
way/127228003,14.4,13.5,7.38,1098
way/129217492,13.2,12.3,1.41,29762
way/129217493,14.5,13.2,1.47,60633
way/129217494,18.5,17.4,1.08,248418
way/129217495,17.6,15.1,1.28,47285
way/129217496,18.3,17.1,-1.32,218428
way/129217497,21.8,19.4,1.59,1924077
way/129652809,22.8,22.7,7.36,242422
way/129652820,17.6,14.6,6.75,54316
way/129662256,15.4,15.2,1.29,27014
way/129750572,20.4,18.3,8.91,1114499
way/129774673,14.5,12.2,4.65,28838
way/129774680,29.2,28.4,1.57,46548
way/131248600,15.4,10.1,2.45,167753
way/133906544,8.2,7.8,15.71,1233
relation/1836390,19.4,15.2,4.14,3803
way/138139124,31.7,27.8,9.39,592039
way/143221160,10.8,10.5,6.26,33302
way/143866325,22.8,17.4,10.39,186308
way/154492460,10.1,8.7,13.22,3700
way/154492468,19.6,17.0,13.16,14721
way/154501280,15.4,15.3,12.21,6329
way/154508541,8.1,7.7,11.68,1278
way/154508543,8.0,7.3,11.58,5110
way/154508544,16.8,8.7,10.74,10900
way/154508545,9.7,8.3,11.33,4059
way/154508547,12.4,11.2,10.33,21372
way/154508548,16.0,15.3,10.51,2882
way/154508879,7.5,7.4,11.68,830
way/154512579,13.7,11.4,13.16,11781
way/154512581,5.8,5.5,12.76,44
way/154512582,8.1,7.3,13.77,488
way/154512587,13.0,11.8,12.68,5437
way/154512590,7.1,5.5,12.67,312
way/154513031,8.5,7.7,13.4,758
way/154514645,7.9,6.7,13.38,427
way/163966865,25.4,24.3,-0.57,474648
way/164941857,24.2,21.6,10.51,131292
way/165066423,14.9,14.6,6.39,96195
way/165066424,9.2,8.4,6.13,17846
way/165066426,9.7,8.8,6.57,42704
way/165066427,9.6,8.7,6.86,16556
way/165066428,9.7,8.9,6.43,22542
way/167078511,25.6,23.9,8.43,106684
way/172085393,33.9,32.9,1.76,242119
way/176235351,26.2,25.9,0.18,150262
way/176235356,28.2,25.1,1.22,681744
way/176235361,13.0,11.1,0.43,217646
way/177562798,52.5,40.2,1.98,635921
way/177562803,16.6,15.3,0.9,65439
way/177562829,19.6,18.2,-0.18,167719
way/177562852,13.9,12.2,-0.05,55265
way/177562864,13.0,12.9,1.36,695668
way/177562873,13.1,11.4,0.92,75576
way/177562874,15.4,12.7,1.53,135451
way/177562878,17.6,17.1,-0.08,372667
way/182856015,15.8,14.9,2.67,87478
way/189502357,22.0,20.2,11.18,3637
way/191892918,22.6,21.1,5.42,86325
way/191892919,23.8,20.8,3.76,436883
way/191892920,18.0,17.9,8.16,85560
way/191893886,20.9,20.8,0.42,225939
way/193230587,9.9,9.6,17.17,139
way/193230588,9.5,9.5,17.22,39
way/194905904,14.0,11.0,9.48,92886
way/200451209,14.8,11.8,12.41,498594
way/200677462,2.2,1.5,16.41,40
way/204658948,21.5,20.1,11.1,540954
way/204658949,18.0,17.5,10.3,205521
way/213159655,18.8,16.9,12.53,2038
way/217007327,16.6,15.4,1.49,7941
way/220349326,16.7,16.6,9.06,97520
way/227706614,21.4,21.0,9.93,471117
way/227706615,19.1,18.5,9.91,194901
way/227706616,25.6,24.5,9.97,540528
way/227753308,25.5,23.7,2.86,13438
way/227753309,21.9,21.9,2.83,111663
way/227764081,17.4,16.4,2.37,8455
way/227764083,16.6,16.0,2.1,16586
way/227764084,19.9,17.8,2.09,24346
way/227764086,17.0,17.0,2.19,36169
way/227764088,23.3,20.6,2.68,88403
way/227764249,22.9,19.1,2.22,238276
way/227766037,16.9,14.8,1.45,34877
way/227766039,15.8,15.2,1.52,18102
way/227766040,16.8,15.2,1.52,13327
way/227766041,16.4,15.2,1.48,11103
way/227766042,16.4,14.8,1.54,14444
way/227767346,21.3,20.3,12.97,314969
way/227816922,19.4,17.4,13.52,80884
way/227816923,23.8,21.2,12.47,262910
way/227816924,16.5,15.3,13.02,78840
way/227816925,23.7,23.5,10.52,248506
way/227816926,17.6,16.3,7.72,171567
way/227816930,13.1,12.0,9.0,15400
way/227816931,22.7,20.7,13.41,69916
way/227816932,19.4,19.3,11.17,177957
way/227816933,19.9,18.7,8.16,405003
way/227816934,22.5,22.1,9.81,294716
way/227816935,20.4,18.9,10.55,246207
way/227816936,14.4,12.7,11.09,77515
way/227816938,18.1,16.8,13.4,161514
way/227816939,18.0,17.0,12.11,43585
way/227816940,14.8,13.5,13.28,72158
way/227816941,21.9,19.3,13.08,109599
way/227816942,19.0,17.1,13.54,72410
way/227816943,24.6,21.0,8.75,165334
way/227816944,9.1,9.0,10.39,44800
way/227816945,29.0,26.2,9.15,718782
way/227816946,20.4,18.1,7.61,436085
way/227816947,17.9,16.5,7.61,250871
way/227816948,16.0,16.0,10.93,73114
way/227816949,16.3,16.3,10.63,59303
relation/3038363,15.8,14.2,5.65,162847
way/227816951,14.4,13.4,13.76,33621
way/227816952,16.2,14.2,12.78,75258
way/227827214,15.8,15.8,1.79,290899
way/227827215,31.6,29.1,1.56,261251
way/227827216,24.2,21.3,2.13,426176
way/227827840,25.0,22.1,1.17,1008736
way/227827841,23.7,22.7,1.27,428625
way/227969957,10.8,10.2,-0.45,74424
way/227970341,10.1,9.0,-0.29,274321
way/227971869,17.9,17.4,1.13,184513
way/228194255,20.6,19.3,1.95,47584
way/228195481,24.4,20.8,1.56,183386
way/228195482,17.6,16.8,2.58,29355
way/228195483,17.7,17.0,2.38,12798
way/228195485,17.4,16.5,2.48,14244
way/228198481,25.5,22.4,1.38,155118
way/228198482,19.9,18.9,-0.06,23459
way/228199080,18.2,17.5,2.71,9830
way/228199081,19.1,18.5,2.48,46088
way/228199595,12.4,12.3,3.54,30155
way/228199598,18.1,16.7,4.12,50294
way/228199599,23.5,21.8,11.06,7176
way/228199877,7.9,7.3,0.41,64164
way/228200969,15.2,14.5,2.13,18708
way/228200970,15.3,14.5,2.15,21758
way/228200971,12.5,11.6,2.13,45080
way/228211006,8.7,8.6,2.07,233302
way/228211996,28.9,25.8,0.65,126098
way/228276374,16.8,13.7,1.6,148339
way/228279687,18.5,18.1,12.98,145348
way/228284413,15.7,14.8,1.46,17659
way/228284414,13.9,11.8,1.61,70221
way/228284415,14.9,14.0,1.6,144830
way/228284416,18.1,17.0,1.3,72309
way/228284417,12.4,9.3,1.45,386541
way/228284418,10.5,10.4,1.66,11181
way/228284419,11.7,11.1,1.54,8902
way/228284420,18.6,17.5,1.09,13093
way/228284421,9.1,9.1,1.46,8121
way/228284422,11.2,11.1,1.53,61821
way/228284423,9.0,8.9,1.55,2367
way/228284424,9.4,9.0,1.57,3551
way/228284425,9.4,9.3,1.52,143
way/228284426,9.1,9.0,1.53,5441
way/228284428,9.1,9.0,1.56,4093
way/228285211,28.1,27.2,1.16,235859
way/228285213,18.0,17.1,1.47,14859
way/228285214,17.0,16.3,1.69,12080
way/228285216,18.7,17.7,1.21,23596
way/228285217,17.5,16.4,1.32,31511
way/228285218,26.8,25.6,1.42,136112
way/228285219,16.3,16.2,1.44,17437
way/228285220,18.4,18.3,1.3,74427
way/228286744,11.9,11.5,1.88,599
way/228286745,12.7,12.2,1.76,9428
way/228286746,14.7,13.2,1.83,6975
way/228286747,13.6,12.9,1.73,8713
way/228286748,13.8,13.1,1.69,5975
way/228287768,29.3,25.4,1.9,231617
way/228287769,19.4,17.7,2.87,23746
way/228287770,19.1,18.5,2.29,11288
way/228287771,18.6,18.0,2.71,8384
way/228287772,20.1,18.6,2.86,27016
way/228287773,18.6,17.9,2.7,11061
way/228287774,19.9,19.4,2.73,10391
way/228287775,20.3,18.9,2.85,27044
way/228287776,19.7,19.2,2.74,10332
way/228287777,20.2,19.1,2.85,33399
way/228287778,18.5,17.9,2.69,12343
way/228287779,18.8,18.2,2.6,11487
way/228287780,21.5,19.1,1.94,11559
way/228287781,28.4,20.5,2.63,43898
way/228287782,21.3,20.6,1.95,19174
way/228290004,14.9,14.6,1.88,11800
way/228290007,15.9,15.1,2.09,7669
way/228290008,16.4,14.3,1.94,7835
way/228290010,15.5,14.6,2.1,9599
way/228290012,15.4,14.2,1.97,9516
way/228290014,15.6,14.8,2.09,5148
way/228290015,15.3,14.7,2.14,19505
way/228313886,17.8,17.8,1.78,23740
way/228313887,21.6,18.7,1.36,120568
way/228313889,30.1,17.9,2.25,77352
way/228313890,22.3,21.2,1.92,141204
way/228313891,23.5,14.5,2.15,471978
way/228313892,22.5,20.2,1.96,231684
way/228313893,19.8,19.7,1.92,229548
way/228313895,15.3,14.8,-0.05,11788
way/228313899,16.5,15.0,0.18,20450
way/228313901,13.8,13.2,1.61,13048
way/228313902,22.5,18.6,1.18,32997
way/228313904,13.6,13.0,1.8,12790
way/228313906,14.3,13.7,1.2,14715
way/228313907,13.7,13.1,1.8,15046
way/228313908,18.9,18.8,0.79,22280
way/228370932,23.8,23.6,9.01,11203
way/228370933,18.7,18.6,7.23,3597
way/228544066,17.2,15.4,-0.35,49635
way/228705547,14.4,9.2,12.31,72287
relation/3063317,19.6,19.6,11.4,10661
way/228705568,19.0,16.1,11.5,87326
way/228705574,9.2,8.0,11.46,49470
way/228705576,16.8,15.2,10.66,63498
way/228705583,15.6,14.5,13.68,25621
way/228705585,11.1,9.0,12.0,49813
way/228705592,15.9,14.9,13.11,52326
way/228705595,5.1,5.1,13.57,913
way/228762029,18.1,15.4,2.52,8927
way/228762030,15.5,14.2,1.79,9290
way/228762031,15.3,14.4,1.75,23461
way/228762032,15.7,14.8,1.73,11222
way/228762033,15.9,15.0,1.72,9725
way/228762034,16.0,15.1,1.69,9735
way/228762035,18.9,18.8,1.58,30397
way/228762036,14.4,14.4,1.59,9647
way/228762037,15.2,14.4,1.57,9246
way/228762038,16.0,14.5,1.52,6423
way/228762039,18.3,17.2,2.38,8114
way/228762040,16.7,15.6,1.51,11306
way/228762041,18.6,18.0,2.16,8882
way/228762042,17.0,15.9,2.07,9791
way/228762043,15.3,14.8,1.8,12822
way/228762044,18.6,17.7,1.73,46169
way/228762045,18.1,17.4,1.81,12545
way/228762046,14.4,13.9,1.85,14725
way/228762047,17.7,9.1,1.66,4837
way/228762048,14.9,14.9,1.94,11748
way/228762049,15.8,15.6,1.16,460339
way/228762050,14.8,14.3,1.97,5067
way/228762051,5.8,5.8,1.24,21955
way/228762052,14.7,14.2,1.97,3721
way/228762053,14.7,13.1,1.29,84998
way/228762054,6.0,5.9,1.15,20021
way/228762055,18.9,17.7,1.18,69061
way/228762056,20.0,18.8,2.16,27027
way/228762687,13.6,13.6,3.64,105432
way/228762688,13.5,13.5,3.66,62078
way/228762689,5.8,5.8,5.08,6467
way/228762690,13.7,13.7,4.41,70190
way/228762691,5.2,5.2,2.74,12318
way/228762692,4.9,4.8,4.74,378
way/228762915,21.0,19.8,1.21,164859
way/228763220,23.5,22.4,1.32,123730
way/228818583,8.6,7.3,11.02,3075
way/228818586,24.8,21.6,8.79,36930
way/228818589,17.3,16.2,10.09,15667
way/228818592,17.5,16.9,8.45,54429
way/228818595,14.3,14.1,8.34,70481
way/228818600,18.5,16.3,8.87,30789
relation/3066228,20.3,20.2,10.19,68180
way/228966387,26.6,22.4,7.18,436726
way/228966388,23.0,21.9,5.34,108599
way/228966389,17.2,17.1,4.95,35545
way/228966390,17.3,17.2,5.07,35199
way/228968677,21.3,21.2,6.89,76098
way/228968679,19.3,19.2,6.93,103811
way/228968680,14.3,13.6,5.88,28721
way/228968681,19.8,18.8,5.94,108593
way/228968682,17.8,17.0,5.57,94900
way/228968683,17.1,16.2,5.64,48174
way/228968684,19.0,18.9,5.45,10399
way/228968685,21.6,20.5,7.01,75028
way/228968686,11.1,10.1,5.52,46843
way/228968687,21.6,19.8,7.13,252343
way/228968689,26.7,22.9,6.58,133592
way/229049442,14.4,12.7,1.35,105982
way/229049443,19.3,16.4,1.72,72888
way/229049444,17.1,15.0,1.54,69501
way/229049445,16.4,14.7,1.09,97816
way/229057382,26.9,21.9,1.48,954782
way/229057384,9.7,9.0,1.11,10136
way/229057385,15.9,15.0,1.77,11847
way/229057386,15.4,14.8,1.67,9603
way/229057387,15.4,14.8,1.69,8327
way/229057388,18.1,11.1,1.45,22676
way/229057389,9.3,8.8,1.94,13616
way/229057390,15.4,14.8,1.74,10054
way/229057391,15.4,14.7,1.72,11829
way/229057392,15.3,15.1,1.58,36556
way/229057393,12.1,12.0,1.64,8049
way/229057395,9.7,9.7,1.82,18088
way/229057396,6.4,6.0,2.12,19332
way/229057397,12.8,12.8,1.57,104610
way/229057481,22.1,21.2,1.4,207158
way/229057482,17.3,17.3,1.79,22966
way/229061148,15.5,14.8,2.36,8850
way/229061151,16.3,15.6,2.39,6597
way/229061152,16.5,15.9,2.35,7796
way/229061153,16.8,16.1,2.36,13882
way/229061154,16.7,16.0,2.36,16116
way/229061155,15.1,14.1,2.21,13477
way/229061156,14.7,14.2,1.98,7241
way/229061157,12.0,11.4,1.92,5564
way/229061158,13.7,12.2,1.92,7122
way/229061159,13.1,13.1,1.89,3735
way/229061160,15.8,15.5,1.88,4853
way/229061161,14.9,14.2,1.97,6290
way/229061162,16.3,15.2,2.11,45129
way/229061164,13.6,12.1,2.56,26705
way/229061165,15.3,13.2,1.62,6231
way/229061166,15.8,14.8,2.29,10578
way/229061167,16.3,15.4,2.02,11146
way/229061168,13.6,12.5,1.64,10837
way/229061169,11.3,11.3,1.85,6111
way/229061170,13.5,12.2,1.74,12908
way/229142470,15.9,14.8,2.98,104178
way/229142471,14.5,14.3,2.53,198607
way/229142472,15.6,4.2,0.57,1709
way/229142474,17.8,17.7,0.78,17444
way/229142477,5.1,5.1,2.1,8118
way/229142479,15.3,14.2,3.44,86309
way/229142481,16.8,16.7,13.25,13567
way/229316740,15.8,14.8,11.53,81592
way/229316741,16.4,16.4,11.36,53376
way/229316745,18.4,15.1,7.74,29355
way/229316746,14.0,13.0,9.18,18065
way/229316747,14.0,12.9,8.5,79441
way/229316749,14.2,14.2,6.64,32786
way/229316750,17.5,16.2,8.06,70114
way/229316751,18.9,17.8,11.12,75537
way/229316754,14.0,10.8,8.71,235804
way/229316755,11.9,11.1,11.5,70392
way/229316756,14.5,13.1,8.6,229645
way/229316757,20.3,16.3,7.36,213684
way/229316758,16.8,15.8,10.39,66556
way/229316759,13.8,12.9,8.68,25083
way/229316761,15.8,14.8,11.51,68341
way/229316762,18.2,16.7,11.04,100006
way/229316764,21.4,20.1,7.16,248448
way/229316765,16.2,14.7,9.31,139241
way/229316766,18.6,17.6,11.04,44164
way/229316767,17.8,16.8,10.8,38042
way/229316768,27.0,21.2,10.0,660988
way/229316771,18.2,17.2,11.25,79452
way/229316772,17.0,15.9,8.03,28370
way/229316773,15.1,15.0,7.31,33277
way/229316774,16.1,14.9,8.07,81115
way/229316775,14.0,13.6,7.37,105663
way/229316776,20.4,20.4,7.35,261270
way/229316779,15.3,14.5,10.98,27410
way/229316780,20.9,18.3,10.43,138873
way/229316781,20.0,17.9,9.03,382832
way/229316782,13.0,12.2,9.55,152981
way/229316783,14.2,13.2,10.08,28411
way/229316784,18.2,17.0,8.32,25590
way/229316788,15.7,14.6,11.46,43552
way/229316789,18.0,16.6,8.6,72145
way/229316791,18.3,17.3,11.33,103768
way/229316792,16.0,14.9,10.91,24136
way/229323329,11.5,11.1,14.0,11244
way/229323330,20.8,20.2,11.82,4445
way/229323331,11.9,11.8,13.31,104958
way/229323334,13.1,10.6,13.83,63845
way/229323340,12.9,12.2,14.27,36520
way/229323343,14.6,13.2,14.15,43051
way/229323344,12.1,11.0,13.06,56578
way/229323345,14.0,13.9,13.4,169638
way/229323347,10.1,10.0,11.96,41800
way/229323349,14.3,10.7,13.97,82730
way/229323350,8.9,8.8,14.52,91351
way/229323359,13.7,13.1,14.24,42367
way/229323363,19.4,14.7,15.29,6428
way/229327833,18.7,18.6,3.93,4091
way/229337305,15.9,14.4,5.87,18097
way/229337306,22.2,21.1,8.64,24578
way/229337308,14.9,8.1,7.07,61238
way/229376149,13.1,12.4,16.74,241
way/229376152,12.9,11.8,16.78,412
way/229376154,15.5,14.1,15.68,1490
way/229456553,10.1,10.0,16.64,87
way/229456554,18.3,16.1,15.32,963
way/229456555,10.5,9.8,16.56,154
way/229456556,13.9,13.0,15.53,117
way/229456557,9.9,9.7,16.56,198
way/229456558,16.1,15.5,16.4,323
way/229456559,13.2,11.8,15.72,148
way/229456560,13.4,11.7,15.72,234
way/229456561,15.3,14.3,14.19,4420
way/229456562,11.8,11.0,16.61,152
way/229456563,15.1,13.6,15.39,264
way/229456564,11.1,10.9,16.6,99
way/229456566,14.7,13.9,16.01,1471
way/229456567,14.4,13.6,16.63,148
way/229456568,14.0,10.3,14.68,91850
way/229577978,22.3,21.7,1.49,214591
way/229577979,18.5,17.5,1.12,42572
way/229577980,18.3,17.9,0.55,175691
way/229577982,18.9,8.4,1.37,178608
way/229577985,18.9,16.3,0.3,117746
way/229577986,12.9,12.8,1.49,70617
way/229577987,18.6,17.5,1.09,46652
way/229577988,24.1,21.6,5.0,377490
way/229577990,26.2,23.3,1.48,719597
way/229577991,24.0,21.4,1.82,657347
way/229658255,19.8,19.6,11.91,18611
way/229658257,23.5,22.1,9.82,44687
way/229658258,19.2,17.9,12.04,9662
way/229658259,20.5,20.1,9.54,94813
way/229658260,19.4,17.9,11.96,25199
way/229658261,15.8,14.4,9.32,70886
way/229658262,20.8,20.4,11.24,23129
way/229658264,19.0,17.7,11.7,7853
way/229658265,15.5,14.4,9.0,64032
way/229658266,21.3,20.6,10.51,97430
way/229658267,21.1,20.7,10.98,20295
way/229658268,21.3,21.0,10.19,71931
way/229658269,20.9,20.5,10.55,62197
way/229876288,19.3,18.9,2.53,31651
way/229876289,19.6,19.1,2.35,44724
way/229999813,13.6,13.5,13.98,34493
way/229999814,15.7,15.1,12.98,91768
way/229999815,15.5,14.8,12.91,18032
way/229999817,16.9,16.8,9.73,19128
way/229999818,11.0,11.0,9.3,7999
way/229999819,14.5,8.8,13.42,13284
way/229999821,9.8,9.0,14.45,81803
way/229999822,16.2,14.7,8.96,125898
way/229999825,8.9,8.0,12.31,288140
way/229999826,14.4,14.4,13.45,44917
way/229999827,16.6,15.5,13.01,81144
way/229999829,14.1,13.1,11.91,47589
way/229999830,8.5,8.5,12.03,16285
way/229999831,17.3,17.2,10.79,176763
way/229999832,14.4,14.4,12.89,73435
way/230026937,15.9,15.6,12.58,51413
way/230026938,20.3,19.9,4.85,235614
way/230026939,30.2,26.5,10.55,334635
way/230026941,9.4,8.6,7.43,247980
way/230026942,22.6,22.5,10.03,275434
way/230026944,16.6,16.5,4.89,4212
way/230026946,17.4,14.4,8.76,343238
way/230026947,24.8,24.7,11.01,163103
way/230026951,25.0,23.3,9.21,238018
way/230026952,20.0,18.8,6.2,108894
way/230101024,18.9,18.3,3.35,11070
way/230101025,19.1,17.9,3.22,10474
way/230101026,18.1,18.1,2.04,64991
way/230101027,19.6,19.5,2.42,90896
way/230101028,20.5,18.9,3.13,42747
way/230101029,19.5,18.2,3.27,14150
way/230101030,19.5,18.4,3.27,15435
way/230101444,18.6,17.9,3.25,8635
way/230101445,19.4,18.7,3.14,24685
way/230101446,14.9,14.8,2.82,32934
way/230101514,17.9,16.7,2.04,129628
way/230132669,17.3,16.8,6.98,136636
way/230132670,23.9,21.5,7.08,85779
way/230132671,12.3,10.7,8.6,25139
way/230132672,16.5,16.0,5.34,9745
way/230132673,19.7,17.8,9.65,86782
way/230133865,19.2,18.0,3.11,13795
way/230134192,19.1,17.9,2.87,3965
way/230134472,18.5,17.9,4.05,28064
way/230134524,18.3,17.5,4.53,7242
way/230143023,22.8,17.4,2.47,399999
way/230143024,15.6,15.1,3.47,14877
way/230143026,14.7,14.3,3.45,7268
way/230145866,16.2,15.5,11.19,6984
way/230145867,19.2,16.8,9.45,45116
way/230145868,11.6,11.4,6.36,313672
way/230145869,23.0,20.8,7.92,290165
way/230145870,22.3,18.5,11.74,191139
way/230145872,15.1,13.9,8.76,38738
way/230145873,16.1,16.0,7.23,20424
way/230145874,13.1,11.9,11.05,31605
way/230145875,18.8,17.8,4.59,59813
way/230145877,15.3,14.5,9.17,89934
way/230145878,14.8,14.1,11.53,39721
way/230145879,18.8,17.6,11.19,43885
way/230145880,17.6,16.6,5.62,227466
way/230145881,15.3,14.6,11.06,70406
way/230356665,11.8,11.1,7.49,17425
way/230357177,14.5,13.7,7.35,13032
way/230357178,8.8,8.1,7.47,27454
way/230357689,9.8,9.8,7.61,46027
way/230357690,10.7,10.6,7.72,3344
way/230423395,19.9,18.4,1.68,18312
way/230479371,17.3,16.5,9.05,14499
way/230479372,17.5,16.9,8.83,9625
way/230479373,16.3,6.6,8.59,49676
way/230479374,17.0,16.1,9.02,15705
way/230479375,17.1,16.6,9.09,10671
way/230479376,16.4,10.7,8.71,110600
way/230479377,17.3,16.1,8.95,14628
way/230479378,17.2,16.5,9.2,4903
way/230479379,17.1,11.0,8.48,57542
way/230479380,17.2,16.2,9.14,7414
way/230479381,18.6,8.5,9.21,50049
way/230479382,18.5,16.7,9.41,13992
way/230479569,11.0,10.4,9.03,3147
way/230479570,14.5,13.7,8.97,5295
way/230479571,14.5,13.8,9.31,7271
way/230479572,17.6,16.9,9.08,14037
way/230481804,19.5,18.9,11.34,8774
way/230481805,20.2,19.4,10.01,12118
way/230481806,20.3,19.6,10.0,11997
way/230481807,20.3,19.4,10.02,10720
way/230481808,20.5,19.7,10.04,9145
way/230481809,20.6,19.7,9.95,8257
way/230481810,20.4,19.6,9.94,7956
way/230481811,20.6,19.9,9.82,6119
way/230481812,20.7,19.3,10.45,11618
way/230481813,20.5,18.7,10.28,17550
way/230481814,20.6,19.2,10.06,18136
way/230481815,21.1,20.3,9.81,11108
way/230481816,21.0,20.2,10.81,11734
way/230481817,21.6,20.5,10.37,15697
way/230481818,20.3,19.2,10.84,11012
way/230481819,19.7,18.7,11.04,9241
way/230481820,20.1,19.1,10.97,6353
way/230481824,22.4,22.3,10.54,151054
way/230484825,9.1,8.4,-0.33,9485
way/230484826,9.0,8.0,-0.32,15824
way/230484827,9.9,9.1,-0.09,8124
way/230551390,24.2,24.2,1.05,267812
way/230551391,12.7,11.4,1.17,41862
way/230551392,28.3,22.2,1.42,267182
way/230551393,14.8,13.4,0.81,22205
way/230551394,14.8,14.3,1.23,58736
way/230551395,14.7,14.6,0.85,59760
way/230566032,27.1,17.8,8.89,407595
way/230566036,27.9,27.4,7.59,390262
way/230566037,16.9,16.2,9.09,11241
way/230566038,15.2,14.7,8.72,5293
way/230566039,19.9,16.7,8.55,40809
way/230566041,14.3,13.7,9.24,7306
way/230566042,14.4,13.9,9.17,8551
way/230566043,11.9,11.9,8.95,6215
way/230566044,15.6,14.9,8.9,15753
way/230566045,13.3,13.3,8.74,9387
way/230566046,15.2,14.5,8.93,10222
way/230566047,17.2,16.0,8.67,16190
way/230566048,15.9,15.8,8.71,11799
way/230566049,14.8,13.6,8.71,3806
way/230566050,11.0,10.8,8.67,14200
way/230566051,16.5,15.6,9.32,12697
way/230566862,10.0,9.3,7.49,14967
way/230566863,17.4,14.6,8.07,136270
way/230566864,6.6,6.0,7.58,17264
way/230566865,15.1,11.3,7.58,49456
way/230567943,10.4,9.0,7.88,29537
way/230567946,26.4,25.9,6.64,670193
way/230567947,10.9,10.8,7.5,6966
way/230567948,17.9,16.5,7.15,18823
way/230567950,17.2,15.7,7.97,21765
way/230567952,17.3,15.6,7.63,21230
way/230567953,14.0,13.3,7.61,12256
way/230567954,12.9,11.8,8.37,19025
way/230567955,14.5,14.5,8.48,26902
way/230567956,8.8,8.7,7.94,8591
way/230567958,13.5,13.5,8.15,14891
way/230567959,12.3,12.0,7.26,54283
way/230568525,21.8,19.2,8.82,50575
way/230569648,15.7,15.0,8.89,7965
way/230569650,15.4,14.7,8.84,5300
way/230569652,17.0,16.9,8.62,14813
way/230569654,11.6,11.2,9.09,11597
way/230569656,17.5,17.2,9.01,29566
way/230612993,21.6,18.8,7.21,159263
way/230613008,23.4,22.5,7.05,210463
way/230613106,13.0,12.4,8.97,77931
way/230613179,15.8,14.6,6.84,31069
way/230614049,16.5,15.5,6.29,13889
way/230614050,19.7,19.6,6.64,79520
way/230614051,15.2,15.2,6.72,66594
way/231006253,6.8,6.2,11.77,785
way/231082829,26.2,24.4,2.99,106899
way/231082830,18.7,15.9,2.96,11108
way/231082831,16.6,16.2,3.03,7130
way/231082832,17.0,16.4,3.84,8224
way/231082833,14.8,14.6,4.64,12949
way/231082834,17.1,15.3,4.07,2237
way/231082835,18.2,16.5,3.24,75051
way/231082837,19.6,19.6,3.8,51711
way/231082838,21.5,20.5,4.94,37044
way/231082839,18.8,17.2,5.14,238440
way/231082840,23.9,19.9,6.94,551931
way/231082842,22.2,19.2,5.5,306206
way/231082843,25.4,16.8,7.69,1043456
way/231082846,15.2,14.5,8.05,21197
way/231082847,20.3,18.3,7.88,220229
way/231082848,8.0,7.1,8.01,50685
way/231082849,22.1,20.6,8.24,1384760
way/231112845,17.2,16.4,8.12,14351
way/231112846,16.8,16.2,8.39,19180
way/231112847,16.7,16.0,8.58,16063
way/231112848,26.2,26.1,10.24,221980
way/231112849,15.5,14.9,8.67,9630
way/231112850,14.9,14.4,7.97,4602
way/231112851,15.6,9.9,8.81,21930
way/231114820,16.8,16.1,10.57,73379
way/231114821,14.4,12.7,10.38,241707
way/231119447,15.8,14.8,14.26,10429
way/231119455,9.3,8.0,14.52,1372
way/231119461,6.8,6.3,14.4,596
way/231119469,11.0,7.9,14.06,7798
way/231119474,9.8,8.7,13.3,2264
way/231119528,7.4,5.3,13.02,206
way/231119530,8.6,7.0,11.59,165
way/231119534,4.8,4.2,13.57,149
way/231125555,42.0,40.5,3.67,258943
way/231134438,18.2,17.4,6.43,12098
way/231134439,18.3,17.5,6.31,11691
way/231134442,20.2,20.1,6.13,38196
way/231134446,18.5,17.6,6.29,8723
way/231134449,19.4,17.8,6.51,31500
way/231134451,21.1,20.3,6.04,34230
way/231134455,22.5,19.3,6.14,40496
way/231134459,20.0,16.8,6.21,19883
way/231140801,19.1,17.9,6.75,18982
way/231140802,20.5,19.4,6.11,24063
way/231140803,20.3,19.2,6.53,26637
way/231140804,21.4,20.3,5.61,25033
way/231140805,20.3,18.7,6.4,41277
way/231140806,20.1,18.8,6.71,23711
way/231140807,20.1,19.0,6.58,19610
way/231140808,20.5,19.1,6.57,25455
way/231140809,20.6,19.7,6.26,28281
way/231140810,22.4,21.2,6.47,66601
way/231140811,20.5,19.4,6.36,35997
way/231140812,23.3,22.5,3.14,8863
way/231140813,21.7,20.8,5.02,8561
way/231140814,20.2,18.8,6.67,17330
way/231140815,20.8,20.1,5.2,11459
way/231140816,20.3,19.4,6.33,24173
way/231140817,21.9,21.0,5.03,17079
way/231140819,10.3,9.1,6.4,26042
way/231154811,20.7,19.8,6.55,73197
way/231157563,18.8,17.8,4.71,30102
way/231157564,19.6,18.2,4.79,39667
way/231157566,20.8,19.5,4.01,35432
way/231157568,18.6,17.5,4.35,24093
way/231157569,19.1,17.8,4.5,38816
way/231192201,18.9,18.0,4.01,28588
way/231192202,15.4,14.8,4.01,12575
way/231192203,15.3,14.9,3.62,13302
way/231192204,15.3,15.0,3.87,15448
way/231192205,15.0,14.4,3.92,10528
way/231192206,15.3,14.6,3.99,12689
way/231192207,19.6,19.3,4.25,210960
way/231192208,16.4,15.5,4.3,23135
way/231199021,16.4,15.6,10.04,15121
way/231199022,16.4,14.3,10.39,25391
way/231199023,17.7,17.7,10.18,17674
way/231199024,21.0,19.1,8.87,10237
way/231199025,19.7,18.3,9.56,39567
way/231199026,16.4,15.7,10.08,15844
way/231199027,19.7,18.4,8.87,21434
way/231199028,20.5,19.3,9.56,36066
way/231199029,19.2,18.4,7.95,29894
way/231199030,13.1,12.3,7.84,104550
way/231199031,26.3,23.2,10.03,101227
way/231199032,25.8,25.5,10.05,153973
way/231199033,21.5,20.4,10.17,30951
way/231199034,27.0,26.3,9.74,38047
way/231199035,22.1,20.8,9.5,28921
way/231199036,24.8,23.4,14.28,27504
way/231199037,24.2,22.6,14.2,194
relation/17816371,30.8,26.3,10.02,520450
way/231211917,22.4,19.2,3.34,141637
way/231234867,18.8,18.6,2.92,14824
way/231237286,19.1,16.6,1.36,180295
way/231245952,17.9,16.4,10.46,5687
way/231245953,21.4,20.0,9.55,109472
way/231245954,21.3,19.5,10.18,43015
way/231245955,22.2,20.7,9.57,70939
way/231245956,17.8,16.0,10.62,6062
way/231245958,19.3,18.1,10.26,17018
way/231245960,18.8,17.6,10.3,11468
way/231250677,22.1,21.8,4.13,155390
way/231250678,17.5,17.0,3.45,19672
way/231250679,17.4,16.7,3.76,8789
way/231250680,17.2,16.6,3.94,18474
way/231254631,18.9,17.8,9.39,18861
way/231254632,18.8,18.1,8.49,16476
way/231254634,18.8,17.8,8.81,20370
way/231254635,17.7,14.4,8.56,31241
way/231254636,9.9,9.5,9.37,107388
way/231254637,19.4,18.5,7.58,13849
way/231254638,19.6,18.6,8.53,20463
way/231254639,18.5,17.4,7.72,21247
way/231254640,19.1,17.9,8.74,25716
way/231254641,19.2,18.2,7.64,18923
way/231265715,20.1,19.7,3.57,40896
way/231340189,14.3,13.6,3.51,32576
way/231340192,18.8,13.8,1.95,197114
way/231340193,16.1,15.3,2.92,13900
way/231340195,16.9,16.4,2.96,16709
way/231340196,15.4,14.5,3.75,17496
way/231340197,16.3,15.2,1.67,10907
way/231340199,16.1,15.5,3.62,11318
way/231340200,16.1,15.3,2.98,14771
way/231340201,14.6,13.9,1.44,12544
way/231340202,16.5,15.4,1.49,12695
way/231340203,8.4,7.5,0.85,18450
way/231340204,15.2,14.6,2.15,9867
way/231340207,14.8,14.0,2.58,25969
way/231340208,16.9,16.3,2.97,12868
way/231340209,14.6,13.9,1.53,13213
way/231340210,16.2,15.4,2.83,11949
way/231340211,17.3,16.6,3.51,25647
way/231340212,16.4,15.2,1.67,11386
way/231340213,16.1,12.4,1.12,133428
way/231340215,14.6,14.0,1.54,13160
way/231340216,17.6,16.7,3.49,14567
way/231340217,7.9,7.9,0.85,11248
way/231340218,17.2,16.7,3.35,16008
way/231340220,16.2,15.4,2.87,12516
way/231340221,13.8,13.1,0.65,35645
way/231340222,14.7,14.1,1.46,16643
way/231340223,16.1,14.2,1.4,43168
way/231340224,8.3,7.6,0.78,20853
way/231340225,14.9,14.2,1.23,16595
way/231340226,13.9,13.3,0.55,31309
way/231340227,15.9,14.5,1.88,18376
way/231340228,15.0,14.4,1.08,17991
way/231340230,14.4,13.8,2.96,10777
way/231340231,14.8,13.8,2.79,42547
way/231340233,16.1,15.5,3.68,14583
way/231340234,16.7,16.6,3.07,22944
way/231340235,15.6,14.7,3.45,16131
way/231340236,14.6,13.9,1.38,34653
way/231340237,14.6,13.9,1.55,20580
way/231340238,17.1,16.6,3.49,12106
way/231340239,10.4,9.5,0.92,86398
way/231340240,14.6,13.8,1.55,11201
way/231340241,8.5,7.4,0.99,11597
way/231340242,8.2,6.9,0.86,17677
way/231340243,7.7,7.6,0.91,17947
way/231340246,17.2,15.8,0.89,66430
way/231436272,17.0,16.3,3.7,12308
way/231436273,21.1,20.1,3.09,37267
way/231436276,19.6,18.5,3.75,25280
way/231436281,17.5,16.9,1.22,58911
way/231436284,21.4,20.6,1.29,36807
way/231551374,17.2,16.6,3.88,7050
way/231551375,8.6,7.7,2.87,6873
way/231551376,16.3,15.2,3.66,19470
way/231551377,18.9,17.9,4.16,20801
way/231551378,19.0,18.1,4.08,22665
way/231551379,18.5,17.4,4.44,21717
way/231551380,16.8,15.7,3.8,12346
way/231551381,17.7,16.8,2.93,12964
way/231551382,17.9,16.9,3.51,14592
way/231551383,17.8,17.0,3.11,13777
way/231551384,19.2,17.9,2.56,13255
way/231551385,19.1,10.1,3.52,48403
way/231551386,19.3,18.3,3.56,16927
way/231551387,18.9,17.4,3.81,27920
way/231551388,16.7,16.4,3.61,48798
way/231551389,15.0,14.3,3.61,34908
way/231551390,18.2,17.1,4.7,65597
way/231551392,14.5,14.5,3.46,7072
way/231793851,28.9,20.3,11.38,58230
way/231793852,14.2,11.8,12.64,3001
way/231793853,9.3,9.3,13.0,7877
way/231794608,10.9,10.7,3.13,393596
way/231794885,6.3,5.7,14.58,1744
way/231971497,9.7,8.6,6.75,20996
way/231971498,9.2,8.5,6.59,17885
way/231971499,6.0,5.3,7.07,11027
way/231971500,9.5,8.5,6.48,40721
way/231971501,9.1,8.4,6.71,33492
way/232012709,18.8,18.1,6.48,7208
way/232012710,19.4,18.3,6.58,8201
way/232012711,18.7,17.9,6.57,6886
way/232012712,18.7,18.0,6.46,6365
way/232012713,13.3,11.1,6.1,73425
way/232012714,8.6,8.0,6.25,28653
way/232012715,18.6,17.8,6.59,6175
way/232012716,19.2,18.6,6.53,2053
way/232017731,9.6,8.6,6.63,6464
way/232017732,9.4,8.5,6.64,3224
way/232017733,9.4,8.5,6.64,3402
way/232017734,9.4,8.5,6.64,3606
way/232017735,9.4,8.5,6.62,3993
way/232017736,9.6,8.7,6.59,4394
way/232017737,9.5,8.6,6.59,4764
way/232017738,9.5,8.6,6.59,4226
way/232017739,9.6,8.7,6.6,3581
way/232017740,9.5,8.5,6.63,3719
way/232017741,9.5,8.5,6.61,3409
way/232017742,9.6,8.6,6.5,2923
way/233034039,20.7,18.6,2.24,202559
way/233104278,20.3,19.1,7.31,23955
way/233104279,22.3,21.1,7.96,21744
way/233104280,20.2,19.3,7.94,28885
way/233104281,20.6,19.7,7.94,25569
way/233104282,21.7,20.7,6.68,22568
way/233104283,21.6,20.6,6.04,18921
way/233104284,19.8,19.1,7.01,19473
way/233104285,20.9,19.4,7.68,33962
way/233104286,19.9,19.0,7.62,15287
way/233104288,22.1,20.8,6.73,21243
way/233104289,21.1,20.2,6.39,26305
way/233104290,20.5,19.5,8.04,24256
way/233104291,20.2,19.2,7.0,9342
way/233104292,20.0,19.0,7.24,9602
way/233104293,21.2,20.7,6.13,20899
way/233104294,19.9,19.1,7.7,28067
way/233104295,20.8,19.6,7.83,27999
way/233104296,19.4,18.1,8.43,33659
way/233104297,20.1,19.0,7.72,29370
way/233104298,19.8,18.9,7.81,26688
way/233104299,20.1,18.9,7.7,29550
way/233104300,20.3,19.2,7.78,25001
way/233104301,20.2,19.3,7.74,30214
way/233104302,20.3,19.1,7.65,30812
way/233104303,19.7,18.8,7.89,26460
way/233104305,21.0,20.1,6.42,21690
way/233104307,21.7,20.5,6.84,27256
way/233104308,22.0,20.1,7.78,23961
way/233104309,21.0,20.1,6.43,27967
way/233104310,21.3,20.6,6.52,38649
way/233217785,9.6,8.6,9.23,26369
way/233217786,17.0,17.0,9.37,10918
way/233217787,17.9,16.9,9.4,16532
way/233217789,19.0,18.1,8.15,15332
way/233217790,14.9,13.6,9.63,152464
way/233243884,8.7,7.8,9.17,98618
way/233243885,9.2,8.4,9.37,16682
way/233243886,7.9,7.8,9.33,51079
way/233243887,8.9,8.0,9.24,25641
way/233243888,8.8,8.1,9.31,16669
way/233243889,8.9,8.1,9.34,17443
way/233243890,11.6,10.9,9.18,55533
way/233248398,18.2,17.3,10.19,17035
way/233248399,18.2,17.3,10.15,16817
way/233487757,14.8,13.5,1.74,306695
way/233487759,18.0,14.9,1.24,250520
way/233487761,18.2,17.5,1.11,15405
way/233487763,19.7,18.9,0.51,21058
way/233487765,17.7,17.0,1.64,17113
way/233487766,8.6,7.3,1.51,11749
way/233487767,18.2,17.3,1.03,24603
way/233487769,18.0,17.2,1.38,16023
way/233487771,18.6,17.9,0.99,16865
way/233487773,17.8,17.1,1.61,13776
way/233487775,16.8,16.2,1.3,6018
way/233487777,18.5,17.7,0.99,14813
way/233487779,18.2,17.6,1.22,15526
way/233487781,18.5,17.8,0.98,15657
way/233487783,18.0,17.2,1.65,15071
way/233487785,17.0,16.1,1.21,7285
way/233487787,18.4,17.5,1.03,27961
way/233487789,18.3,17.6,1.18,15242
way/233487790,18.3,17.6,1.18,18694
way/233487791,18.6,18.0,0.72,9492
way/233487793,17.2,16.5,0.98,8220
way/233487795,18.3,17.5,0.99,27592
way/233487900,19.0,18.1,0.55,19572
way/233488196,14.4,13.0,1.81,29181
way/233489903,16.9,16.2,2.0,27915
way/233489904,20.7,19.4,-0.28,15478
way/233489905,19.0,18.0,1.02,17238
way/233489906,19.8,18.6,-0.19,26537
way/233489907,16.7,12.1,2.09,38146
way/233489908,19.1,17.9,0.98,22897
way/233489909,17.0,16.2,1.96,17376
way/233489910,16.9,16.1,2.1,18961
way/233489911,19.0,18.1,1.07,15697
way/233489912,18.3,16.7,1.63,28327
way/233489915,18.5,17.6,1.77,8385
way/233489924,18.4,17.2,1.65,11120
way/233489960,14.9,13.9,1.61,32373
way/233489961,18.5,16.2,1.51,134166
way/233493662,23.8,16.1,1.73,289710
way/233493800,16.8,16.0,1.81,11733
way/233493801,16.8,16.2,1.82,20909
way/233493803,7.7,7.4,2.19,7979
way/233493804,16.0,12.6,1.97,83430
way/233493805,10.5,7.6,1.86,137447
way/233516827,14.3,12.3,1.91,130091
way/233516828,12.8,11.7,1.89,75225
way/233516829,15.9,15.4,1.72,12786
way/233516830,14.1,14.1,1.81,9715
way/233518055,40.2,37.1,2.0,398589
way/233518056,28.1,27.8,3.83,233616
way/233622124,16.6,15.1,1.97,99985
way/233622126,14.6,13.6,2.24,4995
way/233622127,14.7,13.6,2.24,5031
way/233622130,14.7,13.6,2.26,4947
way/233622132,14.6,13.5,2.27,4814
way/233622133,11.8,11.8,2.18,25700
way/233622135,18.7,14.7,1.63,98763
way/233622136,15.0,13.9,2.22,17804
way/233622137,18.8,14.7,1.43,448243
way/233666288,13.3,12.2,1.24,24538
way/233666289,23.5,22.1,1.34,285747
way/233666290,12.5,12.3,1.21,6504
way/233666291,12.5,10.6,1.24,3392
way/233666292,27.5,24.9,1.41,337522
way/233668838,9.4,9.4,1.85,9479
way/233668839,18.1,8.7,2.62,11301
way/233668840,18.1,7.8,2.64,8203
way/233668841,15.9,12.7,2.79,21644
way/233668842,19.4,9.2,2.6,9128
way/233668843,24.2,10.5,2.57,9606
way/233668844,24.4,10.5,2.58,8887
way/233668845,13.9,10.8,2.73,12299
way/233668846,14.0,11.0,2.68,5741
way/233668847,9.4,9.1,1.9,6866
way/233668848,19.4,18.7,2.32,79020
way/233668849,15.3,14.4,2.73,12748
way/233668850,14.1,11.5,2.76,12122
way/233668851,5.6,5.3,1.76,1151
way/233668852,9.4,5.9,1.52,21578
way/233668853,10.4,9.2,1.56,33243
way/233668854,9.5,9.5,1.75,19528
way/233672445,22.8,19.8,2.53,2409923
way/233672446,14.7,13.3,2.07,225048
way/233672447,16.8,15.1,2.16,11747
way/233672448,16.3,16.3,2.23,23176
way/233718291,20.0,19.3,0.44,102408
way/233718292,20.1,19.4,0.39,110327
way/233718293,19.9,19.2,0.1,105964
way/233718294,20.2,19.6,0.6,72619
way/233718295,18.5,17.8,1.58,112013
way/233728405,17.7,16.8,1.43,24717
way/233728406,20.4,19.8,-0.41,17038
way/233728407,19.6,18.4,-0.28,25301
way/233728408,18.6,17.5,1.04,19048
way/233728409,19.8,18.7,-0.29,17529
way/233728410,20.4,20.3,0.38,15693
way/233728411,21.0,20.9,-0.22,16571
way/233728412,19.1,18.0,-0.25,13726
way/233790930,19.3,19.3,1.99,15926
way/233790935,24.6,19.6,2.11,33542
way/233790936,23.5,19.9,2.02,57159
way/233790937,25.0,22.7,1.97,132201
way/233790938,20.1,19.5,2.07,22822
way/233790939,18.4,15.9,1.83,8596
way/233790941,22.1,21.7,2.08,31358
way/233790942,20.5,18.4,1.87,13588
way/233790943,23.0,22.8,2.02,68798
way/233790944,23.8,22.6,1.65,257930
way/233790945,19.6,19.5,1.99,14788
way/233791355,17.7,16.6,1.47,41942
way/233791356,16.7,16.1,1.48,16991
way/233791357,22.1,16.8,1.49,20006
way/233791358,15.7,14.2,2.18,6750
way/233791359,22.7,21.9,2.21,9887
way/233791360,7.8,7.2,1.77,21446
way/233791361,14.8,14.2,2.05,6884
way/233791362,16.9,16.8,1.38,40229
way/233791363,20.6,18.4,1.47,20292
way/233792251,16.0,15.9,1.33,40847
way/233792254,9.3,6.5,1.4,23106
way/233797901,15.9,15.8,1.75,15421
way/233797902,14.7,14.2,2.1,41024
way/233797903,15.9,15.8,1.72,14835
way/233797904,14.5,14.5,2.14,26120
way/233797906,23.1,15.8,1.86,28934
way/233797907,15.9,15.8,1.72,13844
way/233797909,16.0,15.4,1.57,10936
way/233797910,16.1,15.4,1.61,12307
way/233797911,15.8,15.7,1.79,33253
way/233797912,16.2,15.7,1.82,25201
way/233797913,16.6,14.0,2.24,69415
way/233797914,16.3,12.3,2.16,28899
way/233797915,17.1,16.6,1.7,21935
way/233797916,13.9,11.2,1.85,22883
way/233801730,17.2,16.4,1.39,16373
way/233801731,17.2,16.3,1.44,22084
way/233801732,8.3,6.5,1.4,25786
way/233801733,17.1,16.3,1.42,19501
way/233801734,17.3,16.5,1.39,13082
way/233801735,16.5,15.9,1.41,16968
way/233801736,17.2,16.4,1.41,22657
way/233801737,18.2,17.6,1.41,35880
way/233801738,17.0,16.4,1.38,16371
way/233804852,18.4,17.6,1.51,5796
way/233804853,18.1,17.4,2.0,57843
way/233804854,17.0,17.0,1.6,87691
way/233804855,18.0,12.8,1.31,6373
way/233804856,18.6,17.7,1.53,11629
way/233804857,17.3,13.9,1.63,5036
way/233804858,17.3,17.3,1.44,4458
way/233804859,18.8,18.0,1.57,17607
way/233804860,14.3,13.9,1.95,5795
way/233804861,18.1,17.4,1.63,6707
way/233804862,17.5,16.9,1.64,14184
way/233804863,18.2,17.5,1.55,5157
way/233804864,15.3,14.6,1.33,8032
way/233804865,15.0,14.1,1.86,6416
way/233804866,17.1,14.8,1.59,726264
way/233804867,18.7,17.7,1.35,6550
way/233804868,18.9,18.1,1.42,705
way/233804869,18.6,17.7,1.3,9027
way/233804870,18.2,17.6,1.6,6688
way/233804871,14.6,14.0,1.73,57530
way/233804872,18.5,17.7,1.32,7202
way/233804874,15.7,14.9,1.63,15407
way/233804875,18.0,17.5,1.63,7883
way/233804877,18.3,17.6,1.57,6443
way/233804878,18.8,17.7,1.57,5593
way/233804880,17.9,16.8,1.62,8312
way/233804881,16.1,14.5,1.6,9916
way/233804882,18.4,17.6,1.47,28117
way/233804973,12.6,10.8,1.37,26625
way/233807370,22.2,20.0,12.36,30952
way/233807372,22.0,21.6,12.32,4974
way/233807373,18.3,17.7,13.48,941
way/233807374,17.1,16.5,14.41,1690
way/233807375,19.0,17.6,13.29,2299
way/233807376,18.4,17.8,13.26,1318
way/233807377,19.1,18.2,12.74,1924
way/233807378,19.0,17.7,12.74,1787
way/233807379,14.7,14.2,14.09,957
way/233807380,19.6,18.9,12.65,2107
way/233807381,19.6,18.8,12.66,1382
way/233807382,20.5,20.1,13.58,1993
way/233807383,22.9,18.8,12.07,30784
way/234082876,17.6,16.9,8.98,10777
way/234082877,14.0,13.8,8.96,22540
way/234082878,17.5,16.8,9.15,10718
way/234082880,18.3,17.6,6.87,4032
way/234082881,17.9,16.7,7.01,4775
way/234082882,17.4,16.8,7.52,11473
way/234107819,22.8,14.4,1.39,33268
way/234107820,18.9,17.9,6.1,8434
way/234107821,17.5,16.8,7.55,9203
way/234107822,18.3,17.7,6.78,6119
way/234107823,17.9,17.0,7.03,7956
way/234107824,20.9,20.0,4.01,9009
way/234107825,17.4,16.5,7.7,15518
way/234107826,18.2,17.6,7.14,7252
way/234452803,19.4,17.0,7.54,237036
way/235444332,9.4,8.6,13.16,225
way/235444333,8.1,6.8,14.25,571
way/236524084,21.6,19.9,4.04,34523
way/236524085,28.4,24.5,4.81,48412
way/236524086,16.0,15.1,2.84,17909
way/236524087,17.8,17.2,4.01,35512
way/236524090,18.3,17.6,2.34,55807
way/239725708,18.3,17.3,12.16,61481
way/242193574,20.9,20.2,4.0,175841
way/243022013,24.3,21.0,4.43,1552021
way/244227455,12.0,11.1,2.33,20975
way/244227457,11.3,10.6,2.4,10657
way/244227458,11.0,10.9,2.5,22480
way/244227460,16.8,15.4,3.27,253303
way/244227464,14.0,13.6,2.59,2027
way/244227465,15.4,14.7,2.78,7872
way/244227467,13.9,13.9,2.68,5180
way/244227469,15.2,14.6,2.66,4651
way/244227470,14.1,14.0,3.61,91702
way/244928630,15.0,14.2,7.87,10835
way/244989694,13.2,12.5,1.54,13803
way/244989695,12.5,8.3,1.46,31670
way/244989696,12.6,9.1,1.49,23227
way/244989697,12.5,11.5,1.49,23478
way/244989698,12.5,12.0,1.55,11537
way/244989701,15.4,14.8,1.49,36519
way/244989703,12.7,12.6,1.51,17903
way/244989706,10.1,8.3,1.39,43288
way/244989707,12.9,12.4,1.51,25746
way/245000587,16.7,15.8,2.22,15314
way/245000589,15.9,14.7,1.12,7372
way/245000590,16.5,15.7,1.43,10755
way/245000592,15.9,15.5,1.87,13697
way/245000593,15.5,15.2,2.19,11737
way/245000594,12.9,12.9,2.19,12895
way/245000596,18.6,17.2,1.85,43645
way/245001414,18.9,18.1,14.36,2805
way/245001415,18.6,17.6,14.43,3939
way/245001416,18.5,17.7,14.45,3936
way/245001417,18.6,17.8,14.41,2817
way/245001419,18.5,17.6,14.44,4447
way/245001420,18.8,17.7,14.46,6616
way/245001421,19.5,18.3,14.05,8754
way/245001422,19.5,18.3,14.08,8841
way/245001424,19.4,18.4,14.13,11130
way/245001425,18.9,17.9,13.93,10791
way/245001426,18.8,18.0,14.24,7272
way/245001427,18.8,17.9,14.21,5899
way/245001428,19.5,18.8,13.68,5776
way/245001429,19.0,18.4,14.06,6633
way/245002719,17.0,15.7,13.22,21160
way/245002721,17.0,15.7,13.25,20902
way/245002724,10.8,10.0,12.27,20129
way/245002725,17.2,16.0,13.78,21391
way/245002727,18.8,17.7,13.67,58578
way/245002728,17.8,16.9,14.04,13599
way/245002730,18.9,18.3,14.03,43455
way/245002895,14.0,13.3,2.59,10039
way/245002896,13.8,13.0,2.6,10295
way/245009663,16.1,15.3,1.67,1979
way/245009664,16.1,15.2,1.73,1764
way/245009665,16.1,15.3,1.74,3916
way/245009666,16.0,15.2,1.72,3103
way/245009667,16.2,15.3,1.7,2850
way/245009668,16.1,15.2,1.67,4004
way/245009669,16.1,15.3,1.65,2764
way/245009670,16.1,15.3,1.62,1768
way/245042239,12.2,11.6,1.84,50815
way/245123956,20.0,18.4,1.79,91439
way/245124093,19.3,16.3,1.71,28089
way/248987106,15.7,14.6,2.01,107475
way/248987107,15.5,14.6,2.18,157834
way/249012029,15.1,14.3,2.84,728759
way/249042279,22.1,21.3,7.76,36217
way/249042280,22.9,21.8,7.06,30603
way/249042286,20.4,19.5,7.24,16715
way/249042287,20.0,19.1,7.48,21624
way/249158775,19.1,18.5,8.1,19381
way/249158776,17.6,17.0,9.56,15900
way/249158777,19.0,18.1,9.42,20149
way/249158778,19.0,18.5,9.45,13774
way/249158779,18.8,18.1,9.53,22812
way/249158780,17.4,16.5,9.8,18793
way/249158781,19.5,17.9,9.35,11778
way/249158782,17.9,16.8,9.33,19108
way/249158783,18.0,17.3,9.4,12021
way/249158784,18.1,17.4,9.22,9285
way/249158785,18.1,17.3,9.28,10109
way/249158786,17.6,16.9,9.8,8800
way/249158787,17.6,17.1,9.29,10835
way/249158788,17.5,16.7,9.23,11069
way/249158789,17.6,16.2,9.37,16239
way/249158790,17.7,17.0,9.24,9979
way/249158791,17.6,16.8,9.23,13025
way/249158792,17.5,16.8,9.48,7490
way/249158793,19.6,17.8,8.84,6831
way/249162817,17.4,16.7,8.73,10537
way/249163025,17.2,16.6,8.73,8787
way/249164692,18.0,17.3,10.0,19600
way/249164918,18.9,18.2,9.3,6364
way/249165573,19.1,18.3,9.13,5211
way/249165574,18.9,18.2,9.33,5979
way/249166261,16.8,16.0,9.98,39226
way/249166752,17.6,16.4,9.31,8674
way/249186268,17.6,16.5,10.05,22866
way/249186269,18.8,17.3,9.34,14826
way/249186270,18.1,17.3,9.08,12499
way/249186271,19.8,18.8,9.18,17629
way/249186272,19.5,18.5,9.31,17055
way/249186273,19.4,18.4,8.83,12105
way/249186274,19.3,18.5,9.34,11395
way/249186275,19.9,18.8,8.12,12778
way/249186276,19.6,19.4,8.99,16003
way/249186277,18.9,17.8,9.31,15308
way/249186278,17.4,16.5,9.55,12291
way/249186279,17.1,16.4,9.67,8675
way/249186280,17.8,16.9,9.43,6466
way/249186281,17.9,17.3,9.18,9388
way/249186282,18.1,16.9,9.89,21231
way/249186283,18.5,16.7,9.47,14766
way/249186284,18.4,16.9,9.46,3977
way/249191050,16.8,16.3,10.13,39988
way/249196119,8.1,8.0,10.21,8395
way/249196120,15.1,14.3,10.15,14083
way/249196121,15.0,14.2,10.07,22617
way/249196558,16.5,16.3,10.07,45279
way/249210745,18.5,12.9,1.59,54296
way/249210746,18.2,12.1,1.56,71136
way/249210747,20.5,19.4,1.96,55160
way/249210748,20.6,8.7,1.5,19327
way/249210749,16.2,15.8,1.68,29356
way/249210750,19.8,1.8,1.64,3618
way/249210751,19.0,12.9,1.63,28437
way/249210752,18.9,10.0,1.6,3603
way/249210755,21.2,20.6,2.04,16789
way/249210756,19.2,18.2,1.58,9684
way/249210757,20.8,20.4,1.65,34057
way/249211375,14.4,13.8,6.51,10402
way/249211606,12.0,9.6,10.13,12537
way/249212453,18.4,8.9,8.04,55297
way/249212454,14.3,14.2,7.49,20655
way/249212455,15.9,15.1,6.85,10663
way/249212456,15.2,11.8,7.11,29781
way/249212457,12.6,12.1,7.02,11989
way/249212458,15.9,10.4,8.21,55308
way/249212459,15.7,14.6,7.57,24903
way/249212460,14.5,14.5,7.05,14488
way/249212461,17.0,15.7,7.82,22972
way/249212462,16.7,13.7,8.34,46344
way/249212463,15.1,14.0,7.33,9084
way/249212464,16.1,15.2,6.87,13941
way/249212479,12.5,11.8,10.15,13595
way/249212480,13.4,12.6,10.15,24088
way/249212894,15.2,13.7,9.9,19784
way/249213109,17.9,14.3,7.7,179769
way/249213110,18.6,16.9,7.41,18426
way/249213111,11.7,11.0,8.61,1995
way/249213112,11.0,10.5,8.64,3074
way/249213113,20.8,19.7,8.14,7684
way/249213115,11.0,10.5,8.69,2975
way/249213116,10.6,10.2,8.62,5665
way/249213117,19.6,18.6,8.44,9084
way/249260466,11.0,8.8,7.07,14060
way/249260467,11.7,11.2,7.09,8043
way/249260468,15.7,14.9,6.84,20185
way/249260469,14.5,14.4,6.95,6781
way/249260470,16.0,15.2,7.04,8281
way/249260471,11.0,10.5,7.11,8007
way/249260473,11.6,11.5,7.12,3408
way/249260474,14.8,14.7,6.9,9124
way/249260475,19.5,16.2,6.79,210167
way/249260477,15.8,14.7,7.07,14673
way/249260478,14.0,13.5,6.97,5430
way/249260480,13.8,13.6,7.06,11032
way/249260481,17.7,16.4,6.88,13520
way/249260886,19.9,18.5,7.03,14664
way/249263083,24.3,20.9,6.53,56802
way/249263084,17.8,16.7,7.39,29427
way/249263085,15.0,13.0,5.28,39915
way/249263086,16.1,16.1,6.9,14977
way/249263087,17.4,16.7,6.76,15834
way/249263088,15.7,14.5,7.53,3803
way/249263089,18.1,17.0,6.95,15322
way/249263090,17.4,16.7,6.8,32573
way/249263091,20.5,18.7,7.15,17311
way/249263092,16.3,15.8,6.54,24513
way/249263093,17.5,16.7,6.84,15309
way/249264644,12.2,11.6,6.69,11174
way/249264646,17.3,15.4,6.59,60951
way/249268180,18.2,17.3,5.19,20600
way/249268181,22.0,21.9,4.89,42549
way/249335638,21.2,20.2,11.88,10389
way/249335640,21.5,20.5,11.89,5741
way/249335641,21.1,19.9,11.81,9157
way/249335643,19.4,18.6,11.79,5503
way/249335645,19.7,18.9,11.6,4971
way/249335647,19.7,19.0,11.44,5199
way/249335649,19.7,19.0,11.42,4803
way/249335651,19.9,19.1,11.2,4646
way/249335653,19.6,18.8,11.47,5001
way/249335655,18.6,18.0,11.48,3833
way/249335657,18.5,17.8,11.52,4103
way/249335659,19.1,18.3,11.82,4537
way/249335661,19.2,18.3,11.83,4443
way/249335663,22.3,20.9,11.79,4597
way/249335665,22.1,20.4,11.81,5515
way/249335669,20.4,19.4,12.03,4970
way/249335671,20.8,19.6,11.71,5984
way/249340652,20.3,19.5,12.22,5601
way/249340653,20.9,20.2,11.88,5089
way/249340654,20.7,20.0,11.93,5511
way/249340655,20.5,19.6,11.85,6161
way/249340656,21.5,20.7,11.86,7617
way/249340657,21.7,20.8,11.68,8410
way/249340658,21.5,20.5,11.38,6912
way/249340659,21.6,20.6,11.38,7044
way/249341831,20.3,19.4,12.54,7094
way/249343035,20.0,19.2,11.55,2647
way/249343036,19.9,19.2,11.51,3001
way/249343037,19.9,19.2,11.55,2771
way/249343038,20.0,19.3,11.56,2867
way/249343039,20.0,19.4,11.55,3041
way/249343040,19.8,19.1,11.57,3000
way/249343041,19.8,19.1,11.67,2911
way/249343042,19.9,19.0,11.54,3649
way/249343043,19.6,18.8,11.61,3173
way/249343044,20.1,19.2,11.38,3764
way/249343045,19.8,19.0,11.48,3152
way/249343046,20.1,19.4,11.67,3738
way/249343047,19.2,18.4,11.89,3540
way/249343048,21.6,20.7,11.79,3663
way/249343995,20.5,19.9,11.19,4325
way/249343996,19.9,19.2,11.71,4848
way/249350597,20.3,19.6,11.63,5036
way/249350598,20.6,19.6,11.76,7493
way/249350599,20.0,19.2,11.88,5378
way/249350600,20.0,19.1,11.74,6134
way/249350601,20.3,19.4,11.67,5754
way/249350602,20.4,19.5,11.61,5808
way/249350603,20.0,19.1,11.52,5760
way/249350604,20.4,19.5,11.51,6803
way/249350605,20.5,19.6,11.49,6779
way/249350606,20.3,19.5,11.46,6205
way/249350607,20.9,19.7,11.17,8892
way/249350609,21.3,20.7,10.36,6817
way/249350610,21.4,20.8,10.11,7375
way/249355095,20.6,19.6,9.89,14916
way/249355096,20.8,19.4,9.89,10991
way/249355097,20.6,19.1,10.09,11605
way/249355098,19.5,18.5,10.51,15690
way/249355099,19.8,18.7,10.24,15199
way/249355100,19.5,18.4,10.85,12263
way/249355101,19.2,18.0,10.84,13474
way/249355102,19.4,18.3,10.82,11865
way/249355103,18.9,17.9,11.37,11872
way/249355104,18.7,17.5,11.36,16150
way/249355403,19.5,18.6,10.68,9990
way/249355404,20.0,19.1,10.24,9063
way/249355405,19.0,18.3,11.05,10102
way/249355406,20.0,18.9,10.15,11087
way/249355407,18.5,17.4,11.75,9970
way/249355408,19.9,19.0,11.6,9605
way/249356528,21.1,19.6,9.69,20508
way/249356843,22.2,19.0,9.72,53917
way/249362210,20.6,19.8,11.6,12654
way/249362211,20.9,20.1,11.26,8847
way/249362212,20.9,19.9,11.14,13438
way/249362214,21.1,20.2,11.01,12599
way/249362215,20.5,19.6,11.65,9610
way/249362216,20.5,19.6,11.68,8116
way/249362217,20.3,19.4,11.76,9222
way/249362218,20.2,19.3,11.84,9465
way/249362219,20.1,19.2,11.9,10713
way/249362220,20.1,19.2,11.9,9988
way/249372103,20.0,19.2,11.92,9075
way/249372104,20.3,19.6,11.9,7263
way/249372105,19.5,18.5,12.31,21808
way/249372106,19.8,19.0,12.33,12693
way/249372107,20.0,19.1,12.27,10620
way/249372108,20.1,19.3,11.95,8349
way/249372109,21.6,19.4,11.92,7550
way/249372110,20.2,19.4,11.93,8327
way/249379675,17.1,16.3,8.48,53762
way/249386843,17.8,16.9,8.25,14470
way/249386844,18.0,17.1,7.99,10605
way/249386845,18.2,17.5,8.1,8451
way/249386846,17.6,16.8,8.55,8369
way/249386849,17.6,16.9,8.1,9544
way/249386850,16.8,16.2,8.87,12022
way/249388744,17.7,17.0,8.13,6440
way/249388745,16.8,16.4,9.17,3673
way/249402442,18.2,17.4,7.68,13257
way/249402444,19.8,19.1,6.01,8864
way/249402446,19.4,18.8,6.4,8601
way/249502431,18.4,17.1,9.64,2757
way/249502432,17.8,16.8,9.74,3844
way/249519588,18.2,17.3,11.77,7081
way/249519589,18.8,18.0,11.11,3581
way/249567548,20.1,19.2,9.88,11443
way/249567549,18.5,17.6,11.09,6606
way/249567551,18.4,17.6,11.21,6457
way/249572950,19.6,18.7,10.97,7207
way/249572951,20.8,19.9,9.56,7948
way/249572952,18.6,17.7,10.93,7295
way/249572953,20.0,19.1,9.43,7358
way/249572954,19.6,18.7,10.05,7492
way/249572955,19.8,18.8,9.88,8744
way/249572956,18.6,17.8,10.39,8223
way/249572957,18.5,17.7,10.3,9142
way/249572958,18.5,17.9,9.94,9842
way/249574660,18.6,17.8,10.4,20734
way/249574661,18.8,18.0,9.79,8610
way/249574662,18.4,17.5,10.11,12374
way/249574663,18.4,17.3,10.14,15688
way/249574664,19.4,18.4,9.41,11042
way/249574665,19.5,18.4,9.43,12223
way/249574666,19.2,18.2,9.62,13127
way/249574667,19.4,18.4,9.37,14278
way/249574668,20.1,19.1,8.94,12791
way/249574669,19.5,18.5,9.41,9435
way/249585580,23.0,22.8,11.19,11756
way/249585581,21.0,20.5,10.21,4232
way/249603042,19.5,18.4,10.93,11234
way/249613479,17.6,16.7,9.83,12611
way/249613481,18.4,17.3,10.05,17726
way/249613482,17.6,16.6,9.89,16978
way/249613483,17.0,16.4,10.34,11841
way/249613484,18.4,17.2,9.91,16383
way/249613485,17.8,17.0,9.84,11509
way/249613486,18.0,17.2,10.12,13707
way/249613487,18.3,17.5,9.96,11530
way/249613489,19.9,19.1,9.5,14262
way/249613490,19.8,19.0,9.57,10856
way/249613491,19.0,18.2,10.55,13329
way/249613492,19.1,18.2,10.25,12430
way/249613494,19.5,18.7,9.74,10338
way/249613495,18.8,18.1,10.55,11271
way/249671444,17.2,16.7,8.38,7601
way/249688195,20.7,20.0,9.84,7382
way/249695600,20.7,19.5,12.06,7484
way/249750495,19.4,18.6,8.2,5847
way/249750497,19.4,18.7,8.28,5703
way/249750499,19.7,19.0,7.91,6362
way/249752633,19.2,18.3,7.75,7287
way/249752634,18.7,17.7,7.91,7065
way/249752635,18.5,17.6,8.49,9115
way/249754084,17.4,16.5,8.93,17207
way/249754086,17.7,16.6,9.04,8178
way/249754089,18.0,16.5,8.81,5614
way/249754090,17.8,17.1,8.93,4641
way/249754092,17.5,16.6,8.94,5744
way/249754093,18.9,17.1,8.93,5084
way/249754982,17.6,16.7,8.92,3992
way/249754983,17.9,17.0,9.05,5114
way/249754984,18.0,17.1,8.79,4625
way/249754985,18.1,17.1,8.82,5950
way/249754986,17.5,16.6,9.2,5946
way/249754987,17.7,17.0,8.7,6317
way/249755049,16.9,16.0,9.46,7627
way/249785464,16.8,16.0,9.45,5406
way/249785466,16.9,15.9,9.46,6880
way/249785468,16.6,16.0,9.48,4730
way/249785470,14.7,11.0,9.5,21800
way/249785472,15.0,11.6,9.46,9890
way/249785474,9.6,9.0,9.37,14356
way/249785476,20.4,20.3,8.48,5190
way/249793233,15.3,14.8,9.5,3708
way/249899835,18.0,17.2,9.62,13813
way/250034339,19.5,18.8,8.06,18137
way/250078254,20.2,19.1,4.38,20822
way/250078255,20.2,19.6,4.31,20902
way/250078256,19.9,18.6,4.1,26039
way/250107541,15.8,15.3,10.38,5057
way/250126303,18.7,18.0,8.28,10355
way/250126305,18.8,18.1,7.83,5271
way/250126306,21.7,20.7,7.91,6265
way/250126307,21.8,20.9,7.79,7394
way/250126308,18.7,18.0,7.89,7132
way/250126310,18.7,18.0,7.86,6651
way/250126311,18.7,18.0,7.88,5755
way/250126312,18.1,17.4,7.86,7708
way/250126314,18.2,17.4,7.68,9683
way/250126315,18.1,17.6,7.72,6062
way/250126317,18.7,18.1,7.13,5996
way/250126320,18.4,17.6,7.84,7525
way/250126322,18.5,17.8,7.73,8370
way/250126324,19.4,18.4,7.7,9080
way/250126325,19.6,18.9,7.72,8638
way/250126327,19.6,18.9,7.69,14147
way/250126328,19.1,18.5,7.77,13792
way/250126329,19.4,18.8,7.8,14460
way/250126333,19.9,19.3,7.71,12106
way/250202358,18.0,17.1,7.72,6531
way/250264175,18.1,17.2,7.59,5175
way/250264176,18.1,17.3,7.57,7200
way/250264177,18.8,17.9,6.9,7508
way/250264178,17.1,15.8,7.59,4988
way/250264179,16.9,15.0,7.61,6644
way/250264180,17.4,16.0,6.88,12229
way/250264181,16.5,15.3,7.78,5402
way/250264182,16.5,15.9,8.0,5128
way/250264183,16.7,16.1,7.79,4836
way/250264184,18.3,17.3,7.76,5922
way/250264185,18.1,16.8,7.81,7017
way/250264186,18.3,17.4,7.71,6496
way/250264187,18.2,17.4,7.76,6603
way/250264188,18.2,17.3,7.64,5957
way/250264189,18.4,17.5,7.54,5920
way/250264190,18.5,17.6,7.32,7931
way/250264191,18.8,17.9,7.18,10216
way/250264192,18.7,17.8,7.34,11059
way/250264195,18.5,17.9,8.05,8216
way/250264196,17.1,16.4,7.83,5928
way/250264197,17.4,16.8,7.32,4630
way/250264198,17.9,17.2,6.94,14058
way/250264199,19.9,18.9,5.34,6494
way/250265741,23.9,23.3,1.32,4752
way/250265742,16.4,15.8,7.72,4729
way/250273315,19.1,18.4,7.6,7049
way/250273316,18.6,17.9,7.37,7451
way/250278637,19.8,18.8,7.78,19873
way/250279697,17.8,8.4,7.56,12006
way/250279698,18.2,17.3,7.59,4607
way/250285122,12.5,12.0,3.55,8652
way/250285123,12.8,11.9,3.54,6173
way/250285124,13.3,12.0,3.55,6249
way/250285125,12.4,11.9,3.54,8049
way/250285126,13.3,12.4,3.59,9840
way/250285127,12.5,12.2,3.59,10934
way/250285128,11.6,11.6,3.6,20438
way/250294134,16.5,15.9,12.26,3148
way/250294135,16.7,16.0,12.23,2772
way/250294136,16.7,15.9,12.29,3225
way/250294139,15.9,15.4,12.27,3348
way/250294144,16.1,15.6,12.15,3491
way/250294147,17.3,16.8,12.02,13765
way/250294150,17.6,17.0,11.9,13620
way/250294153,18.2,17.5,11.79,12074
way/250294156,17.8,17.1,11.99,11536
way/250294158,18.0,17.2,11.96,9695
way/250294161,18.1,17.2,12.09,8215
way/250294163,18.4,17.4,11.89,7761
way/250294164,17.7,17.0,12.18,8056
way/250294165,17.6,16.9,12.21,7539
way/250294166,17.4,16.5,12.44,5668
way/250294167,17.8,17.0,12.29,7114
way/250294168,17.7,16.9,12.23,9165
way/250294169,18.9,18.0,11.08,7444
way/250294170,18.2,17.3,12.07,7148
way/250294171,17.9,16.9,12.03,7195
way/250294172,17.8,16.8,11.86,9551
way/250294173,19.1,18.3,11.86,7714
way/250294174,19.9,19.0,11.81,7968
way/250294175,19.7,18.6,11.74,8280
way/250294176,19.3,18.4,12.02,6031
way/250294177,19.4,18.5,11.91,5986
way/250294178,19.6,18.7,12.42,7989
way/250304296,22.5,22.5,10.71,11616
way/250304297,22.8,22.8,10.46,6819
way/250304298,22.5,14.7,11.62,32053
way/250304299,16.8,16.0,12.44,7658
way/250304300,16.8,16.0,12.43,6522
way/250304301,16.6,15.9,12.43,7273
way/250304302,18.1,17.4,12.49,9910
way/250304303,18.3,17.6,12.38,7759
way/250304304,18.3,17.8,12.11,10385
way/250304305,18.1,17.4,12.26,12035
way/250304306,23.4,18.7,11.92,36678
way/250304307,23.4,22.7,10.81,13055
way/250304308,22.6,22.5,10.74,10941
way/250304309,21.5,20.9,11.73,11326
way/250304310,21.5,21.4,11.73,6930
way/250331602,18.6,17.6,9.81,20098
way/250331603,20.0,18.8,9.68,33122
way/250331604,14.8,14.3,10.32,9237
way/250331605,14.4,13.8,10.76,8058
way/250331606,14.8,14.2,10.4,6752
way/250331607,14.0,13.4,10.36,8753
way/250331608,17.3,16.6,10.26,11552
way/250331609,13.0,11.9,10.51,13525
way/250331610,8.3,7.9,10.34,11358
way/250331611,10.5,8.1,10.57,12227
way/250338240,20.5,14.5,8.91,109594
way/250345927,12.7,12.0,10.69,15803
way/250345931,13.3,12.0,10.68,26632
way/250359473,18.9,18.3,9.72,10235
way/250359474,19.2,18.3,9.36,13516
way/250359475,19.2,18.3,9.3,10208
way/250359476,19.4,18.6,9.27,12981
way/250359477,19.3,18.5,9.37,13981
way/250359480,18.3,17.6,10.31,9080
way/250359482,24.5,22.1,9.72,68165
way/250501865,16.1,15.2,2.27,11447
way/250501866,15.7,9.1,2.11,41585
way/250501867,15.6,15.5,2.34,7153
way/250501869,18.5,15.7,2.41,9086
way/250501870,20.8,18.1,2.42,16450
way/250501872,21.1,18.3,2.48,10965
way/250501874,16.3,15.2,2.25,8366
way/250501876,16.9,15.0,1.88,16451
way/250501878,15.3,2.7,1.92,9811
way/250501880,16.8,15.6,2.19,7363
way/250501881,17.7,15.4,2.19,7890
way/250501882,20.7,16.9,2.55,33841
way/250501883,17.2,16.8,2.59,11959
way/250501884,16.3,8.0,1.95,57002
way/250501886,16.2,15.3,2.56,11272
way/250501887,17.2,16.4,1.67,37671
way/250501891,16.6,6.9,1.65,38198
way/250501895,17.2,16.5,1.68,47533
way/250501898,16.0,15.9,2.2,14549
way/250501900,16.2,16.0,2.2,16316
way/250501901,16.5,16.0,2.12,10297
way/250501902,16.3,16.2,1.95,12293
way/250501903,18.9,16.2,1.92,11893
way/250501904,16.8,15.6,2.4,11660
way/250501905,15.9,14.2,2.44,8418
way/250502976,18.1,16.1,2.58,35058
way/250504039,20.6,20.0,2.06,31690
way/250504040,24.6,22.7,2.04,15882
way/250504041,25.2,22.5,2.15,263279
way/250504238,24.0,21.4,2.42,64138
way/250504239,19.2,18.5,2.53,47123
way/250511839,19.2,18.1,2.59,32627
way/250511840,18.8,16.4,2.61,9830
way/250513296,16.8,15.5,2.09,24701
way/250522977,23.2,12.9,0.95,183586
way/250534293,16.2,15.2,1.44,38975
way/250534294,16.8,15.4,1.46,16432
way/250534295,19.9,19.4,1.88,7042
way/250534296,22.4,19.4,1.77,4565
way/250554905,17.2,16.5,14.22,1053
way/250554916,15.3,15.0,13.13,36
way/250554919,15.0,14.3,13.78,452
way/250554924,15.7,14.8,13.25,1084
way/250559397,19.0,18.1,12.32,1046
way/250559398,19.5,18.6,12.34,1486
way/250559399,19.2,18.3,12.65,1480
way/250559400,19.3,18.6,13.13,1604
way/250559401,18.8,18.1,13.81,1429
way/250559402,18.8,18.1,13.87,1651
way/250559403,18.9,18.1,14.0,1768
way/250559404,19.8,18.9,13.49,1930
way/250559405,18.8,18.0,14.21,1945
way/250718204,19.1,18.2,3.99,33245
way/250718205,19.6,18.3,4.12,18303
way/250718206,19.4,18.3,4.29,13571
way/250718207,19.4,18.3,4.32,12951
way/250718210,20.0,18.8,4.89,191195
way/250718211,20.7,18.9,5.11,22369
way/250718212,19.9,18.7,5.52,23993
way/250718214,17.6,16.0,3.44,219868
way/250720712,18.1,13.9,3.22,321563
way/250734259,21.0,19.8,13.87,7242
way/250734260,20.2,19.0,13.44,17389
way/250734261,20.5,16.8,13.95,8810
way/250734262,23.0,21.1,13.77,15756
way/250734263,17.6,17.6,14.07,15301
way/250734264,19.3,18.3,14.8,19396
way/250734265,19.2,18.2,14.83,1424
way/250738636,21.4,19.8,5.55,30990
way/250738637,22.1,20.9,3.39,8473
way/250738638,21.1,19.8,4.63,7720
way/250738639,22.0,21.0,3.35,8765
way/250738640,20.6,19.4,4.93,11902
way/250738641,24.3,11.6,7.4,109735
way/250738642,15.6,12.8,8.77,26786
way/250743756,17.3,16.8,7.18,40866
way/250743757,19.9,18.5,6.63,7388
way/250743758,21.0,19.4,5.5,17754
way/250743759,21.3,20.0,5.45,17530
way/250743760,18.2,18.0,5.14,10744
way/250743761,19.0,18.2,5.71,11739
way/250946063,23.5,19.0,1.19,284743
way/251158358,18.2,17.5,13.1,636
way/251168712,22.3,21.5,2.4,45127
way/251168713,14.9,14.4,2.64,6958
way/251168714,15.5,14.8,2.72,11364
way/251194986,19.0,17.8,2.82,13344
way/251194988,17.0,16.3,3.05,15595
way/251194989,16.5,15.4,3.54,33793
way/251194990,17.4,16.7,3.68,12899
way/251194991,19.6,16.4,2.9,79267
way/251194992,23.4,21.8,3.71,18536
way/251194993,23.1,22.4,3.86,23083
way/251198077,15.6,14.0,3.27,41815
way/251198078,14.5,13.8,3.03,22253
way/251198079,14.5,13.8,2.96,19260
way/251198080,16.0,15.0,2.85,20681
way/251198081,14.6,14.5,2.71,19663
way/251198082,14.5,14.5,2.66,16724
way/251198083,14.4,14.4,2.56,12522
way/251202616,8.6,8.0,7.44,3405
way/251202617,8.7,8.0,7.22,6905
way/251202827,8.1,7.8,7.8,7073
way/251202828,9.8,9.2,7.46,19886
way/251203135,15.4,15.3,8.25,103165
way/251204549,19.0,17.5,2.07,422612
way/251384536,18.6,17.7,1.45,40928
way/251400320,16.6,16.5,7.27,110652
way/251400321,18.5,14.2,7.53,1809
way/251400322,14.3,14.3,7.49,1230
way/251400325,13.9,13.8,8.75,9844
way/251400326,13.9,13.8,8.74,11243
way/251404898,16.5,15.8,5.01,2529
way/251404901,17.0,16.3,6.34,3878
way/251516631,24.9,23.8,5.65,61240
way/251523504,18.3,16.8,6.64,39857
way/251523505,17.7,15.4,6.68,22406
way/251523506,12.3,12.2,6.91,67295
way/251523507,12.2,12.1,7.02,31091
way/251523508,17.6,16.5,6.85,15023
way/251523509,17.9,15.2,6.77,14069
way/251523510,12.5,12.2,7.07,63095
way/251523511,17.8,16.8,5.92,40332
way/251523512,17.0,15.8,6.54,13247
way/251580554,23.0,22.2,2.76,17279
way/251580555,20.5,19.8,2.77,19161
way/251580556,25.9,22.4,3.4,290664
way/251580558,20.9,18.2,2.97,154729
way/251580559,26.5,22.7,4.17,260786
way/251580561,22.0,21.2,4.59,33764
relation/3375611,27.1,13.6,4.39,57406
relation/3375612,25.8,22.0,4.46,35187
way/251580565,16.2,15.4,4.63,7366
way/251580566,25.2,23.4,4.73,28150
way/251582620,23.1,20.9,4.57,23349
way/251584478,28.2,25.5,3.57,52636
way/251584479,23.3,22.2,3.91,75838
way/251584480,29.0,26.0,4.05,44815
way/251668341,17.9,17.1,11.98,5438
way/251668342,19.0,18.2,12.65,21753
way/251668343,19.4,18.5,13.39,2071
way/251668353,19.7,18.9,13.58,586
way/251668354,19.6,18.8,13.55,1966
way/251717993,19.2,18.0,12.17,8639
way/251717994,20.5,19.6,12.61,5149
way/251717995,21.1,20.1,12.28,9580
way/251717996,21.0,19.4,11.92,11639
way/251717997,20.9,19.6,12.17,8103
way/251717998,20.6,19.3,12.36,11602
way/251718173,18.8,17.9,12.07,8116
way/251726818,18.5,17.2,14.53,1537
way/251726820,18.0,16.9,14.96,1193
way/251726823,18.6,17.2,15.02,1364
way/251726825,17.9,16.8,14.91,1672
way/251726828,18.5,17.3,14.64,1393
way/251726830,18.2,17.1,14.41,1714
way/251726831,18.8,17.3,14.25,1113
way/251726832,17.4,13.6,14.31,549
way/251726833,11.0,2.1,14.23,342
way/251726835,17.6,16.7,14.99,1172
way/251726837,18.3,17.1,14.37,790
way/251726847,2.7,2.0,14.71,41
way/251726849,2.7,0.1,14.83,54
way/251726852,2.3,2.0,14.75,39
way/251726854,2.1,-0.2,14.85,50
way/251726861,4.4,2.0,14.86,21
way/251726864,6.7,6.5,14.82,35
way/251729402,18.6,17.5,14.44,5193
way/251729403,19.5,18.4,14.06,4484
way/251729404,19.8,18.7,13.73,5418
way/251729405,19.9,18.9,13.51,5953
way/251729406,19.1,18.0,14.49,5904
way/251729407,18.9,18.0,14.25,7986
way/251729408,19.4,18.5,14.2,8187
way/251729409,20.2,19.5,12.92,8503
way/251729410,20.2,19.4,12.92,10060
way/251729411,17.2,16.6,14.34,5028
way/251729412,16.7,16.2,14.84,2551
way/251729413,16.5,15.6,14.76,3544
way/251729414,16.9,16.1,14.72,2879
relation/3374049,18.4,18.0,5.96,440126
way/252111714,14.6,14.4,11.75,14093
way/252503773,15.1,14.5,4.06,20761
way/252503774,15.1,14.5,4.31,17772
way/252503775,14.6,13.8,3.9,25216
way/252503776,14.6,13.7,3.53,20640
way/252503777,14.7,13.9,3.16,20097
way/252503778,14.8,14.3,2.95,9229
way/252503779,15.8,14.9,2.93,7266
way/252503780,14.6,13.8,2.97,113106
way/252538955,19.6,17.6,-0.22,8820
way/252538956,16.8,16.4,-0.26,4318
way/252546119,18.5,17.1,1.66,11934
way/252546121,17.6,16.9,1.61,12535
way/252546124,17.8,17.1,1.59,12076
way/252546127,17.7,16.9,1.59,15091
way/252546129,17.7,17.0,1.43,18695
way/252546132,17.6,16.9,1.42,16860
way/252546135,18.3,17.1,1.52,12621
way/252546137,17.6,16.8,1.51,14944
way/252546140,17.8,17.0,1.5,14309
way/252546142,18.0,17.1,1.5,19323
way/252546144,19.2,17.3,1.23,16158
way/252546145,18.2,17.1,1.59,12524
way/252546147,18.3,17.2,1.5,16242
way/252546149,18.1,17.3,0.94,17559
way/252546152,19.7,18.3,0.34,15514
way/252546154,19.1,18.3,-0.11,13280
way/252546157,19.6,18.7,-0.11,14354
way/252546159,19.4,18.7,-0.15,17277
way/252786974,21.7,19.5,14.15,8197
way/252786975,20.8,19.3,14.21,16106
way/252786976,21.3,20.1,12.51,14645
way/252786977,21.9,20.7,11.7,25576
way/252786978,21.4,20.6,11.15,12983
way/252786979,21.6,20.6,10.8,16363
way/252786980,21.7,20.5,10.76,18670
way/252786981,21.7,20.6,10.79,14677
way/252786982,20.4,20.3,11.56,13586
way/252786983,20.6,19.9,11.7,14130
way/252786984,20.8,18.8,10.51,18645
way/252786985,21.0,19.4,10.62,18542
way/252786986,20.2,18.8,10.89,21016
way/252786987,20.4,19.2,10.41,24907
way/252786988,21.0,19.9,9.48,15258
way/252786989,20.8,19.5,9.69,16716
way/252786990,21.5,20.4,9.39,29140
way/252786991,23.3,20.9,8.39,14385
way/252786992,21.5,20.3,7.78,14655
way/252786993,21.7,20.6,7.78,22886
way/252786994,19.8,18.8,7.57,14106
way/252790682,20.6,19.8,8.02,28130
way/252790683,20.3,19.4,7.7,16441
way/252790684,20.4,19.4,7.27,19054
way/252790685,19.8,18.9,5.67,18258
way/252790686,20.7,19.9,6.39,20930
way/252790687,19.9,19.0,6.95,19874
way/252807598,21.4,20.2,9.09,19999
way/252807599,20.8,19.9,8.98,18131
way/252807600,20.7,19.5,8.4,24882
way/252807601,20.9,19.9,9.57,19519
way/252807602,20.7,19.5,9.85,19049
way/252807606,14.9,14.8,12.44,54311
way/252807614,22.0,20.2,12.18,46232
way/252807619,19.1,18.3,14.76,699
way/252807621,15.9,14.7,4.79,24364
way/252809417,16.7,16.6,3.78,42091
way/252809418,9.0,8.9,3.81,8863
way/252809419,16.1,14.4,3.91,7121
way/252809420,17.3,16.6,3.91,16001
way/252809421,18.1,16.9,4.06,16885
way/252809422,18.2,16.5,4.16,4987
way/252812510,17.2,15.3,3.96,7249
way/252812511,15.4,14.5,3.92,8783
way/252812512,15.5,14.6,3.93,17160
way/252812513,12.0,11.9,3.89,7662
way/252812514,13.5,13.4,3.82,9839
way/252812515,11.3,11.1,3.73,8003
way/252812516,13.8,13.3,3.67,5745
way/252812517,15.5,14.7,3.78,10456
way/252812518,15.2,14.7,3.73,11775
way/252812519,15.6,14.9,3.69,14859
way/252812520,15.5,14.7,3.71,13616
way/252812521,14.6,13.8,3.16,20749
way/252847659,22.5,21.7,10.29,26340
way/252847660,22.3,21.1,11.63,44469
way/252847661,22.5,21.5,10.19,17152
way/252847662,20.1,19.6,12.44,11990
way/252847663,19.4,19.3,12.61,17073
way/252847664,19.8,18.7,14.3,10696
way/252847665,20.7,19.2,13.39,15913
way/252847666,21.0,19.6,13.27,16038
way/252847667,20.2,18.7,12.58,17324
way/252847668,20.0,18.4,12.78,17165
way/252848356,12.9,11.7,3.06,78443
way/253534958,9.5,8.7,6.13,68881
way/254319894,9.8,9.0,1.86,42257
way/254367898,22.7,19.7,1.38,228994
way/254368633,35.2,32.8,2.19,526165
way/254368634,29.5,28.1,1.31,758097
way/254368635,35.4,33.1,1.75,710986
way/254369223,13.1,11.4,1.11,170523
way/254369225,16.6,16.6,1.36,40807
way/254369226,12.9,12.9,1.44,11589
way/254369227,16.1,16.0,1.21,145401
way/254369230,19.9,19.7,-0.17,126946
way/254369231,18.6,14.3,1.17,10512
way/254369232,17.5,13.9,0.45,14152
way/254369233,5.6,5.3,5.31,3477
way/255929081,8.9,8.1,6.73,32224
way/256117094,22.5,19.4,0.75,159304
way/256117095,19.5,19.1,0.93,96583
way/256117096,23.5,23.5,1.74,25036
way/256117097,22.5,22.0,0.97,104919
way/256117098,22.0,21.8,0.67,193595
way/256117099,29.8,26.8,2.42,54493
way/256117100,23.0,22.1,1.09,48107
way/256117101,20.9,20.9,2.33,30
way/256117102,20.3,19.1,1.09,12939
way/256321960,8.5,8.5,10.41,33862
way/256708221,18.2,16.9,2.5,18708
way/256708222,18.1,17.1,2.56,14236
way/256708224,17.9,16.7,3.42,20464
way/256708225,16.7,15.6,3.34,14913
way/256728269,18.5,17.2,1.12,223902
way/256728270,19.7,16.4,1.73,94124
way/256911797,17.8,16.4,3.84,36212
way/256911798,18.6,17.0,3.15,21320
way/256911799,17.7,16.4,3.2,24164
way/256911800,18.1,16.8,3.23,17444
way/257075318,8.0,7.3,6.63,2963
way/257075509,14.8,14.5,7.3,7009
way/257075510,21.2,19.0,7.56,72405
way/257334707,11.4,10.7,2.25,43660
way/257354062,19.6,14.7,1.94,19819
way/257354063,20.3,18.3,1.96,138941
way/257354065,17.3,15.1,2.02,39186
way/257374275,19.6,14.7,2.07,25608
way/257374276,16.7,14.8,2.08,41423
way/257374279,20.0,19.5,2.1,177455
way/257374280,19.5,19.5,2.11,24967
way/257535048,19.0,17.7,2.46,19161
way/257625721,16.1,15.2,1.36,76374
way/257772821,15.5,14.8,3.03,12879
way/257772822,14.6,13.8,3.06,12742
way/257772824,16.4,15.8,2.48,7292
way/258538908,25.7,25.5,1.53,347212
way/258538909,22.3,19.1,1.16,44219
way/258538910,10.1,9.9,0.77,16108
way/258538911,26.2,25.2,1.41,335087
way/258651046,21.2,20.0,5.57,29971
way/258651047,9.8,8.2,1.26,83354
way/259443735,19.1,18.1,1.35,75126
way/259443736,22.3,18.4,2.08,288915
way/259813013,11.8,10.5,1.47,56263
way/260168932,6.8,6.3,2.93,13005
way/260260239,19.6,10.9,5.78,108774
way/260260281,20.2,7.3,5.03,43321
way/260260282,18.7,10.5,4.99,46112
way/260260344,20.4,19.1,4.96,25317
way/260260441,20.4,19.4,4.93,17156
way/260260442,23.0,19.6,4.77,42583
way/260261079,20.5,19.8,4.73,22995
way/260269337,20.8,19.2,5.53,48426
way/260269661,21.0,15.2,5.28,109000
way/260269662,21.6,16.5,5.11,111746
way/260269663,20.4,12.7,5.01,44344
way/260272214,16.3,14.9,5.63,27240
way/260272215,16.4,15.0,5.56,57437
way/260272703,16.4,16.3,5.5,18050
way/260273047,16.5,16.4,5.49,20935
way/260273048,16.3,16.3,5.52,13993
way/260273049,16.4,16.3,5.56,17677
way/260292864,15.0,15.0,5.63,33152
way/260292866,18.2,15.5,5.69,13859
way/260298196,16.1,15.4,5.86,18224
way/260299663,15.7,15.6,5.93,10524
way/260300574,16.7,15.7,6.01,12938
way/260301162,16.1,15.1,6.13,15055
way/260302094,16.4,15.4,6.28,33054
way/260307462,16.2,15.3,6.4,10922
way/260307463,14.9,14.9,6.51,7356
way/260307464,19.4,18.5,6.69,16239
way/260308025,17.2,14.9,6.99,10258
way/260312366,17.0,16.2,7.09,12763
way/260312367,16.9,15.8,7.21,17469
way/260313484,17.1,15.9,7.14,22268
way/260313485,16.6,15.2,7.07,39525
way/260314009,15.9,15.8,6.67,13426
way/260314470,22.7,19.3,6.72,99969
way/260941803,24.5,21.6,5.34,264540
way/261110988,21.3,20.1,2.84,5319
way/261250906,21.6,20.4,2.79,26612
way/261251073,16.1,15.2,2.8,15678
way/261251212,16.2,15.4,2.84,7407
way/261251363,24.3,23.3,2.88,17794
way/261251422,26.6,23.9,2.99,32920
way/261251629,26.2,18.4,3.1,77057
way/261258939,21.8,20.5,3.27,37841
way/261260362,22.9,19.3,3.56,21601
way/261260363,20.7,20.1,3.69,18461
way/261262934,21.0,18.9,3.95,12561
way/261262935,19.3,19.0,4.18,10747
way/261262936,19.1,18.3,4.39,12865
way/261264045,22.7,14.3,3.29,47029
way/261269400,17.2,17.2,4.84,6555
way/261270518,17.3,17.1,4.88,12989
way/261270591,21.2,16.8,5.07,56598
way/262453595,8.8,8.5,1.43,173917
way/262455474,10.9,10.0,1.73,7153
way/262455475,10.8,9.9,1.71,6980
way/262455476,10.8,9.7,1.72,6632
way/262455477,10.8,9.7,1.71,5772
way/262455478,10.8,9.9,1.71,6421
way/262455479,10.9,10.1,1.67,5152
way/262455480,11.1,9.8,1.6,8199
way/262516554,30.6,23.7,4.77,794364
way/262605297,13.3,13.2,1.55,21363
way/262605298,13.3,13.2,1.54,12919
way/262898197,5.1,4.7,2.26,21452
way/262898198,11.8,11.0,2.39,79726
way/263966056,10.2,10.2,3.27,192473
way/264741791,14.5,13.2,7.14,72572
way/264741792,12.0,11.6,7.15,5465
way/264741794,13.5,12.9,7.14,10408
way/264741796,12.6,11.2,7.15,7848
way/264741797,10.7,10.5,7.22,10545
way/264741798,22.6,22.0,7.43,215908
way/264741800,8.2,8.1,7.32,20401
way/264742301,20.0,19.9,7.96,40888
way/264742302,23.2,23.1,7.95,56099
way/264774096,19.2,18.5,6.45,18774
way/264774097,19.2,18.6,6.48,18934
way/264876953,14.9,14.2,12.74,10637
way/264876955,16.1,15.2,12.58,30472
way/264876957,17.8,15.1,12.17,47642
way/264876959,11.9,11.4,11.12,60394
way/264876962,18.6,17.3,12.67,54639
way/264876965,17.0,16.7,10.53,18728
way/264876969,16.5,15.3,12.86,30660
way/264890714,24.8,23.4,7.66,97550
way/264890715,20.6,19.4,9.74,156120
way/264901065,21.6,20.9,9.23,108033
way/264901067,21.4,20.1,9.9,11017
way/264901069,16.4,15.5,8.17,75708
way/264901071,19.7,18.8,10.1,47161
way/264901994,20.3,18.9,5.03,3426
way/264927537,25.7,23.0,1.44,97931
way/264927538,23.0,23.0,1.38,91200
way/264928217,18.6,8.0,7.25,105964
way/264928219,18.3,16.4,8.36,29708
way/264928221,19.4,9.3,7.1,39011
way/264928222,18.1,16.1,8.49,26743
way/266253991,9.4,8.6,6.98,103532
way/266253992,20.7,20.0,2.58,164422
way/266253993,7.2,7.2,3.04,67836
way/266253994,8.8,8.4,2.64,127190
way/266572704,6.5,6.2,6.19,4526
way/266946934,16.5,7.3,1.85,39756
way/266948522,16.4,7.9,1.92,44337
way/266948524,16.4,8.5,1.89,62244
relation/3586976,20.9,17.4,3.17,969461
way/268303893,18.4,17.2,1.57,37208
way/268304500,17.8,17.7,1.6,13475
way/268400009,15.2,14.6,5.54,12607
way/268401785,25.4,17.8,5.63,10151
way/268550898,27.7,25.6,2.21,486112
way/268700611,22.8,20.3,5.3,125920
way/268700621,20.0,18.2,5.38,104127
way/268720637,21.6,20.1,9.44,13463
way/268836000,17.7,17.0,7.29,15905
way/268836001,17.7,17.2,7.37,7748
way/268836002,18.2,9.6,7.72,72390
way/268836003,18.0,17.3,7.66,10907
way/268836004,18.0,17.3,7.73,18673
way/268836005,18.4,16.6,7.79,75844
way/268836006,18.2,14.6,7.97,88331
way/268837279,20.4,18.4,8.15,57268
way/268837280,18.2,17.3,8.17,19427
way/268837281,19.1,17.8,8.38,106128
way/268837282,19.1,17.6,8.5,15021
way/268837717,9.1,7.8,8.98,96137
way/268843104,6.6,6.5,8.81,838
way/268843105,20.0,15.1,9.3,5104
way/268843106,14.7,14.6,9.12,7357
way/268843107,14.7,14.6,9.16,8373
way/268843108,12.1,9.2,9.25,12927
way/268844926,14.9,14.9,7.21,6982
way/268844927,17.6,17.2,6.84,11909
way/268844928,15.6,15.6,6.87,11865
way/268844929,17.0,16.5,5.65,14029
way/268844930,16.6,16.3,5.69,12372
way/268844931,18.0,17.1,5.53,37772
way/268844932,24.5,20.8,5.59,44309
way/268844933,24.7,23.3,5.66,412365
way/268846474,20.2,17.1,4.71,25904
way/268846475,20.5,15.6,5.08,142144
way/268846476,20.0,19.0,5.08,18470
way/268846477,19.2,17.8,5.22,29505
way/268846478,19.5,15.8,5.28,19358
way/268846479,17.4,16.7,5.38,14433
way/268846480,16.5,14.8,5.56,20225
way/269121129,18.3,16.8,9.01,29872
way/269121130,17.9,16.7,8.67,30968
way/269121131,16.9,16.7,8.82,31490
way/269121135,18.2,16.9,9.24,27363
way/269121322,22.2,17.3,7.71,153267
way/269121323,19.6,19.0,7.51,26204
way/269122799,17.9,17.3,3.61,28979
way/269122800,18.1,16.9,3.84,22167
way/269122802,25.8,22.9,4.05,91773
way/269123084,23.7,23.0,1.04,54093
way/269123085,18.1,17.0,4.57,24149
way/269123086,19.9,19.2,4.76,39566
way/269123087,20.6,19.0,4.97,57834
way/269123088,27.8,23.8,5.3,74630
way/269123089,22.6,20.5,5.26,223237
way/269759931,14.1,12.9,6.57,13017
way/269759932,15.6,15.1,6.58,13803
way/269759933,15.1,14.6,6.53,6643
way/269759934,17.1,16.1,6.42,13311
way/269759935,15.5,15.0,6.41,6331
way/269759936,17.1,16.3,6.31,10692
way/269759937,16.7,15.8,6.21,23510
way/269819555,21.2,17.9,10.26,14891
way/269819556,20.2,20.0,10.62,124483
way/269819557,10.8,9.4,10.85,28572
way/269819558,9.5,9.5,10.7,181852
way/269884095,18.2,17.2,4.55,289789
way/269884096,32.4,26.1,3.89,303366
way/269884098,25.8,24.3,3.02,317367
way/269884099,21.2,20.5,3.64,743994
way/270789273,15.7,15.1,6.29,19748
way/270789274,16.6,15.9,5.82,15693
way/270789275,16.5,15.8,5.52,13793
way/270805425,12.4,11.6,1.46,16138
way/270805426,12.4,11.6,1.48,17581
way/270872771,15.5,14.7,14.69,670
way/270872773,12.6,11.9,15.46,498
way/270872774,10.4,10.2,14.25,5329
way/270872779,7.9,7.1,15.39,279
way/270902589,19.5,18.4,4.93,317750
way/270902590,31.3,27.4,4.83,383293
way/270921040,11.3,9.5,7.5,42620
way/270937624,14.7,14.7,5.53,11055
way/270937625,17.5,14.7,5.51,14320
way/270937626,14.6,14.5,5.63,6025
way/270957993,16.3,15.4,5.71,9716
way/270968057,8.9,8.0,6.51,6612
way/270968058,12.2,11.6,6.43,9834
way/270976310,16.2,15.3,5.87,12941
way/270976313,16.2,15.0,5.96,11308
relation/14704472,18.8,12.5,6.05,45789
way/270976323,13.6,13.6,6.28,23902
way/270983327,26.2,22.1,1.52,101040
way/270983328,25.7,24.1,1.55,112846
way/271055199,15.3,14.7,2.07,9249
way/271055200,17.3,16.7,2.7,9490
way/271055201,19.7,18.8,2.66,31744
way/271055202,25.9,24.1,1.86,27403
way/271055203,26.4,25.9,1.89,69293
way/271391926,26.6,15.3,1.16,414460
way/271674546,16.2,15.0,6.47,9437
way/271674548,17.4,17.0,6.51,12493
way/271674549,17.2,16.8,6.57,9239
way/271677774,16.5,16.4,7.25,21160
way/271683611,16.0,15.3,8.72,64738
way/271686281,20.4,17.3,5.89,56442
way/271686282,21.7,20.7,6.04,141385
way/271686283,19.5,18.8,6.43,19954
way/271686284,18.5,16.3,6.37,15828
way/271686285,17.2,16.4,6.28,89028
way/271688069,22.5,20.8,6.16,278902
way/271970896,19.0,18.3,6.13,441140
way/271970897,20.7,20.6,5.72,43436
way/271970898,17.0,12.0,5.38,75683
way/271970899,20.8,18.1,5.66,202066
way/271971145,17.2,15.5,5.58,22609
way/271973515,18.7,15.5,5.02,4934
way/271973518,21.3,18.0,5.19,14907
way/271973520,18.3,17.8,5.27,14926
way/271973523,17.9,17.2,5.33,12427
way/271973525,21.5,17.3,5.65,7488
way/271973527,18.7,17.1,5.42,19775
way/271985500,13.4,13.4,7.35,1114
way/271985501,9.7,9.7,7.37,14520
way/271985502,11.2,9.7,7.45,34209
way/271985503,9.4,9.4,7.52,17303
way/271989538,15.3,14.4,4.8,7501
way/271989539,15.2,14.6,4.61,5185
way/271989540,14.7,13.8,4.63,20470
way/271990052,21.1,19.0,4.91,3852
way/271990053,21.7,19.9,4.85,3717
way/271990054,19.8,18.8,4.82,2457
way/272011764,13.7,6.4,2.23,207115
way/272011768,10.4,8.4,2.35,51762
way/272011770,8.6,8.6,1.64,11869
way/272917033,9.9,9.8,8.99,36062
way/273021220,25.9,25.4,0.46,176087
relation/3641094,19.9,19.8,7.38,23590
way/273202990,19.7,19.6,7.55,2244
way/273202991,21.0,19.7,7.53,9536
way/273202992,14.7,14.1,7.45,9028
way/273206919,15.6,14.8,6.84,29702
way/273206920,16.8,16.8,6.89,11319
way/273206922,16.1,13.8,6.86,25268
way/273206923,12.1,12.1,6.7,9790
way/273206924,12.4,12.4,6.56,8243
way/273206925,12.5,12.3,6.57,8940
way/273206926,14.8,14.7,5.52,9183
way/273206927,15.7,15.7,6.45,3722
way/273323064,15.5,15.1,6.84,12477
way/273323065,19.9,19.0,6.96,123652
way/273323066,15.2,15.1,7.14,6689
way/273323067,12.2,9.8,7.15,3538
way/273323068,12.9,12.2,6.63,2706
way/273323069,12.1,11.5,7.12,6607
way/273324130,19.1,16.9,7.16,6154
way/273324131,19.4,19.1,7.15,11134
way/273324132,16.6,16.5,7.14,21270
way/273400854,10.4,10.4,7.74,1084
way/273400856,10.4,10.4,7.72,1354
way/273400857,10.5,10.5,7.62,6056
way/273520544,19.2,18.5,5.92,11254
way/273520545,16.3,15.3,8.27,31485
way/273645609,17.3,15.6,8.82,41958
way/273645610,16.2,16.1,8.78,16577
way/273645611,16.0,16.0,8.72,14592
way/273645612,17.4,15.7,8.6,29686
way/273645613,17.6,16.4,8.65,26627
way/273646169,16.4,15.0,7.26,72134
way/273646172,15.3,15.3,6.93,9341
way/273646173,15.1,15.1,7.05,13000
way/273646174,16.4,16.3,7.01,15218
way/273646175,20.0,17.9,6.49,36469
way/273646176,19.4,17.4,7.08,36384
way/273646265,19.2,17.9,6.58,38351
way/273646521,18.3,17.4,7.41,11927
way/273647931,13.9,13.2,7.09,11925
way/273647932,15.1,14.4,7.11,8913
way/273647933,16.3,15.8,7.2,9064
way/273647934,15.8,15.2,7.24,13498
way/273647935,17.8,16.6,7.37,23119
way/273647936,17.5,16.3,7.51,21605
way/273647937,13.3,6.2,7.57,83179
way/273647938,14.6,9.3,7.83,24423
way/273647939,17.4,10.9,7.97,70334
way/273648173,19.5,18.4,8.23,71371
way/273648174,13.1,11.7,8.32,21916
way/273652084,18.7,17.4,7.17,124906
way/273652086,16.6,16.6,7.34,20970
way/273652087,13.9,13.8,7.33,52712
way/273652088,14.4,14.3,7.4,14810
way/273652089,11.1,11.1,7.43,11194
way/273652090,11.2,11.1,7.45,8438
way/273652092,12.9,11.2,7.5,11388
way/273652093,12.3,11.1,7.6,62155
way/273652094,12.3,11.0,7.72,50807
way/273652097,12.8,12.0,7.68,35399
way/273652098,16.8,15.8,7.72,38012
way/273652099,19.3,19.2,7.83,42856
way/273652100,18.2,17.1,8.48,18800
way/273652101,17.3,16.5,8.69,23547
way/273652102,16.6,16.6,8.77,64225
way/273652104,20.3,18.3,8.67,59278
way/273652105,15.0,14.7,8.65,25604
way/273652106,19.3,18.0,8.55,25469
way/273652108,16.2,15.2,8.47,14010
way/273652109,16.5,13.6,8.45,29585
way/273652112,16.8,10.3,8.33,28260
way/273652113,18.0,16.7,8.3,23386
way/273652114,19.5,18.2,8.22,24341
way/273652115,20.4,20.3,7.97,31891
way/273652116,17.4,17.4,7.77,28204
way/273652117,22.5,21.2,7.58,68745
way/273672329,18.8,17.2,5.06,50093
way/273672330,18.7,17.0,5.16,50756
way/273672331,16.9,16.1,6.12,6803
way/273674455,17.5,16.7,9.37,19809
way/273674456,17.5,16.7,9.37,13634
way/273674457,17.6,16.8,9.38,12253
way/273674458,20.7,19.5,9.39,27868
way/273675205,19.9,19.0,9.37,40430
way/273675206,22.8,21.7,9.43,87374
way/273675207,21.3,20.3,9.45,66310
way/273675208,14.2,13.7,9.5,23698
way/273675209,14.5,13.8,9.66,19548
way/273675210,16.6,16.0,9.59,15988
way/273908075,14.9,14.2,7.34,22240
way/273958442,25.0,23.4,5.03,19616
way/273958444,15.4,15.2,5.55,16757
way/273958446,17.7,16.7,5.41,11600
way/273958447,19.6,16.9,5.93,40806
way/273958448,16.8,16.4,6.67,2099
way/273958450,17.1,16.7,6.43,3220
way/273958452,17.0,16.6,6.54,899
way/273989877,19.3,18.7,2.6,23850
way/273989878,19.8,19.3,2.7,16325
way/273989879,19.7,19.1,2.89,14290
way/273989880,19.7,18.9,2.92,16051
way/273989881,20.0,19.3,2.93,11364
way/273989882,20.0,19.2,2.92,11773
way/273989883,19.7,19.2,2.9,11329
way/273989884,23.4,22.6,2.89,9900
way/273989885,20.3,19.6,2.88,10884
way/273989886,16.0,13.2,2.37,61750
way/273989887,22.0,20.3,2.16,57532
way/273989888,20.4,19.7,2.87,11921
way/273989889,20.2,19.3,2.96,17196
way/273992972,18.2,16.8,6.59,8331
way/273992974,18.5,16.6,6.78,8606
way/273992976,17.7,16.8,6.5,8379
way/273992978,15.3,15.3,6.39,8616
way/273992980,15.6,15.6,6.37,7686
way/273992983,17.4,16.7,6.19,10106
way/273992985,17.5,17.0,6.14,8723
way/273992987,19.3,17.6,5.94,10049
way/273992989,16.8,16.3,5.87,8519
way/273992992,17.2,16.1,5.83,6566
way/273992994,17.5,15.7,5.7,15463
way/273992996,17.3,15.6,5.66,16375
way/273992998,15.8,14.9,5.59,12042
way/273993000,16.0,15.2,5.51,8759
way/273993003,16.0,15.3,5.49,9821
way/273993004,15.9,14.8,5.47,4403
way/273993937,14.7,13.8,2.15,10290
way/274036075,15.6,5.5,1.76,12130
way/274036076,16.1,15.6,1.68,15335
way/274036077,15.9,15.7,1.83,47170
way/274036078,17.7,15.6,1.9,18183
way/274036079,18.5,15.3,1.97,27859
way/274036080,18.5,18.4,2.04,54562
way/274036081,18.8,18.1,2.09,15791
way/274036082,18.4,18.2,2.06,12773
way/274036083,18.2,13.7,2.05,10529
way/274210956,17.6,14.5,2.16,8917
way/274213841,17.4,15.6,7.66,14230
way/274213842,5.8,5.6,7.8,1092
way/274475463,21.2,19.7,5.74,96375
way/274479653,20.6,17.5,5.21,105094
way/274479656,20.6,18.9,5.06,33204
way/274479659,23.7,21.2,5.03,33270
way/274479661,22.3,19.5,5.0,75442
way/274479667,19.3,18.6,4.88,16090
way/274479670,18.2,18.0,4.92,14593
way/274479672,19.5,18.8,4.93,17555
way/274479674,19.6,19.1,4.94,18318
way/274479675,20.1,19.2,4.98,19108
way/274613814,20.3,17.7,4.53,156888
way/274739370,21.3,20.3,9.39,36521
way/274739371,21.7,20.7,9.1,33935
way/274739372,24.8,23.6,8.8,27937
way/274739373,24.8,23.4,9.0,39627
way/274739708,22.2,20.3,9.41,50306
way/274739709,22.9,21.3,8.63,60649
way/275001284,16.9,15.6,6.59,4372
way/275159990,16.3,15.8,7.04,16559
way/275159991,16.9,16.2,7.08,14117
way/275160196,18.5,17.5,7.12,11299
way/275160197,18.5,17.5,7.16,12822
way/275160355,18.5,17.5,7.24,15644
way/275415030,23.6,21.6,9.53,238885
way/275415031,23.2,21.9,9.73,87011
way/275426247,22.3,16.9,6.95,141594
way/275448697,7.2,7.2,-0.55,7523
way/275448698,10.1,9.7,-0.67,48491
way/275472036,24.2,21.6,2.68,28199
way/275472037,21.6,20.2,2.71,23567
way/275472038,22.2,20.1,2.75,49490
way/275472040,23.9,14.8,2.74,122126
way/275474134,13.1,11.4,7.82,131235
way/275474137,18.0,13.2,7.98,468826
way/275474423,20.5,19.1,8.16,339723
way/275474847,23.6,20.4,8.77,70225
way/275474848,27.3,24.2,9.82,526183
way/275475564,14.9,12.3,10.17,34159
way/275475566,12.3,12.3,10.19,4882
way/275476742,17.7,16.8,10.54,16295
way/275476743,16.3,16.3,10.17,11466
way/275476744,15.7,15.6,10.21,4970
way/275476745,15.6,15.6,10.23,8556
way/275476746,17.2,16.5,10.51,7895
way/275476747,17.1,16.4,10.44,8028
way/275477581,21.4,18.9,9.77,77834
way/275477582,16.7,15.4,10.45,43021
way/275477583,19.9,19.2,9.82,14951
way/275477584,19.9,19.3,9.72,13356
way/275478032,23.0,22.3,9.38,61399
way/275478033,19.3,15.5,9.82,123678
way/275478847,18.6,16.7,9.38,36145
way/275478848,9.3,8.5,10.1,24149
way/275478850,18.7,14.3,10.48,63803
way/275480354,15.9,15.8,10.7,17581
way/275480355,16.1,16.0,10.63,15642
way/275480356,16.4,16.3,10.35,14439
way/275480357,18.2,17.2,10.95,98661
way/275480360,17.7,17.2,10.84,18836
way/275480361,21.7,19.6,10.35,33886
way/275482801,21.2,19.7,10.59,13115
way/275482802,16.2,15.2,10.57,10237
way/275482803,18.4,6.1,10.72,1038
way/275483125,17.2,16.5,10.61,4031
way/275483127,16.5,15.8,9.75,5436
way/275483130,16.8,16.0,10.37,1599
way/275484261,17.5,17.1,10.48,2218
way/275484829,22.8,20.7,9.87,15761
way/275484832,22.6,19.9,10.02,16767
way/275484833,23.4,21.8,9.66,42889
way/275484834,22.9,20.1,9.74,44988
way/275498632,25.5,22.7,9.04,186936
way/275498633,23.3,21.4,9.21,13045
way/275502133,21.8,21.2,9.78,42472
way/275502134,24.1,22.8,9.39,58691
way/275502137,14.8,14.1,9.07,187595
way/275502138,11.5,11.4,8.84,75063
way/275502139,20.8,20.7,9.62,83710
way/275502142,20.5,19.1,9.46,129869
way/275502144,23.7,22.3,8.8,46162
way/275504279,17.5,17.4,12.73,19351
way/275504280,19.5,19.4,9.09,75123
way/275504281,20.2,19.6,10.36,45604
way/275504282,19.1,19.1,9.31,59518
way/275504283,13.1,10.9,8.44,45933
way/275506566,17.9,17.0,10.62,26195
way/275506567,23.5,23.4,8.41,75815
way/275506568,18.0,17.0,11.36,14708
way/275506569,18.5,17.2,11.19,13650
way/275506570,18.8,17.5,10.64,18981
way/275506571,18.3,17.2,10.97,37723
way/275512933,15.1,11.1,3.29,132888
way/275526067,14.3,14.0,1.5,10267
way/275639257,23.8,21.9,2.37,120377
way/277857855,19.2,19.0,2.53,125972
way/277857856,18.8,18.3,2.5,27062
way/278072962,8.6,8.2,1.88,19711
way/278072964,16.3,15.3,2.5,119607
way/278072966,18.5,17.6,1.81,121491
way/278310321,8.1,7.5,12.89,3673
way/278324241,17.0,16.5,12.05,5587
way/278813624,6.1,2.3,7.41,124
way/279048386,13.5,12.9,10.17,8907
way/279048387,13.9,13.3,10.19,15738
way/279048388,14.0,13.4,10.19,14308
way/279048389,14.3,13.8,9.96,16647
way/279048390,15.1,13.8,10.16,150250
way/279050349,14.3,13.5,10.27,7047
way/279050350,16.0,15.0,10.36,13993
relation/14462907,15.5,14.7,10.42,27707
way/279134294,14.3,14.2,10.06,52999
way/279134295,9.0,9.0,10.0,22842
way/279134296,14.8,13.9,9.84,20578
way/279140838,16.3,15.6,10.53,9176
way/279140839,17.6,16.5,10.44,7867
way/279140841,16.2,15.3,10.27,15350
way/279140842,16.1,8.3,10.18,53985
way/279140843,9.2,8.2,9.95,13587
way/279140844,9.8,7.8,10.02,41047
way/279140845,9.3,8.3,10.12,33659
way/279140846,16.6,16.0,10.59,6207
way/279144535,19.2,18.0,10.59,11708
way/279144536,17.0,16.4,10.68,7652
way/279144537,17.3,16.6,10.72,3124
way/279144538,12.8,12.3,10.29,2840
way/279144539,12.8,12.1,10.28,5861
way/279144540,6.1,5.6,10.33,3762
way/279144541,5.7,5.7,10.43,9682
way/279144542,5.7,5.6,10.36,4137
way/279145273,12.7,11.7,10.14,7009
way/279145274,12.9,11.9,10.27,22783
way/279145275,13.0,12.0,10.15,9266
way/279145276,15.6,14.4,9.7,69332
way/279382543,19.3,18.9,3.91,16214
way/279382544,19.9,18.3,3.95,13066
way/279382545,19.5,17.4,3.94,20165
way/279382546,20.9,17.8,2.72,8014
way/279386166,20.5,19.0,3.42,46695
way/279386168,20.4,19.3,4.41,42770
way/279386169,23.4,23.2,4.7,292371
way/279386170,22.0,19.2,4.6,273209
relation/3101326,24.3,21.6,4.34,1162456
way/279393641,20.6,20.5,5.09,39732
way/279393642,18.2,17.3,5.17,18075
way/279394847,15.8,15.0,8.94,10986
way/279394848,15.5,14.5,9.0,12787
way/279394849,16.0,15.0,8.52,13520
way/279394850,15.0,14.4,8.81,15304
way/279394851,15.3,14.6,8.71,6614
way/279394852,14.6,14.0,8.6,14749
way/279394853,15.4,14.6,8.2,8698
way/279395066,27.9,26.2,8.43,526424
way/279398720,19.8,19.8,9.51,11756
way/279398723,19.9,18.1,9.12,14344
way/279398726,20.3,19.1,9.0,29443
way/279398728,15.8,15.7,10.11,20471
way/279398732,15.8,15.7,10.06,14425
way/279400472,17.4,16.5,9.99,15318
way/279400473,19.3,18.2,9.95,27750
way/279400474,18.3,17.4,9.86,30357
way/279499123,25.2,19.9,5.54,152878
way/279504526,9.3,9.2,6.26,8437
way/279515463,16.8,16.0,7.2,25805
way/279515464,16.7,15.8,7.22,16346
way/279568927,19.2,18.5,7.67,7564
way/279568929,19.0,18.4,7.64,6323
way/279568931,19.1,18.4,7.53,4849
way/279686491,20.4,19.6,4.9,9295
way/279686493,19.9,19.3,5.52,10476
way/279686496,21.4,20.3,5.8,48133
way/279686498,19.5,18.7,5.7,9199
way/279686500,19.7,18.4,5.75,16372
way/279686502,20.5,19.8,5.38,14382
way/279686503,19.6,18.9,6.1,13259
way/279702285,17.6,16.7,7.12,53421
way/279702287,18.1,17.9,6.36,468384
way/279702288,17.6,17.5,7.02,55431
way/279825511,19.8,18.3,12.74,16638
way/280178182,21.6,20.5,2.34,37905
way/280178691,20.5,20.1,2.12,153264
way/280181974,19.4,18.3,2.94,15561
way/280182405,19.3,18.8,2.87,7686
way/280182406,18.6,14.2,2.71,10985
way/280182407,18.6,17.9,2.71,13699
way/280182408,19.9,18.9,2.64,11890
way/280182409,21.3,19.9,2.61,11742
way/280182410,18.1,18.1,2.66,13271
way/280182411,22.5,19.5,2.62,14777
way/280190799,18.7,16.4,14.02,12281
way/280190801,15.8,14.5,14.19,2024
way/280219189,19.5,18.0,12.47,2542
way/280219190,20.0,19.1,11.53,2659
way/280219191,18.7,17.6,12.56,3757
way/280219192,18.9,17.9,12.8,2153
way/280219193,18.7,17.9,12.68,2373
relation/15401543,17.3,8.1,12.87,15412
way/280219195,18.5,17.5,13.02,1507
way/280219196,18.7,17.7,12.9,1809
way/280219197,18.5,17.6,13.04,1821
way/280219198,18.6,17.7,13.2,2196
way/280219199,18.5,17.4,13.24,1627
way/280219200,19.5,18.8,13.38,4357
way/280219201,19.7,18.9,13.5,2704
way/280219202,19.3,16.7,13.49,2061
way/280219203,7.5,7.4,13.65,256
way/280219204,17.7,16.1,13.65,4173
way/280219205,20.9,20.8,13.59,14681
way/280956284,19.2,18.1,12.02,9153
way/280956285,23.0,21.4,11.68,7262
way/280956796,17.7,16.4,10.61,5552
way/280956797,17.4,16.4,10.9,8973
way/280956798,20.6,20.0,10.69,28763
way/280956799,20.4,19.2,10.35,22682
way/280957870,21.6,21.5,10.12,34107
way/280957871,19.7,18.6,10.39,9328
way/280957872,18.6,17.6,11.41,8491
way/280957873,18.5,17.4,11.51,7046
way/280957874,18.5,17.5,11.59,5585
way/280957875,18.3,17.4,11.81,6736
way/280957877,18.6,17.4,11.7,6820
way/280957878,19.2,18.3,10.68,11976
way/280957880,18.6,18.5,10.51,86120
way/280957882,18.3,17.3,10.69,5120
way/280957883,17.9,16.8,10.69,6526
way/280957885,21.0,20.1,12.35,2304
way/280957886,21.3,20.3,11.81,4032
way/280957887,21.6,20.7,11.81,2734
way/280957888,21.7,20.7,11.75,2481
way/280957889,24.9,23.1,10.24,85089
way/280957890,8.2,8.0,12.46,2276
way/280957891,16.5,16.5,11.56,45696
way/280957892,25.8,25.0,9.91,108615
way/280965006,20.2,19.0,9.64,20648
way/280965007,23.0,22.7,9.21,17659
way/280965008,21.7,20.9,9.18,18855
way/280965009,21.2,20.1,10.14,35162
way/280965010,21.1,19.9,10.22,32707
way/280965011,24.0,20.9,8.32,16205
way/280965013,23.3,22.6,8.41,12690
way/280965014,23.4,22.7,8.32,18541
way/280965015,24.3,23.2,8.43,25272
way/280966549,18.3,17.4,11.62,14934
way/280966550,17.3,16.1,10.14,14132
way/280966551,16.0,16.0,10.04,11576
way/280966552,18.2,17.3,9.73,12496
way/280976458,24.3,23.2,9.21,52456
way/280976459,24.3,23.3,9.14,49757
way/280976460,23.0,22.6,9.2,26096
way/280976461,21.5,20.0,10.26,32891
way/280976462,22.6,22.2,9.29,24714
way/280976463,19.3,18.4,10.42,29490
way/280976464,19.5,18.5,10.38,17364
way/280976465,19.6,18.6,9.82,12592
way/280976466,19.7,18.7,9.66,15396
way/280976467,19.8,18.9,9.68,13472
way/280976468,19.9,18.8,9.74,13440
way/280976469,19.5,18.4,10.52,20163
way/280976470,19.3,17.8,10.96,25285
way/280976471,19.5,17.9,10.77,28324
way/280976472,20.0,19.1,10.33,18042
way/280976473,19.9,18.9,9.73,27349
way/280976474,22.3,21.1,9.54,50503
way/280976475,21.6,20.5,10.14,34875
way/280977072,16.5,15.6,10.66,11401
way/280977073,16.2,15.3,10.71,9709
way/280977074,16.2,15.3,10.7,10110
way/280984769,18.1,17.0,11.94,7829
way/280984770,17.2,16.4,12.47,2982
way/280984771,18.3,17.0,12.27,6721
way/280984772,17.1,16.2,12.05,5318
way/280984773,17.0,16.1,11.98,6430
way/280984775,15.3,14.5,12.04,6614
way/280984776,20.6,18.7,10.77,56006
way/280984777,21.1,20.7,10.08,55960
way/280984778,21.7,15.6,10.02,100940
way/280986704,17.6,16.8,12.37,3466
way/280986705,17.7,16.8,12.33,5232
way/280986706,17.9,16.8,12.27,2965
way/280986707,17.5,16.8,11.96,3244
way/280989732,18.7,18.2,13.21,828
way/280989733,18.9,18.2,13.22,1401
way/280989734,18.4,17.7,13.17,1273
way/280989735,18.4,17.7,13.16,1493
way/280989736,18.4,17.8,13.17,1725
way/280989737,18.3,17.7,13.14,1955
way/280989738,18.5,17.8,13.14,1404
way/280989739,18.3,17.6,13.13,1251
way/280989740,19.4,18.7,12.03,1225
way/280989741,18.3,17.7,13.15,1361
way/280989742,18.3,17.6,13.15,1760
way/280989743,19.6,18.9,12.09,4384
way/280989744,19.5,18.7,12.1,4559
way/280989745,21.8,21.1,11.11,7122
way/280989746,22.6,21.7,10.77,14684
way/280989748,19.6,18.7,11.0,7398
way/280989749,18.5,17.7,12.19,6431
way/280989750,18.9,18.1,11.61,6870
way/280989751,19.1,18.2,11.67,8796
way/280989752,18.5,17.5,12.37,5804
way/280989753,18.4,17.4,12.41,7743
way/280989754,18.3,17.0,12.81,8607
way/280989755,17.8,16.8,12.68,6326
way/280989756,18.3,17.1,12.81,6075
way/280989757,18.3,17.3,12.71,5529
way/280989759,18.4,17.3,12.66,5760
way/280999680,18.3,17.0,10.6,9056
way/280999681,21.3,17.9,10.48,9425
way/280999682,18.8,17.5,10.6,7446
way/280999683,18.9,17.6,11.45,9426
way/280999684,18.7,17.7,11.25,7790
way/280999685,21.6,21.2,10.59,11886
way/280999686,22.0,21.7,9.81,13066
way/280999687,21.7,21.6,10.17,13877
way/280999688,21.0,20.9,10.81,11251
way/280999689,19.8,18.6,11.58,25896
way/280999690,23.4,20.4,11.6,11241
way/280999691,24.6,21.5,10.44,14180
way/280999692,20.2,20.1,11.97,10909
way/280999693,23.0,20.0,12.01,10257
way/280999694,24.6,18.6,10.41,8757
way/280999695,24.6,19.7,10.48,14217
way/280999696,24.6,21.5,10.41,9703
way/281000523,20.0,16.8,12.01,6143
way/281000524,17.5,16.5,12.18,7196
way/281000525,17.5,16.7,12.16,8815
way/281000526,17.2,16.4,12.38,6553
way/281005429,12.0,11.0,7.1,1587
way/281005430,14.8,14.2,8.85,1554
way/281005432,11.7,11.7,8.2,793
way/281012963,20.1,19.2,9.92,5807
way/281012969,20.4,19.5,8.83,8482
way/281028376,17.8,16.7,11.15,1608
way/281028377,19.6,18.1,11.0,2063
way/281028378,18.9,17.9,10.78,2369
way/281028379,21.5,20.4,8.98,5204
way/281028380,22.5,20.8,8.04,4236
way/281037038,19.7,19.0,11.59,608
way/281046952,19.8,19.0,9.44,11822
way/281046953,18.5,17.7,10.94,10180
way/281046954,18.6,18.0,10.94,14004
way/281046955,19.3,18.1,10.44,16819
way/281046956,19.4,18.5,10.92,12045
way/281142255,21.3,19.7,7.51,25683
way/281142256,22.5,20.1,5.99,37400
way/281142257,21.4,20.2,5.31,21739
way/281142258,21.0,19.5,5.3,61879
way/281142369,20.4,19.6,7.92,12359
way/281144060,22.4,20.4,8.07,38802
way/281144064,21.2,20.0,5.28,19840
way/281144066,21.4,20.1,5.3,19860
way/281245828,22.4,21.0,8.47,9658
way/281245829,22.7,22.6,9.58,220739
way/281245830,20.7,20.2,7.99,14971
way/281245831,22.7,21.0,8.28,39136
way/281246441,21.1,19.9,12.11,6177
way/281247908,11.5,10.9,14.3,561
way/281253909,21.1,19.9,10.83,8261
way/281253910,22.0,20.7,10.4,5945
way/281253911,21.6,20.2,10.82,6561
way/281253912,22.5,21.6,11.41,20481
way/281253914,21.0,19.7,11.31,7682
way/281253915,22.1,20.6,10.36,4469
way/281253916,23.5,19.7,10.38,2869
way/281253917,19.4,19.3,10.39,4139
way/281253918,22.9,21.7,9.93,4367
way/281253919,21.5,20.1,10.21,5343
way/281343649,20.1,18.7,9.33,5458
way/281343650,20.8,19.3,8.97,4699
way/281343651,21.5,20.2,7.05,12031
way/281343652,21.1,19.8,6.6,15255
way/281343653,21.0,19.6,6.76,15815
way/281343655,19.1,17.4,9.73,5575
way/281343656,18.3,16.9,9.76,1905
way/281343657,18.2,17.2,10.17,2239
way/281343660,20.3,20.2,6.81,26273
way/281343661,21.4,19.7,6.65,15554
way/281343663,20.1,18.6,6.42,26326
way/281343665,21.3,19.9,5.45,24154
way/281343666,21.1,19.8,4.66,19056
way/281343667,21.9,19.9,4.54,15938
way/281343668,21.1,19.3,4.83,25538
way/281343669,21.7,20.0,4.34,28430
way/281343670,21.1,19.4,4.03,26725
way/281343671,20.4,19.1,4.39,23080
way/281343672,19.8,18.1,3.9,26182
way/281343673,20.3,19.1,4.23,17188
way/281343674,20.4,19.1,4.01,19183
way/281343675,19.2,17.5,4.21,16034
way/281343676,18.6,17.1,4.1,12636
way/281343677,16.3,15.2,3.29,13339
way/281343678,18.7,17.7,3.33,17202
way/281354637,17.3,16.7,2.44,11000
way/281354638,16.0,15.4,1.91,10296
way/281354639,17.5,16.8,2.27,11963
way/281354641,15.4,15.3,5.1,15837
way/281354645,17.9,16.8,2.44,15939
way/281357147,16.8,16.1,5.31,21819
way/281357149,17.1,17.1,5.47,16666
way/281357150,17.7,17.2,5.3,18644
way/281357153,15.7,13.7,5.41,13525
way/281357155,16.0,15.9,5.49,15521
way/281357157,15.2,9.4,5.24,34184
way/281357158,14.7,13.2,5.1,21051
way/281357160,14.8,14.7,4.94,19438
way/281357163,16.7,16.1,4.45,16220
way/281357164,16.1,15.3,4.83,21275
way/281357166,16.5,15.6,4.57,18679
way/281357168,16.9,16.3,4.23,16899
way/281357170,17.4,17.2,4.0,10411
way/281357743,11.5,11.4,4.63,16577
way/281357744,12.5,11.8,4.68,12889
way/281359238,18.2,17.3,2.45,19601
way/281359239,17.0,16.4,2.26,13825
way/281359242,12.9,12.3,1.68,36622
way/281361550,16.5,15.5,2.72,11847
way/281488870,16.9,14.9,1.67,53574
way/281488871,16.7,16.1,4.36,10802
way/281488872,16.8,15.9,4.16,9458
way/281488874,17.4,16.8,4.85,21019
way/281488876,18.2,18.2,5.04,59930
way/281488877,17.4,16.8,3.59,42797
way/281492036,19.0,18.1,2.41,67685
way/281650312,19.3,18.2,3.91,14446
way/281652281,20.7,18.8,3.25,9933
way/281652282,20.8,18.8,3.12,13319
way/281652283,21.0,18.7,2.99,12911
way/281669751,16.2,15.4,4.46,8206
way/281669753,22.1,20.6,4.62,25985
way/281669755,16.6,15.9,4.37,13098
way/281669757,14.9,14.4,4.16,18000
way/281669758,14.8,14.3,4.22,20693
way/281669760,13.7,13.7,4.05,27644
way/281669762,21.1,20.5,5.01,32085
way/281669763,14.5,14.5,4.8,86403
way/281669765,16.3,14.8,3.94,81256
way/281669766,15.8,15.7,4.03,8181
way/281683058,17.4,16.5,1.71,31424
way/281683060,14.6,13.7,1.71,10000
way/281683062,12.7,12.6,1.74,11193
way/281685663,14.8,13.0,1.31,23067
way/281685664,14.3,13.6,1.65,8874
way/281685665,12.8,12.3,1.69,6504
way/281685666,9.6,9.4,1.69,1713
way/281688576,13.0,12.4,1.71,146985
way/281688578,18.5,18.1,2.04,45048
way/281766359,18.8,18.0,6.16,20611
way/281766360,20.4,10.5,5.39,56903
way/281766361,21.8,20.0,5.18,24955
way/281766362,21.9,21.0,6.26,12539
way/281766363,23.3,21.6,5.7,233680
way/281766364,24.9,22.9,5.74,124531
way/281766365,18.4,17.8,6.07,33647
way/281766366,17.8,16.8,6.59,34521
way/281768206,17.0,12.3,7.68,189155
way/281768208,20.1,17.3,7.1,41670
way/281768210,16.8,15.7,7.52,31581
way/281768211,15.0,14.6,7.53,6314
way/281768213,15.0,14.5,7.52,7193
way/281768215,15.0,14.6,7.55,8571
way/281768218,12.1,11.7,8.31,19003
way/281768220,15.1,9.1,8.09,39416
way/281768222,15.1,14.3,7.92,28940
way/281768223,17.4,16.4,7.63,24711
way/281768225,17.6,16.5,7.82,22545
way/281768227,17.1,11.3,8.16,193342
way/281768228,17.7,16.6,7.73,19651
way/281768229,14.7,13.6,8.24,29449
way/281768628,19.4,18.6,7.91,8422
way/281768630,22.7,19.1,5.9,283729
way/281772553,17.6,16.4,11.16,33282
way/281772555,13.6,13.6,11.08,11352
way/281772556,17.6,16.5,10.98,25422
way/281772558,16.5,13.3,11.46,17842
way/281772560,5.7,5.7,10.9,40741
way/281772561,16.6,16.0,10.85,7980
way/281772563,11.2,11.1,10.93,4618
way/281988717,7.3,6.9,4.22,85471
way/282198105,17.2,15.6,3.02,144790
way/282198312,14.2,12.5,4.52,67079
way/282201312,27.8,24.5,9.81,45804
way/282286968,23.6,20.1,4.36,336332
way/282286969,17.4,16.4,5.19,20736
way/282286970,18.2,17.3,4.78,22385
way/282286971,17.3,16.6,5.3,23345
way/282286972,18.4,16.2,5.85,39528
way/282286973,24.1,22.8,4.14,107619
way/282286974,23.2,20.8,5.3,189034
way/282286975,19.6,19.5,7.1,74850
way/282296856,15.3,14.8,4.61,3978
way/282296857,15.4,14.9,4.61,2354
way/282296858,15.9,7.4,4.65,22002
way/282296859,15.5,14.7,4.59,4187
way/282296860,15.4,14.8,4.61,3844
way/282303094,18.7,17.5,4.87,16590
way/282303096,17.3,16.2,4.83,14515
way/282303097,16.7,16.0,4.83,7034
way/282303098,17.9,17.0,4.83,3736
way/282303102,16.2,15.5,5.93,20265
way/282437722,16.7,9.8,9.84,71462
way/282437723,16.9,16.0,10.22,25200
way/282437724,16.9,15.8,10.23,20876
way/282437725,20.6,20.5,10.3,80773
way/282439645,24.0,22.5,9.33,100601
way/282443386,19.0,18.3,10.53,14934
way/282443388,22.4,21.6,9.47,24302
way/282443389,22.2,21.5,9.62,18040
way/282443754,20.2,19.1,10.49,27324
way/282443755,20.4,19.4,10.24,22135
way/282634591,20.3,19.7,1.4,25864
way/282634593,18.9,17.2,1.14,210157
way/282778970,20.2,18.2,2.07,131754
way/282847017,18.8,17.4,1.77,42648
way/282847018,16.6,15.7,1.75,22744
way/282847019,16.1,15.0,1.85,54774
way/282847366,18.4,17.1,2.09,109577
way/282847367,17.0,11.5,2.08,150918
way/282847368,16.2,15.9,2.13,301473
way/282848098,18.9,18.1,1.82,32342
way/282848099,18.6,17.2,1.88,17730
way/282848100,18.7,17.7,1.83,25717
way/282848101,19.0,15.3,1.87,21046
way/282848102,15.4,15.3,1.87,12544
way/283027292,18.8,15.9,2.73,197417
way/283071889,17.5,13.1,1.34,126861
way/283071892,16.9,16.3,3.77,23475
way/283071894,18.8,17.6,2.97,19621
way/283071896,15.8,14.8,3.8,14874
way/283071897,15.6,14.9,3.67,24966
way/283071898,14.5,13.4,3.55,15706
way/283076365,17.9,16.9,2.87,39840
way/283083647,23.2,21.5,1.79,32014
way/283083648,20.1,18.1,1.71,18734
way/283771331,12.9,11.6,5.96,2392
way/283771332,12.2,11.3,4.19,931
way/283771334,13.4,13.2,6.99,4213
way/283771335,11.8,10.9,4.2,812
way/283771337,13.1,12.8,6.87,3364
way/283771339,12.6,11.5,4.2,813
way/283771340,13.9,13.3,6.87,3755
way/283771342,12.5,11.3,4.3,835
way/283771344,14.2,13.5,6.86,4537
way/283771345,12.0,10.8,4.71,757
way/283771347,12.6,12.2,6.93,3120
way/283771348,11.2,10.3,4.92,884
way/283771350,12.3,11.8,6.92,2484
way/283771352,11.8,11.4,6.95,1666
way/283771353,11.4,11.3,6.97,353
way/283771358,4.4,1.4,4.27,35
way/283771360,12.8,12.0,6.26,1851
way/283771380,10.4,9.9,4.17,139
way/283771381,12.2,11.3,6.58,2932
way/283771385,12.0,10.8,4.17,464
way/283771386,15.7,14.9,7.0,1433
way/283771388,12.6,11.5,4.2,915
way/283771389,15.8,15.3,6.74,6000
way/283771399,27.0,23.7,10.24,357363
way/283771400,4.6,4.5,4.21,2154
way/283771401,9.0,8.4,10.17,18427
way/283771402,22.9,20.3,10.6,163214
way/284297616,10.4,9.8,3.49,36413
way/284308268,19.9,19.8,1.98,260052
way/284308269,19.3,16.9,1.74,301904
way/284449956,4.4,3.9,1.73,237282
way/284449969,11.2,8.7,1.1,206290
way/284449973,11.2,11.2,1.15,83729
way/284449974,18.3,16.7,1.45,235743
way/284449976,9.9,9.1,1.77,154227
way/284826061,11.9,11.6,10.38,89705
way/284826064,10.9,10.9,10.8,2968
way/284857265,24.5,22.0,4.09,143924
way/284857268,22.0,21.8,4.62,121544
way/284857269,25.0,19.0,3.68,239948
way/285100317,24.5,16.1,3.22,1046928
way/285888082,8.5,8.3,1.55,100036
way/286884620,8.8,8.3,3.41,10054
way/286884621,5.4,5.3,2.91,61102
way/289728613,13.7,11.5,1.48,82038
way/289803878,21.8,19.9,1.36,106154
way/289807445,11.9,11.9,1.21,48496
way/289866530,28.3,24.2,2.54,292905
way/289866707,15.2,14.2,3.44,48911
way/289866709,15.4,14.2,3.28,84871
way/289866710,15.4,14.4,3.17,62097
way/289871149,21.7,17.7,11.11,637009
way/290506389,18.0,11.3,7.54,1979586
way/290550124,24.7,21.8,2.04,104856
way/290551615,15.3,13.9,12.16,1629
way/290552011,18.7,17.3,10.21,4908
way/290642287,11.5,8.8,6.58,35380
way/290648693,16.4,12.3,7.14,10741
way/290754286,14.3,13.0,9.17,24624
way/291297792,13.7,13.0,11.19,21786
way/291297793,17.2,15.7,13.42,88095
way/291297944,24.3,23.7,11.57,154052
way/291297946,10.3,9.4,9.0,31793
way/291298272,15.4,14.8,11.14,19468
way/291337462,17.9,17.6,1.65,89955
way/291337559,16.5,13.7,1.2,68932
way/291339316,3.8,3.6,8.34,66102
way/291730034,17.3,16.5,2.75,181674
way/291731321,28.3,25.6,1.7,19602
way/291731322,28.4,25.8,1.69,21945
way/291731323,28.6,26.9,1.48,18505
way/292056035,9.1,8.8,7.81,51655
way/292692332,20.7,20.0,11.64,25818
way/292852037,22.6,22.3,3.37,136827
way/292900328,14.3,11.6,2.41,109848
way/292900331,22.7,21.8,2.72,372171
way/293017820,22.1,19.3,2.46,108490
way/293019423,14.5,14.4,2.25,2497
way/293019424,15.6,14.6,2.24,9631
way/293019425,16.3,15.0,1.52,8059
way/293019426,16.9,15.7,1.34,10061
way/293019427,16.7,15.5,1.52,9809
way/293019428,17.1,15.8,1.5,10878
way/293019429,10.9,10.9,2.74,2330
way/293019430,13.7,13.4,2.84,37776
way/293019431,13.6,12.6,2.61,66468
way/293019432,15.6,14.3,2.58,18534
way/293027970,11.7,11.6,0.61,98210
way/293027971,20.0,19.0,1.18,47746
way/293027972,30.5,25.6,2.72,546090
way/293027973,12.7,11.1,2.96,498612
way/293027974,35.3,32.0,1.58,252366
way/293297580,17.7,17.1,0.77,108691
way/293297581,13.0,12.9,1.55,108721
way/293297582,12.4,10.8,2.12,82120
way/293297583,12.3,12.2,2.29,116938
way/293297584,16.8,16.0,1.32,96309
way/293297585,18.7,17.4,2.0,81190
way/293300625,8.8,8.7,1.85,109757
way/293300626,12.7,12.7,1.86,243712
way/293302438,17.5,15.5,3.03,352421
way/293303945,20.2,18.2,4.24,258396
way/293303948,20.0,19.5,5.63,73965
way/293305530,20.3,20.1,7.44,207794
way/293306515,4.9,4.9,2.14,49414
way/293306516,10.8,9.7,2.17,31246
way/294345896,17.5,13.0,5.82,28566
way/294423414,16.8,16.8,6.2,77064
way/294423415,16.4,15.8,7.08,48565
way/294423416,10.6,8.7,6.41,118034
way/294423417,16.5,16.4,5.89,21610
way/294423418,10.9,10.2,6.12,36159
way/294731443,11.0,11.0,10.73,2596
way/294790295,27.2,24.4,3.2,685663
way/294962260,13.4,10.7,1.38,189534
way/294962261,13.9,9.9,1.6,45223
way/294962262,9.7,9.7,1.78,77118
way/294962764,14.2,13.2,1.28,54494
way/294962766,12.0,11.9,1.25,69711
way/294962767,14.5,14.4,1.32,72966
way/294962769,12.8,12.2,1.89,119781
way/294962771,12.8,12.3,1.83,49200
way/294963113,20.9,19.1,1.82,80298
way/294972289,17.3,16.5,4.91,59942
way/294972290,20.3,19.7,1.24,104885
way/294972559,20.8,20.1,1.84,83337
way/294972560,15.4,15.0,2.61,52283
way/294972562,15.1,12.0,1.95,108436
way/295014591,23.7,18.1,2.51,327650
way/295067114,9.7,8.8,1.71,17164
way/295067694,20.8,20.7,1.82,307753
way/295247290,13.3,12.9,3.04,104403
way/295283498,20.3,20.2,11.87,26404
way/295284764,19.9,18.4,9.85,215688
way/295284765,22.5,20.7,10.23,347845
way/295284766,31.0,24.6,8.65,221516
way/295284769,22.6,19.5,11.01,48347
way/295316291,19.7,18.6,12.28,13213
way/295383494,17.8,14.5,6.32,108852
way/295880154,16.1,13.5,11.16,200030
way/295941720,17.6,17.5,9.79,38055
way/295994545,23.4,21.5,8.17,83888
way/296005383,28.4,23.6,5.96,202545
way/296090834,9.6,8.9,12.86,1828
way/296093276,23.0,23.0,11.12,3522
way/296093277,18.4,18.3,12.58,1165
way/296746498,17.0,16.6,5.38,11512
way/297504160,10.9,10.0,0.55,19225
way/297641145,9.4,9.0,2.26,38616
way/297641146,12.8,11.8,6.84,2509
way/297641147,12.8,11.8,6.81,1555
way/297641148,12.8,11.9,6.9,1222
way/297641149,12.9,11.8,6.81,2425
way/297641150,11.9,11.0,6.91,4060
way/297641151,12.8,11.8,6.84,2507
way/297641152,8.4,7.6,-0.62,6216
way/297641153,8.3,7.6,-0.08,10399
way/297641154,11.2,10.4,2.65,8510
way/297641155,11.1,10.7,2.34,2860
way/297641156,8.9,8.0,-0.26,4011
way/297641157,9.1,8.6,-0.2,1990
way/297641159,9.1,8.4,-0.29,11841
way/297641161,9.3,8.7,-0.39,12078
way/297641163,9.4,8.7,-0.41,15910
way/297641164,11.3,10.9,2.11,2964
way/297641165,9.4,8.8,-0.46,13455
way/297641166,11.3,10.8,2.03,4432
way/297641167,9.6,8.8,-0.5,12248
way/297641168,24.5,24.4,0.39,56350
way/297641169,11.2,10.4,2.06,6394
way/297641170,9.6,8.9,-0.51,9213
way/297641171,11.2,10.2,2.04,7538
way/297641172,9.6,8.9,-0.58,9983
way/297641173,11.3,6.9,1.79,8317
way/297641177,8.3,7.5,-0.54,4702
way/297641187,9.8,8.4,0.31,4576
way/297641188,9.7,8.3,0.23,4360
way/297641189,9.9,8.8,0.2,3639
way/297641190,9.2,1.8,1.92,4656
way/297641191,9.7,8.7,1.89,4744
way/297641192,9.6,8.8,1.9,4869
way/297641193,9.4,5.2,1.84,9021
way/297641194,9.4,8.8,1.83,4314
way/297641195,10.5,8.8,1.87,3197
way/297641196,9.5,8.9,1.87,3222
way/297641197,10.5,8.8,1.88,2893
way/297641198,9.9,8.6,0.17,5715
way/297641199,25.6,22.1,-0.19,594437
way/297641200,9.4,8.8,1.91,2727
way/297641201,10.4,8.8,1.93,2586
way/297641202,9.7,9.0,1.98,2683
way/297641203,10.8,9.1,1.99,2801
way/297641204,9.8,9.1,2.0,2635
way/297641205,9.6,9.0,2.02,2907
way/297641206,10.6,8.9,2.07,3384
way/297641207,9.5,8.9,2.11,3514
way/297641208,10.5,8.8,2.13,3335
way/297641209,9.5,8.9,2.14,3300
way/297641210,10.0,8.7,0.03,6782
way/297641211,10.6,8.9,2.1,3022
way/297641212,10.2,9.4,-0.03,4972
way/297641213,12.5,11.6,2.54,24800
way/297641214,14.4,13.3,2.26,16444
way/297641215,8.7,8.6,2.26,17320
way/297641216,14.8,14.6,0.5,50230
way/297641217,11.8,11.0,1.31,9658
way/297641219,12.3,11.5,1.21,6576
way/297641220,10.8,9.6,1.45,7983
way/297641221,21.7,17.0,-0.16,209728
way/297743079,27.8,21.1,5.0,78617
way/299987735,20.5,20.4,2.09,170936
way/299988132,20.3,15.2,1.6,422805
way/299988229,29.9,28.6,1.89,348976
way/300187149,8.5,8.4,1.4,702
way/300401923,5.7,4.8,11.65,6649
way/301007195,19.2,18.9,2.47,507767
way/301007196,15.7,15.7,2.22,20859
way/301181894,3.7,2.3,3.41,104326
way/301183218,14.3,13.0,11.86,2782
way/301214131,19.2,18.3,1.77,91329
way/302555087,14.7,14.6,9.39,71258
way/302955493,17.7,8.4,11.24,189406
way/302955495,8.5,7.9,10.78,6154
way/302956806,5.1,5.1,10.74,8387
relation/4033024,24.8,21.6,1.36,324517
way/303043528,29.2,28.3,1.49,99541
way/303046081,12.7,12.1,3.18,7045
way/303046082,28.9,27.7,3.16,173720
way/303046083,7.8,7.7,3.56,10954
way/303046084,6.8,6.4,3.11,21845
way/303046085,6.8,6.8,3.38,25310
way/303359366,17.9,17.7,2.0,57357
way/304449910,17.5,14.6,10.53,56542
way/304449911,7.8,7.5,9.25,21676
way/304449912,14.9,12.9,9.88,26890
way/304449913,10.7,10.7,11.51,11151
way/304449916,13.1,3.7,11.67,14413
way/304451869,7.7,7.0,10.66,2702
way/304451870,5.6,5.0,10.32,1590
way/304451871,5.9,5.9,10.78,246
way/306926554,18.1,12.7,13.91,19542
way/307149426,13.0,12.4,1.12,30957
way/307149427,13.5,12.4,1.04,11534
way/307149428,14.6,13.9,1.11,12444
way/307149429,14.9,14.2,0.98,28024
way/307149430,13.8,13.2,0.87,8293
way/307774086,19.7,19.6,9.93,109107
way/307807509,12.5,12.5,7.95,61879
way/307807510,19.0,18.9,6.77,50945
way/308109639,6.0,1.6,6.87,5612
way/308109640,16.3,15.7,6.79,2057
relation/4145654,23.0,19.9,4.48,29675
way/310217638,18.2,18.1,2.19,21145
way/310344966,8.8,8.8,3.91,3011
way/310423016,11.8,10.7,8.38,32665
way/310423018,11.1,9.9,9.6,28373
way/310423020,15.4,15.3,8.45,27825
way/310423427,22.3,20.7,3.3,54999
way/310691708,17.0,15.3,1.92,14257
way/310691709,16.8,15.3,2.0,22856
way/310691710,17.0,15.6,1.96,26979
way/310691711,16.9,15.3,1.92,37035
way/310691713,17.1,15.8,1.92,30379
way/310862364,13.5,12.1,1.85,242736
way/310862372,13.5,12.7,0.97,34015
way/310862373,13.6,12.9,0.94,23258
way/312055996,17.4,15.6,4.86,367258
way/312055997,9.7,9.1,4.67,129342
way/312204497,19.4,18.5,3.75,59094
way/313246188,21.7,19.0,8.38,45889
way/313246190,5.9,5.3,8.65,10935
way/313590899,8.0,7.9,2.23,29205
way/313675128,19.4,18.4,2.13,19097
way/313675129,17.9,16.8,2.16,23147
way/313675130,17.7,16.6,2.1,27294
way/313675131,17.5,16.5,2.12,13808
way/313675132,17.7,16.6,2.12,26315
way/313691616,4.4,0.4,-0.14,121777
way/313714881,18.6,17.8,2.12,27141
way/313714882,18.6,17.8,2.14,30083
way/313714883,18.7,17.9,2.1,28783
way/313714885,19.2,17.9,1.25,26516
way/313714886,18.8,18.0,1.98,28861
way/313714887,18.7,17.9,2.01,30068
way/314537003,16.6,14.8,2.49,185064
way/314630985,19.2,18.3,3.42,114331
way/315013503,8.8,8.3,2.13,3799
way/315013504,8.1,7.4,3.52,3856
way/315013505,8.8,8.1,3.57,1629
way/315013506,8.9,8.2,3.44,1498
way/315013507,8.6,7.8,3.5,2819
way/315013508,8.2,7.2,3.67,3728
way/315013509,8.3,7.9,3.47,1780
way/315013510,7.9,7.5,3.31,2424
way/315013511,7.8,7.1,3.24,5894
way/315013512,7.8,7.0,3.16,6174
way/315013513,7.9,7.2,3.04,7662
way/315013514,8.8,8.3,2.26,4863
way/315013515,8.3,7.9,2.71,3392
way/315013516,8.7,8.2,2.66,7025
way/315013517,8.8,8.3,2.44,4134
way/315013518,9.2,8.7,2.18,6031
way/315013519,9.4,8.9,1.98,4874
way/315013520,9.7,9.2,1.8,5981
way/315013521,9.6,9.1,1.79,4670
way/315013522,9.2,8.5,2.38,4525
way/315013523,9.1,8.4,2.51,5452
way/315013528,8.3,7.5,3.22,2783
way/315013531,8.3,7.8,3.32,3649
way/315013532,17.7,15.9,1.72,279297
way/315132081,7.8,7.1,4.14,13450
way/315132082,11.5,10.9,4.65,50814
way/315135454,12.6,11.0,4.05,385399
way/316377240,14.9,14.0,2.38,17755
way/316377242,19.6,17.9,1.8,59224
way/316377243,16.6,15.1,2.02,50278
way/316377244,13.6,13.0,2.33,47346
way/316377245,14.8,14.6,1.75,2561
way/316377246,10.7,10.0,1.84,20435
way/316377252,17.9,14.8,2.45,233735
way/316457573,16.6,16.2,3.1,62699
way/316489891,16.3,15.8,1.85,27868
way/316644273,18.7,17.6,1.16,8823
way/316644274,20.4,19.9,1.15,4664
way/316644275,17.3,16.6,1.75,11759
way/316644276,16.9,15.5,1.28,28140
way/316644277,17.8,16.8,1.78,37744
way/316644278,18.5,18.4,-0.14,8007
way/316644279,16.6,15.4,1.76,11775
way/316644280,21.2,18.8,0.5,36705
way/316644281,7.1,6.5,0.54,14746
way/316644282,18.6,16.7,1.75,36363
way/316644283,21.0,17.4,1.23,13098
way/316644284,20.0,18.2,0.69,72796
way/316644285,20.3,19.9,1.22,4441
way/316644286,18.9,17.9,0.67,78372
way/316971224,27.4,23.9,2.76,377123
way/316971225,22.7,21.6,3.33,18062
way/316971226,17.8,17.1,2.95,59007
way/316971227,16.7,16.7,3.39,23143
way/316971228,22.7,21.3,3.51,37291
way/316971229,11.6,10.2,2.76,75310
way/316971230,19.2,17.9,3.16,20202
way/316971231,18.2,17.6,3.11,17321
way/316971232,19.6,18.9,2.77,19373
way/316971233,19.6,18.5,3.08,28836
way/318097724,35.4,21.8,1.19,812131
way/319419326,9.7,9.5,7.56,89574
way/319625274,8.3,7.6,6.42,363
way/319625275,8.0,7.3,6.77,433
way/319625276,8.0,7.2,6.79,468
way/319625277,8.0,7.3,6.8,521
way/319625278,8.0,7.3,6.79,487
way/319625279,8.0,7.3,6.79,501
way/319625280,7.9,7.1,6.8,460
way/319625281,7.9,7.3,6.82,500
way/319625282,7.9,7.2,6.83,457
way/319625283,8.0,7.4,6.73,405
way/319625284,8.0,7.2,6.76,383
way/319625285,8.0,7.3,6.73,443
way/319625286,7.9,7.2,6.74,406
way/319625287,8.0,7.3,6.76,445
way/319625288,8.0,7.3,6.73,391
way/319625289,8.0,7.3,6.77,404
way/319625290,8.0,7.3,6.77,375
relation/4453906,17.2,17.2,1.41,37502
relation/4436279,23.4,19.4,1.99,291579
way/320751994,13.4,12.3,1.84,52503
way/325131325,21.7,21.3,0.46,84458
way/325131328,16.4,15.8,0.42,70764
way/325138109,23.0,21.6,0.42,49255
way/325138110,17.7,17.6,3.43,23290
way/325138111,18.4,18.3,3.46,30081
way/325138678,19.3,18.9,3.12,20175
way/325147044,20.0,19.1,3.06,45362
way/325147046,15.9,15.3,3.06,6286
way/325147047,16.1,16.0,3.05,24196
way/325147048,15.1,14.4,3.12,12845
way/325147049,17.4,16.7,3.14,7877
way/325147050,18.6,18.2,3.1,28461
way/325216518,15.3,14.3,1.26,13070
way/325216519,17.5,17.0,1.21,22020
way/325216520,11.0,10.9,1.2,19080
way/325216521,17.4,17.0,1.23,8458
way/325216523,17.4,17.3,1.37,6773
way/325216524,17.4,17.3,1.39,7326
way/325217018,13.3,11.4,1.62,60893
way/325217020,17.4,17.3,1.4,6481
way/325217023,13.1,12.6,1.41,15749
way/325350013,16.0,15.5,3.06,3600
way/325350014,15.7,15.4,3.13,2467
way/325352168,16.3,6.3,3.21,92175
way/325352169,19.4,10.4,3.24,231676
way/325783918,9.6,8.9,1.8,3496
way/325783919,9.4,8.0,1.97,5227
way/325783920,9.4,8.2,2.01,3837
way/325783921,9.5,8.8,1.9,3869
way/325783922,9.5,8.3,1.97,4476
way/325783923,9.5,8.8,1.84,3632
way/325783924,9.5,8.3,1.92,3950
way/325783925,9.4,8.7,1.91,3889
way/325783926,9.5,8.9,1.81,3907
way/325783927,9.5,8.2,1.95,4024
way/325783928,9.5,8.3,1.95,3768
way/325783929,9.5,8.8,1.85,4194
way/325783930,9.6,9.0,1.79,3420
way/325783931,9.5,8.1,1.93,3569
way/325783932,9.5,8.3,2.0,3898
way/325783933,9.7,9.6,1.8,3870
way/325783934,9.5,8.8,1.84,3495
way/325783935,9.5,8.3,1.97,3839
way/325783936,9.5,8.2,1.97,3758
way/325783937,9.5,8.8,1.85,3656
way/326550828,24.5,21.0,3.37,221505
way/326550829,18.0,17.6,3.37,28584
relation/4572157,35.3,31.7,-0.01,310331
way/328011604,9.7,9.2,3.83,15001
way/328011605,10.5,9.8,3.96,15099
way/328017167,8.0,7.9,3.89,21187
way/328019996,10.1,9.5,4.18,15339
way/328022891,9.4,9.0,4.43,7381
way/328024641,15.9,13.0,1.76,19866
way/329106838,17.6,16.7,3.14,13785
way/329106840,34.3,22.8,3.29,7624
way/329106842,23.3,19.3,3.16,13081
way/329280647,10.2,9.7,0.31,8882
way/329280648,10.5,9.8,0.18,9340
way/329280649,10.7,10.2,0.0,7573
way/329280650,10.9,10.4,-0.13,8950
way/329280651,10.5,10.0,0.53,9842
way/329280652,12.8,11.6,0.8,26158
way/329280653,12.3,11.2,0.88,15177
way/329280654,11.5,10.7,0.89,17035
way/329280655,11.2,10.9,0.93,10327
way/329280656,11.2,10.5,0.7,9417
way/329280657,11.2,10.5,0.8,8442
way/329280658,10.8,5.1,0.98,24970
way/329280659,11.0,10.5,-0.19,8631
way/329280660,11.2,10.7,-0.31,7352
way/329280661,11.4,10.9,-0.5,7987
way/329280662,11.2,10.7,-0.33,9400
way/329280663,11.1,10.6,-0.29,8593
way/329280664,10.9,10.0,-0.2,14459
way/329280665,7.2,6.6,0.75,10458
way/329280666,7.3,6.7,0.77,8957
way/329280667,9.0,8.0,0.92,7852
way/329280668,9.0,8.5,1.0,6602
way/329280669,11.7,11.0,-0.12,11964
way/329280670,11.0,10.0,0.59,9398
way/329280671,11.1,10.6,0.36,12022
way/329280672,11.7,10.7,-0.12,8878
way/329280673,10.9,9.8,0.51,10342
way/329280674,11.1,10.1,0.58,23269
way/329280675,9.9,9.4,0.73,8212
way/329280676,8.2,7.6,0.57,58610
way/329280677,9.8,9.3,-0.17,179343
way/329280678,9.6,9.0,0.54,13478
way/329280680,5.1,5.0,0.14,6811
way/329280681,10.1,9.4,0.65,20175
way/329280682,10.2,9.7,0.59,9115
way/329305262,10.3,9.7,1.87,1879
way/329343455,9.1,9.1,0.32,3066
way/329343457,9.1,9.1,0.76,3363
way/329357984,9.6,9.5,1.59,2884
way/329376869,6.6,6.6,8.09,902
way/329442282,9.8,9.7,-0.62,6206
way/329442283,9.7,9.7,-0.56,8923
way/329442284,9.5,9.5,-0.31,6585
way/329442285,7.0,6.9,-0.38,7805
way/329442286,14.4,13.2,-0.63,100425
way/329442287,14.0,12.7,-0.02,110609
way/329442288,14.5,13.3,-0.6,62513
way/329442289,14.4,13.1,-0.63,64288
way/329445775,12.2,10.0,0.73,271653
way/329445776,13.8,10.2,1.28,45151
way/329446005,6.8,6.7,2.27,409
way/329884926,28.5,27.2,1.69,63566
way/330141271,8.4,8.0,2.55,8424
way/330529121,14.2,14.0,2.82,269296
way/330529124,14.3,14.0,3.49,19497
way/330529126,14.7,14.1,3.19,148237
way/330529128,12.1,10.4,1.76,80074
way/330529130,9.1,8.5,3.28,3026
way/330529132,10.1,9.3,5.19,3183
way/330529135,9.7,9.1,6.65,1965
way/330529137,9.8,9.1,7.45,2586
way/330530035,13.8,11.9,12.16,2408
way/330530036,11.5,10.1,13.87,1030
way/330530041,5.4,0.3,5.12,264
way/330610658,17.9,15.5,3.27,315497
way/330614952,15.7,14.3,3.52,36335
way/330614953,13.3,12.0,3.61,58460
way/330614954,9.3,9.0,3.53,69358
way/330614955,12.5,11.7,3.68,29338
way/330614956,15.7,14.9,3.32,78607
way/330614957,9.6,8.9,3.32,29581
way/330614958,5.8,3.9,7.82,22255
way/330614959,3.5,1.8,8.77,25027
way/330614963,10.7,9.7,3.35,34729
way/330614966,6.5,6.2,3.43,952
way/330615363,8.4,8.3,3.77,6846
way/330615364,9.2,9.0,3.8,12441
way/330616282,12.5,11.1,3.79,9063
way/330616283,13.0,10.6,3.76,3812
way/330616284,12.9,12.4,3.74,3589
way/330616285,12.5,11.5,3.74,9954
way/330616286,12.7,11.6,3.73,9181
way/330618661,8.5,8.4,3.76,5608
way/330618663,11.7,8.4,3.69,3111
way/330618664,12.9,12.1,3.63,4183
way/330618665,9.0,8.7,3.6,9129
way/330618666,5.5,5.4,3.43,38302
way/330618667,9.5,8.8,3.38,14044
way/330618668,12.1,8.7,3.44,19758
way/330618669,8.9,8.1,3.48,35362
way/330618670,13.6,12.5,3.6,8356
way/330618671,12.2,6.7,3.61,4848
way/332268848,10.9,7.0,10.12,12791
way/332268849,13.5,12.5,10.42,17985
way/332268850,15.4,13.3,10.45,64981
way/332399843,35.2,33.6,3.58,212464
way/332399844,34.8,9.6,3.73,7679
way/332433743,21.3,21.1,1.67,407441
way/332859568,5.6,5.1,2.17,59202
way/332859569,5.8,5.5,3.12,25985
way/333596299,25.4,23.3,2.98,165472
way/333596300,25.2,4.7,2.13,57593
way/336394734,6.1,6.1,11.08,32816
way/336700028,16.9,15.7,10.38,16468
way/337932058,12.6,11.5,8.38,22596
way/337933189,27.0,25.8,3.07,95372
way/339374431,21.9,21.0,1.69,166475
way/339411485,16.2,14.0,8.99,6414
way/340365470,12.3,10.2,1.65,41747
way/340365878,17.3,17.1,1.74,339326
way/340376460,16.9,13.9,1.62,13535
way/340474046,20.5,18.6,1.43,110841
way/340474047,17.3,16.6,2.69,3107
way/340499802,15.3,14.2,10.59,11935
way/340499804,8.0,7.0,11.07,3357
way/342294357,17.1,15.6,3.93,34669
way/343889421,27.8,24.5,2.33,269373
way/345008076,10.5,9.4,9.67,8877
way/346285649,3.9,3.8,15.29,396
way/346978769,17.8,12.9,2.35,300527
way/346981947,20.8,19.1,9.08,195635
way/346982838,14.3,13.2,10.9,6555
way/347259818,15.0,13.6,7.07,571
way/350301840,19.6,18.5,4.16,122252
way/350328132,12.1,11.4,5.72,14341
way/350497727,5.5,5.5,11.58,3365
way/350497728,32.1,28.2,11.33,45241
way/350582441,12.1,10.8,11.51,28702
way/350582443,12.3,12.2,9.82,16550
way/350588958,13.8,12.6,10.23,32686
way/350899625,11.2,11.1,10.15,29322
way/351409390,16.7,15.5,7.96,28321
way/351505122,22.6,21.2,1.43,422998
way/351505124,5.2,5.2,1.92,20
way/351694869,5.8,5.7,3.22,12673
way/351697257,11.3,11.3,11.41,3157
way/351965721,4.1,4.1,11.35,971
way/351965722,4.1,4.1,11.37,3837
way/352155580,31.0,27.7,1.9,190339
way/352155582,26.2,24.1,1.7,108516
way/352155583,26.3,24.1,1.55,115674
way/352989510,12.2,12.2,5.64,3776
way/353224867,18.1,18.0,12.75,48568
way/353492244,4.8,4.8,1.94,2789
way/353793145,6.9,6.1,9.95,2925
way/353983474,21.7,20.0,2.34,913297
way/353983718,16.9,16.8,2.76,12864
way/353983719,17.2,17.2,2.75,11551
way/353983720,17.0,16.9,2.74,9679
way/353983721,20.0,17.5,2.71,30808
way/353991662,19.6,12.3,2.78,25329
way/353991663,16.8,16.8,2.8,13904
way/353991664,17.4,17.2,2.79,14798
way/353993706,23.0,22.7,2.88,56238
way/354357191,18.4,18.3,1.64,68509
way/354398449,19.3,18.5,3.79,36100
way/354398450,18.6,18.1,3.11,30745
way/355536608,24.3,20.6,1.3,206132
way/357010633,16.0,13.7,5.2,13951
way/357121526,15.3,4.6,3.74,34190
relation/3676582,16.2,13.2,2.64,2035832
way/357707494,21.0,11.4,11.77,88376
way/357747580,4.3,4.2,5.1,120
way/359315104,4.9,4.9,12.84,924
way/359315105,11.0,10.0,9.97,60025
way/359781187,6.1,6.0,5.24,8702
way/361766244,7.5,6.6,0.64,12054
way/362228052,4.2,1.8,10.47,295319
way/362315048,19.8,18.1,9.27,48433
way/362954592,18.5,15.7,12.5,224376
way/362954595,16.1,14.8,13.0,27176
way/363240992,4.8,4.8,10.92,1435
way/363240993,4.8,4.8,6.07,341
way/363240996,18.5,17.4,4.55,25903
way/363538933,11.6,11.2,-0.19,80855
way/363814169,14.4,14.2,3.65,25866
way/365839075,9.6,8.4,0.25,11731
way/365843444,19.8,19.6,0.63,50023
way/365974512,18.5,15.6,1.11,78158
way/366223139,19.0,17.3,2.39,14734
way/366862906,5.5,5.5,3.07,1237
way/366862907,6.5,5.1,3.63,10905
way/371974267,20.4,18.1,1.55,47643
way/374964603,9.5,9.4,1.5,7395
way/374964604,9.2,9.0,1.45,5679
way/374964606,16.7,9.4,1.53,7970
way/374964607,13.3,12.7,1.37,39732
way/375900036,10.2,8.7,9.74,39214
way/376062774,8.6,8.1,-0.01,8365
way/376226404,17.8,17.7,8.55,129124
way/376226405,10.9,10.8,8.36,16258
way/376662373,13.8,4.7,1.47,19949
way/376666138,4.0,4.0,1.53,5196
way/376666140,4.0,3.9,1.56,6315
way/376666144,4.0,4.0,1.5,2407
way/376666146,4.0,3.9,1.51,1030
way/376666148,4.0,4.0,1.56,3417
way/376666150,4.0,4.0,1.56,3193
way/376696350,16.1,16.0,7.83,81934
way/376696351,9.9,9.0,7.75,22799
way/376698835,5.9,4.7,8.77,7532
way/378025637,16.9,16.2,1.56,13694
way/378025638,18.2,16.6,1.57,12539
way/378831685,6.9,6.7,2.13,1859
way/378831686,7.0,6.8,2.0,1702
way/378831687,6.4,6.2,2.53,1687
way/378831688,6.6,6.4,2.42,1389
way/378831689,10.7,10.0,2.64,1280
way/378831690,13.3,12.8,2.81,2839
way/378831691,10.4,9.9,1.62,1514
way/378831692,11.4,10.9,0.76,2313
way/378831698,8.8,7.8,1.67,84187
way/378831699,5.7,5.5,2.29,21708
way/379739490,19.8,18.8,5.1,77168
way/380708565,7.5,6.7,9.4,20801
way/386571732,16.0,8.4,0.13,471260
way/386571733,17.4,14.6,0.89,546941
way/386571740,4.9,4.9,0.29,1745
way/386571746,11.4,10.3,1.78,50986
way/386572065,20.6,17.7,0.66,190944
way/386572066,6.9,6.9,0.66,16330
way/386572072,22.4,22.2,3.17,24276
way/386572073,21.1,18.2,3.18,27194
way/386572076,7.2,6.6,3.11,61575
way/386572097,20.1,18.7,1.39,87932
way/386573801,8.3,8.3,2.47,54383
way/386573802,9.5,8.7,2.3,20830
way/386573803,18.3,14.7,2.79,37039
way/386574569,12.0,10.7,2.08,12369
way/386574573,12.2,11.1,1.69,16238
way/386575292,11.7,11.7,0.51,902
way/386576556,13.4,12.4,1.4,22445
way/386576558,12.9,12.9,-0.26,43624
way/386576559,16.0,15.9,-0.32,37055
way/386576560,8.8,8.3,1.26,2987
way/386576561,8.8,8.3,1.04,3127
way/386576562,9.0,8.5,0.96,2035
way/386576563,9.1,8.5,0.88,2535
way/387309217,12.3,12.2,3.0,70395
way/389853640,19.5,18.0,2.44,141791
way/389853641,23.6,23.0,2.28,226613
way/389853642,22.7,22.4,2.32,18910
way/389853643,19.7,18.5,1.63,4571
way/389853644,31.4,31.2,1.52,18972
way/389853645,20.4,20.4,2.09,142500
way/389865728,11.1,9.3,12.68,395479
way/389865729,9.1,9.0,13.1,12314
way/392356765,16.7,16.7,3.18,47175
way/392356767,20.7,17.9,4.14,130883
way/392951046,18.0,17.3,3.94,34800
way/392951047,18.5,17.3,3.99,34664
way/394167735,11.6,11.1,3.02,70887
way/394167746,4.8,4.8,4.51,2401
way/394167748,19.7,19.3,4.09,118943
way/394170560,8.4,7.5,2.9,157024
way/394172871,10.2,6.9,3.15,47803
way/394176847,14.7,14.5,3.4,89799
way/394232689,14.3,13.5,3.77,87106
way/394232690,9.1,8.3,3.73,27756
way/394232693,8.4,8.4,3.32,16147
way/394232694,9.2,8.4,3.28,36321
way/394235118,20.7,17.9,2.04,58717
way/394235119,25.5,22.5,2.09,110762
way/394235120,9.3,8.5,3.1,57893
way/394235123,8.9,8.8,3.0,58497
way/394235124,17.6,16.5,3.48,11113
way/394478214,11.1,11.0,2.65,7692
way/394478215,10.9,10.9,2.7,1985
way/394482508,8.4,7.9,0.94,16532
way/394482509,8.7,8.0,0.79,15723
way/394482510,9.8,9.2,0.95,10418
way/394741568,17.9,17.7,1.43,101823
way/394741569,14.9,14.2,0.61,155334
way/394745692,14.7,14.3,0.89,48618
way/394745704,17.9,15.4,1.23,87953
way/394745707,16.0,15.0,1.14,199736
way/394866892,6.2,5.5,1.03,82029
way/394866895,10.1,8.7,1.4,15120
way/394869007,8.8,6.8,0.04,42125
way/394982254,4.7,4.6,0.16,624
way/394984048,12.2,11.1,0.87,12611
way/394984810,10.1,9.5,0.94,14048
way/394989724,7.0,6.6,-0.02,26837
way/394989725,11.3,10.5,0.78,12270
way/394989726,11.8,11.2,0.36,5893
way/394989727,11.9,11.1,0.0,6287
way/394989728,11.7,10.9,0.21,10667
way/394989729,11.8,11.0,0.19,10746
way/394990631,14.1,14.1,1.08,15650
way/394990632,12.4,11.7,1.04,13889
way/394990633,8.3,7.7,0.72,67201
way/395001665,21.2,19.0,11.24,5192
way/395001981,20.9,19.4,11.74,6099
way/395001982,20.5,19.4,11.69,7711
way/395001986,18.1,17.3,7.73,33222
way/395001987,19.3,18.4,9.61,35256
way/395061118,4.1,4.0,1.14,46762
way/395065660,8.3,8.3,-0.03,80199
way/395065662,10.6,10.5,-0.05,124530
way/395065663,4.8,2.3,-0.02,42093
way/395065665,11.0,9.1,-0.04,94939
way/395066819,16.1,14.6,-0.13,132206
way/395066820,16.2,14.8,-0.24,143816
way/398930313,22.0,21.9,6.09,48786
way/399047976,16.5,15.4,7.97,15691
way/399048340,16.7,15.6,7.82,15224
way/399051130,17.6,15.6,5.41,15945
way/399112486,14.4,14.3,3.58,110075
way/399114419,25.1,19.3,5.84,953162
way/399114673,21.6,21.1,5.66,471743
way/399736809,5.3,5.1,1.22,7491
way/399736810,7.5,7.4,1.54,7176
way/401750234,17.7,16.0,4.21,42513
way/401764329,5.3,5.2,2.0,3046
way/402180129,4.8,4.7,1.38,2881
way/402277105,16.1,15.8,2.36,417
way/402409399,16.5,16.3,1.12,529032
way/403666731,15.6,12.1,6.68,49422
way/404101149,20.8,17.5,3.45,100778
way/404101150,27.0,24.9,3.59,39951
way/404101152,16.5,15.3,3.21,26517
way/404795021,9.3,8.6,9.85,13647
way/404795022,11.2,10.5,10.32,15385
way/405364269,10.8,10.1,12.62,1436
way/405364270,7.8,7.3,12.11,354
way/405364271,7.9,7.3,12.11,640
way/405546337,13.6,13.5,-0.47,6941
way/405546338,13.8,13.8,-0.76,3073
way/405549103,7.3,7.0,6.21,35586
way/405549105,7.6,7.5,6.16,12029
way/405549123,13.3,13.1,10.52,24255
way/405555601,10.5,8.4,1.1,41185
way/405558913,25.4,22.2,0.73,51536
way/406759420,5.2,5.2,2.34,14659
way/407970574,4.8,4.7,1.55,2712
way/407970576,2.8,2.4,1.42,666
way/407979338,16.1,14.6,10.8,14100
way/407979341,9.3,9.2,11.54,2852
way/407979343,9.8,9.1,12.45,2674
way/407979344,14.2,13.3,11.16,1676
way/407979345,10.9,9.1,12.11,1716
way/407979346,12.0,11.5,11.88,1107
way/407979347,13.3,12.8,12.09,3285
way/407979349,14.6,14.0,12.54,3611
way/408630070,12.9,12.5,9.87,6979
way/408630071,12.8,12.6,9.79,2770
way/408630072,12.9,12.6,9.77,6265
way/408630073,11.7,11.6,9.59,2355
way/408630074,11.4,11.3,9.59,5753
way/408630075,12.4,12.3,9.49,1903
way/408630076,12.5,7.3,9.55,3011
way/408630077,12.5,7.2,9.61,3085
way/408630078,12.0,11.9,9.56,3193
way/408633626,23.3,22.8,10.27,103712
way/414035169,4.4,4.4,8.93,2612
way/414035170,4.6,4.6,8.73,3069
way/414951234,18.2,18.1,5.1,22064
way/419482178,10.8,10.5,10.18,32320
way/419502776,25.1,23.7,9.59,75124
way/419502777,26.4,24.6,9.01,71980
way/419502778,11.2,10.4,8.73,26294
way/421515247,5.6,4.0,4.23,26649
way/422447468,14.2,13.7,9.52,12514
way/422447469,14.5,11.1,9.59,15243
way/422447471,13.6,13.3,9.54,4781
way/422447472,14.5,13.9,9.73,8545
way/422447473,10.6,10.5,9.98,2802
way/422732478,4.3,4.3,7.43,82
way/422732481,12.8,12.8,7.29,8173
way/422732482,11.5,11.4,8.98,1984
way/424058648,9.1,7.0,14.19,13410
way/427774925,8.7,7.3,9.1,51707
way/427774929,11.6,11.2,9.71,139954
way/427774931,17.3,14.6,11.6,115982
way/427774940,15.5,14.4,10.67,29193
way/427774945,13.3,11.3,8.81,104875
way/427774950,16.2,15.6,9.12,47381
way/427774951,13.5,12.2,11.54,42899
way/427774952,12.9,11.9,11.73,45321
way/428662832,17.2,16.3,0.67,7477
way/429974520,6.0,1.9,4.44,6973
way/435840486,15.7,15.5,3.59,17639
way/435840487,17.9,15.5,3.62,15273
way/435840488,15.8,15.7,3.58,23454
way/435840489,17.3,15.8,3.47,12737
way/435840490,15.9,15.6,3.39,9769
way/435840491,17.0,15.6,3.31,9555
way/435840492,16.4,15.8,3.12,16509
way/435840493,17.1,15.8,3.45,6661
way/436684007,9.0,8.4,9.26,18263
way/438193063,8.9,8.8,-0.25,18979
way/438193064,8.9,8.8,-0.24,14002
way/438193065,6.1,6.0,1.1,1355
way/438360311,6.7,6.7,13.84,6154
way/440168462,6.4,6.4,12.41,1564
way/441055581,16.4,16.3,2.84,142229
way/441055582,17.6,15.1,2.43,245353
way/441055583,17.9,15.8,1.36,267877
way/441055584,13.6,10.7,2.29,278930
way/441055585,13.1,12.3,3.18,25062
way/441055586,17.2,15.9,1.75,105066
way/441055587,15.9,14.9,1.44,160017
way/441055588,18.5,14.7,4.07,467205
way/441055589,15.9,12.7,2.14,481354
way/441055590,20.1,18.1,1.86,406711
way/441104811,11.7,10.7,1.86,238399
way/441714977,11.2,10.7,1.63,5013
way/442652025,28.5,25.1,11.95,11944
way/444587431,18.2,17.9,10.64,61000
relation/6616061,22.8,18.8,1.62,777294
way/444777282,9.8,9.8,1.86,56975
way/445442101,17.7,16.0,9.82,16671
way/447789109,8.5,1.0,10.52,43314
way/448400118,13.5,12.7,11.84,13388
way/448400681,2.4,2.1,12.6,25811
way/449107668,19.1,17.5,9.2,136753
way/449131434,2.3,2.0,1.46,646057
way/449364757,7.9,7.9,12.01,5356
way/449364758,7.9,7.8,12.15,1601
way/449364759,7.9,7.8,12.21,1206
way/449364760,11.2,7.8,12.22,2615
way/449452275,8.6,7.7,1.18,37261
way/449460871,13.0,12.6,8.93,45662
way/449460872,13.0,12.5,9.37,13827
way/449625153,11.9,11.9,1.59,36477
way/449625154,12.9,12.8,0.56,2134
way/449625155,12.6,12.6,0.85,6603
way/460120611,8.3,6.5,0.59,16920
way/466002406,11.2,10.7,3.81,34421
way/466002407,12.6,11.9,3.34,9706
way/466002408,15.9,15.2,2.27,38354
way/466002409,15.2,14.2,1.8,26442
way/466918379,2.7,1.5,8.82,231847
way/466918384,14.4,12.9,9.97,19670
way/466918386,13.2,12.6,8.76,4694
way/466918387,12.2,10.8,9.51,8258
way/467148685,12.4,7.1,9.44,38608
way/467148686,9.5,9.0,8.45,12702
way/467148687,10.0,9.4,9.81,45258
way/467148688,8.6,8.1,12.18,17657
way/467148690,11.3,9.9,8.55,19299
way/472789981,7.4,2.4,8.49,237462
way/472794641,3.9,1.8,11.46,1659
way/477875361,22.8,22.7,3.07,66006
way/478322320,6.4,6.3,9.05,19506
way/478322325,6.6,6.5,7.23,856
way/478322326,21.0,19.6,8.16,79147
way/478332807,6.4,6.0,9.86,2650
way/480927578,6.8,6.8,9.55,10434
way/480927584,13.7,13.7,8.7,32309
way/480973837,8.7,8.1,9.07,6478
way/480973858,16.4,13.9,11.28,60183
way/480973860,5.4,5.3,12.14,7720
way/484712901,24.6,21.9,0.57,126671
way/484712903,10.7,8.0,0.07,720518
way/485746759,9.0,7.8,10.03,2162
way/485746760,9.1,7.9,10.05,2037
way/485746867,9.2,8.2,9.06,1846
way/486339127,12.9,12.9,2.12,76878
way/486394868,8.7,7.3,0.9,15718
way/486394869,8.8,7.4,0.9,7387
way/486394870,8.7,7.4,0.93,7224
way/486394871,8.8,7.5,0.92,7953
way/486394872,8.8,8.1,0.9,10986
way/488659126,5.7,5.5,1.64,439
way/489438231,9.2,8.3,9.98,1764
way/489438704,9.3,8.4,9.87,1473
way/489438850,9.2,8.3,9.96,1383
way/489671618,22.6,21.3,2.87,320849
way/489671620,19.5,19.5,3.2,32933
way/492434262,21.3,20.0,7.35,138182
way/492434263,23.7,22.0,7.28,45109
way/492437757,19.6,19.4,3.73,176944
way/492437781,6.7,6.7,3.94,16348
way/492993429,10.3,7.2,16.3,1780
way/492995406,13.0,12.0,12.98,4449
way/492995407,3.9,3.6,13.74,630
way/493023501,8.8,6.6,1.05,58243
way/494345248,4.8,4.8,6.79,8477
way/495995813,9.6,8.8,11.5,3859
way/497358235,19.2,18.2,11.39,153060
way/497358236,17.6,17.5,9.84,138168
way/497358238,19.1,18.9,10.5,119445
way/506261215,22.9,19.7,2.25,422294
way/507546036,10.3,9.7,1.17,2448
way/510885410,2.7,1.1,3.45,126005
way/516807844,14.5,14.5,5.93,5554
way/517301260,18.6,17.3,7.86,77599
way/517301263,18.8,17.6,7.55,62564
way/517306012,20.1,18.9,9.67,53597
way/517306014,19.0,17.8,10.65,80736
way/517306015,19.3,18.1,10.31,72303
way/517560263,12.0,10.5,1.69,39449
way/517592734,13.8,12.9,1.96,31991
way/518995668,20.5,20.3,1.26,100268
way/519564192,16.0,15.9,4.66,189501
way/519564193,5.1,4.7,5.27,2825
way/519564194,14.7,14.0,5.03,22638
way/520247055,9.1,9.0,1.78,57221
way/520247057,20.6,18.8,2.17,151553
way/520896472,3.8,2.4,2.13,253068
way/523452308,14.3,13.4,1.2,26984
way/523452309,4.7,4.7,1.63,1388
way/524668061,6.5,6.4,1.46,92538
relation/7574724,25.5,21.5,1.09,984620
way/524741797,9.8,7.8,10.56,425566
way/525510001,11.1,10.2,8.52,38232
way/525723345,12.9,11.1,10.74,3066
way/525723346,12.3,11.7,10.76,15157
way/525723347,18.5,15.5,12.51,25606
relation/7627181#1,3.3,3.3,10.43,34
way/532510781,11.4,11.1,10.3,2585
way/532510782,12.0,12.0,8.85,18821
way/532510783,10.9,10.0,10.04,14138
way/532512857,21.5,19.1,9.37,134307
way/544890482,11.8,9.8,10.76,126168
way/547212717,9.8,9.4,11.2,7130
way/547212718,11.7,11.3,10.2,10332
way/547212720,12.8,11.7,10.85,3876
way/548116412,14.4,12.8,10.23,14008
way/548119355,18.0,16.5,11.32,46779
way/548119356,18.4,16.9,11.4,53702
way/549559772,22.7,19.3,1.72,168601
way/549576983,18.0,16.5,8.45,28727
way/549576984,17.8,17.0,8.58,24910
way/549576985,17.4,16.1,8.65,39682
way/549576988,15.3,10.4,8.81,85517
way/549576990,11.9,10.3,8.87,49630
way/549576991,12.2,12.1,8.89,8899
way/549576992,16.7,14.4,8.78,36307
way/549576993,14.5,13.8,8.77,19690
way/549576995,10.6,5.0,8.52,17233
way/549576996,13.1,12.6,8.65,9668
way/549577356,14.9,14.1,8.28,14868
way/549577357,14.4,14.0,8.11,14661
way/549577358,14.5,14.0,8.06,14177
way/549577359,13.4,13.2,7.9,14225
way/549577360,14.9,14.4,7.84,8725
way/552452104,9.8,9.4,1.32,45993
way/552882987,11.2,1.9,4.16,111305
relation/7921569,8.0,7.9,13.23,12508
way/554985161,13.0,12.9,9.18,10631
way/554991011,13.7,13.5,11.42,28603
way/554991015,14.1,7.6,11.43,1857
way/555168389,10.0,7.1,13.29,15849
way/556020643,12.2,11.4,10.23,1816
way/556020644,12.7,11.0,11.72,2440
way/556020645,9.6,8.6,9.52,901
way/556020647,9.0,8.4,10.76,1183
way/556020649,11.8,10.9,10.46,1302
way/556739914,15.4,14.1,2.93,16719
way/556740785,20.0,16.3,4.13,6937
way/557362009,9.8,9.7,13.43,33625
way/557516204,16.7,14.4,1.53,25340
way/557532045,16.4,12.0,2.6,15693
way/558926729,12.0,6.7,3.52,13444
way/558926730,11.5,10.7,3.59,22602
way/558926731,25.5,15.4,2.78,6563881
way/558926735,12.1,9.1,3.52,15065
way/558926738,10.1,10.0,3.6,34421
way/558926740,11.7,10.8,3.56,30937
way/558926743,11.6,7.8,3.52,24483
way/558926746,16.8,8.0,3.54,20337
way/558926747,11.7,7.5,3.53,9230
way/558927977,11.5,11.4,3.75,3070
way/558927978,11.4,11.4,3.73,2834
way/561595448,20.2,17.3,2.1,122200
way/562911482,4.8,4.7,13.22,1467
way/572715090,16.9,16.8,10.95,6124
way/572926872,13.8,3.5,0.21,50507
way/572926875,10.8,7.7,1.45,692601
way/581158887,13.0,10.8,1.87,1769979
way/584286614,14.5,14.4,1.28,39915
way/584296626,13.9,12.3,1.52,50271
way/585507291,20.6,19.9,8.96,109529
way/585733541,14.5,12.5,2.18,39254
way/585733543,19.1,17.6,2.17,27269
way/587068308,7.7,6.9,12.82,495
way/587068309,7.0,7.0,12.74,683
way/587068310,8.2,8.1,12.73,408
way/587068311,8.2,8.0,12.8,259
way/587068312,8.3,8.1,12.72,180
way/587068313,9.5,9.4,12.92,925
way/590878259,2.9,2.8,-1.82,14625
relation/8347563,18.6,17.5,3.04,32690
way/593140762,16.2,15.6,3.49,57227
way/595385301,20.4,19.0,5.92,191366
way/595385302,21.0,18.9,4.95,203049
way/607822223,2.8,2.6,8.68,1844
way/611618176,20.3,15.1,3.43,164574
way/611618534,19.6,18.5,4.42,16543
way/611618537,19.3,18.2,4.61,24958
way/611618539,19.9,18.6,4.25,15144
way/611618541,22.2,21.3,4.0,38362
way/611618543,17.9,16.4,5.57,46571
way/611618545,15.8,14.9,5.06,23025
way/611618550,14.5,14.4,4.7,33846
way/612788283,10.8,10.7,2.62,17780
way/612788285,10.7,10.5,2.68,2785
way/612788287,11.3,10.7,2.72,7829
way/612788288,11.4,10.7,2.75,9793
way/612788290,13.5,5.4,2.8,10988
way/612788292,13.9,13.3,2.95,8767
way/612788295,14.1,13.8,3.09,7325
way/612788296,15.6,11.8,3.18,6698
way/612788297,17.3,15.6,3.22,8479
way/612788298,19.6,16.7,3.28,13071
way/614570699,20.1,17.1,10.83,23050
way/614570701,6.4,5.9,10.61,1612
way/615274599,2.3,1.1,11.05,82531
way/619585267,15.6,14.5,4.58,4112
way/619585268,15.3,14.4,6.2,1452
way/619585270,6.1,6.0,5.11,1662
way/619585272,17.2,16.2,5.11,18565
way/619585274,16.5,15.4,4.8,15603
way/619585283,14.8,13.7,4.98,7107
way/619585285,10.2,8.6,3.47,310891
way/619585288,12.9,11.6,3.29,63850
way/619585289,15.4,14.5,3.39,13204
way/619585290,11.8,11.5,3.39,4889
way/619585291,16.7,14.9,3.38,70923
way/619585292,15.8,15.2,3.62,7968
way/619585293,16.9,16.1,3.12,81451
way/619585294,7.5,7.3,3.1,9287
way/619585295,11.8,10.3,3.04,34610
way/619585300,11.5,11.4,3.23,48954
way/619585301,9.3,9.2,3.26,77583
way/619585302,12.4,10.1,3.69,71067
way/619585303,9.8,7.9,3.28,52205
way/619585304,6.7,6.5,3.5,16126
way/619585305,6.7,6.4,3.57,67826
way/619585306,7.9,7.2,3.74,67395
way/619585307,13.0,9.2,3.35,25712
way/619585308,13.0,9.1,3.42,10774
way/619585309,11.5,9.8,3.52,29976
way/619585310,10.8,10.1,3.65,10234
way/619585312,11.0,9.3,3.54,275712
way/619585313,12.7,12.0,3.58,8411
way/619879351,14.1,12.3,2.86,15428
way/619879352,14.0,11.4,2.93,5840
way/619879353,13.1,10.9,3.03,4984
way/619879354,13.2,11.5,3.05,30634
way/619879355,11.5,11.0,3.19,13896
way/619879356,11.8,11.1,3.21,12706
way/619879357,13.8,11.4,3.33,10593
way/619879358,13.7,10.8,3.44,10045
way/619879360,10.9,9.9,3.73,18565
way/619879361,13.9,13.0,3.66,11750
way/619879362,8.2,5.3,3.55,6909
way/619879363,10.9,10.6,3.64,16307
way/619879364,8.6,8.5,3.47,10260
way/619879365,11.4,10.2,3.31,12978
way/619879366,11.4,10.3,3.17,9540
way/619879367,8.9,8.7,2.97,11590
way/619879368,10.9,10.9,2.78,12543
way/619879369,8.8,8.7,2.69,12503
way/619879370,10.9,10.8,2.41,22957
way/619879371,12.1,10.6,2.15,13339
way/619884573,27.1,25.9,3.53,13439
way/619884575,25.6,7.7,1.95,26985
way/619893935,17.4,16.9,2.58,9547
way/619893936,17.8,16.9,2.49,25506
way/619893937,16.0,15.2,2.44,11556
way/619893938,16.0,15.1,2.38,11512
way/619893939,17.0,15.7,2.26,11673
way/619893940,18.7,17.4,2.12,14293
way/619893941,18.8,18.1,2.15,27662
way/619893942,20.3,19.2,2.1,25091
way/619893943,20.4,18.8,2.07,29401
way/619893944,17.0,15.8,0.84,18332
way/619893945,18.6,17.8,0.82,19024
way/619893946,19.9,19.7,1.34,16194
way/619893947,19.7,18.7,1.81,16401
way/619893948,14.4,13.7,1.73,15559
way/619893949,13.1,12.0,1.74,27618
way/619893950,11.0,10.1,1.74,6962
way/619893951,11.6,10.8,1.78,9921
way/619893952,13.4,11.7,1.78,19508
way/619893953,11.3,10.3,1.77,10443
way/619893954,11.5,11.2,1.76,12490
way/619893955,11.5,11.4,1.7,50302
way/619893956,12.5,11.6,1.68,11786
way/619893957,20.3,19.4,1.35,100983
way/621003793,16.5,14.9,1.39,151227
way/622480546,13.7,13.5,0.98,3746
way/626177918,39.4,12.7,11.3,33340
way/627713669,5.3,4.4,1.1,5827
way/629363501,5.3,5.1,1.11,21176
way/629363502,5.4,4.3,1.08,7513
way/629363503,5.8,5.3,1.02,4442
way/636257126,16.7,16.5,9.06,38847
way/636257132,24.1,13.9,9.11,79038
way/636257142,9.5,8.7,13.74,1101
way/636257143,9.5,8.8,13.77,1215
way/636257144,9.2,8.6,13.92,1647
way/636257145,9.3,8.5,13.91,1129
way/636257146,9.2,8.5,13.93,1116
way/636257147,9.2,8.5,13.94,973
way/636257148,9.1,8.5,14.02,1067
way/636257149,8.5,7.8,14.64,1056
way/636257150,9.0,8.4,14.11,1010
way/636257151,8.8,8.0,14.44,930
way/636257152,8.5,7.9,14.77,1119
way/636257153,9.2,8.6,14.08,1071
way/636257154,9.5,8.8,13.71,802
way/636257155,9.2,8.4,13.33,1168
way/636257156,9.2,8.5,13.34,4312
way/636257157,9.1,9.0,13.54,1430
way/636257158,9.2,9.1,13.59,1379
way/636257159,9.1,8.3,13.47,1206
way/636257160,9.1,8.3,13.41,1101
way/636257161,9.1,8.4,13.42,1076
way/636257162,9.1,8.3,13.43,1036
way/636257163,9.1,8.4,13.42,1040
way/636257164,9.1,8.4,13.45,1070
way/636257165,8.7,8.1,13.86,1137
way/636257166,9.0,8.3,13.51,914
way/636257167,9.4,8.6,13.16,835
way/636257168,6.8,4.1,13.85,5279
way/636257170,8.6,7.9,13.59,2078
way/636257171,9.4,8.7,12.94,877
way/636257172,9.7,9.0,12.83,941
way/636257173,9.7,9.0,12.82,878
way/636257174,9.5,8.9,12.68,922
way/636257175,9.5,8.7,12.73,971
way/636257176,9.6,8.8,12.55,958
way/636257177,9.3,8.6,13.44,1419
way/636257178,9.4,8.8,12.98,1439
way/636257179,9.4,8.7,13.05,1548
way/636257180,9.3,8.5,13.11,1495
way/636257181,9.5,8.9,13.25,1280
way/636257182,9.4,8.8,13.36,1243
way/636257183,9.7,8.9,13.65,2338
way/636257184,9.3,8.5,13.94,2028
way/636257185,9.1,8.5,14.17,2179
way/636257186,9.2,8.5,14.09,1973
way/636257187,9.3,8.5,14.06,2324
way/636257188,9.7,9.0,13.79,1696
way/636257189,9.6,9.0,13.82,1647
way/636257190,9.6,8.9,13.83,1708
way/636257191,9.6,8.8,13.85,1727
way/636257192,9.6,9.0,13.88,2200
way/636257193,9.5,8.5,13.91,2273
way/636257194,9.5,8.5,13.97,2314
way/636257195,9.5,8.8,14.0,2292
way/636257196,9.3,8.3,14.01,2328
way/636257197,9.1,8.3,13.66,1708
way/636257198,9.2,8.4,13.64,1594
way/636257199,9.4,8.6,13.63,2007
way/636257200,9.5,8.6,13.64,1929
way/636257201,4.9,4.4,14.93,869
way/636257202,8.6,8.2,13.87,4322
way/643190330,4.6,4.6,8.37,10499
way/644055693,20.9,18.1,10.8,3302
way/648586346,4.6,4.6,10.23,181
way/653945102,18.0,17.1,3.85,3722
way/653945103,20.3,18.0,3.74,5519
way/655468867,15.3,13.2,1.91,28261
way/656146755,18.4,17.0,1.99,6620
way/657456421,16.4,15.8,1.86,99235
way/657456422,24.5,20.6,2.08,46713
way/657456423,16.1,15.3,1.84,20124
way/658248811,32.0,29.1,2.99,515156
way/658248812,25.2,23.4,3.03,909987
way/659371031,13.8,13.2,8.57,13172
way/660336972,6.5,6.4,1.38,7030
way/660336973,10.5,5.1,1.39,3440
way/660336974,11.4,5.0,1.43,3688
way/660336975,9.7,9.2,1.48,8669
way/660336976,10.7,9.8,1.59,34514
way/660336977,17.4,16.4,1.61,17240
way/660336978,16.4,15.6,1.67,10447
way/660336979,14.8,9.7,1.63,51046
way/660336980,14.4,13.1,1.59,22608
way/660339399,17.3,17.2,1.3,13568
way/660339404,12.5,11.9,1.69,13480
way/660339406,12.4,11.9,1.52,12639
way/660339409,12.8,12.1,1.43,14293
way/660343257,19.5,13.5,0.46,17683
way/660343258,22.3,19.2,0.48,37383
way/660343259,22.9,20.4,1.67,11988
way/660343260,14.7,14.0,1.73,18142
way/660343261,15.5,14.8,1.7,11186
way/660630234,2.2,2.2,11.09,14180
way/660630236,4.2,4.2,11.02,4747
way/661026898,12.4,11.9,12.48,1216
way/661026899,8.5,8.5,11.56,30
way/661026903,6.8,6.8,13.0,657
way/661026904,8.7,8.1,12.01,4105
way/661026907,11.0,10.4,12.51,1113
way/661026909,10.6,9.9,11.88,4587
way/661026911,10.9,10.0,12.1,9472
way/661026912,9.0,8.4,11.89,913
way/662444010,13.8,12.2,7.55,257522
way/663919474,15.2,14.3,12.93,60654
way/663919476,19.0,16.4,12.88,34202
way/663919478,15.8,14.9,12.8,22949
way/663919479,7.9,7.8,12.64,79918
way/664239249,15.9,13.0,10.92,156487
way/664735384,5.1,5.0,7.5,3602
way/664944040,16.6,16.1,8.39,14193
way/664944041,13.0,12.2,8.37,29393
way/664944042,9.0,8.5,7.74,16365
way/664944043,6.4,2.2,7.67,27760
way/664944044,10.8,8.5,7.7,33298
way/664944045,12.1,11.5,8.5,6015
way/664944806,6.7,1.8,8.42,37847
way/665684875,11.1,9.2,1.15,23342
way/665684876,10.8,8.7,1.4,30819
way/665684877,10.8,8.9,1.49,32737
way/665684879,9.7,8.6,1.68,14074
way/665684880,9.8,8.7,1.56,14456
way/665684881,10.0,9.0,1.36,11640
way/665684882,11.9,9.0,2.03,28720
way/665684883,10.4,10.3,2.08,7284
way/665684884,12.3,11.5,2.09,7616
way/665684885,10.5,10.5,2.04,6877
way/665684886,14.6,13.9,2.13,11136
way/665684887,13.0,13.0,2.4,13114
way/665684888,11.9,11.4,2.33,3631
way/665684889,11.0,10.6,2.34,2729
way/665684891,11.5,10.9,2.3,10850
way/665684892,17.9,17.1,2.09,17627
way/665684893,18.0,17.3,2.04,17047
way/665684894,17.5,16.7,2.24,18557
way/665684898,5.7,5.0,2.0,1197
way/665684899,9.5,8.2,1.93,3603
way/665684900,9.6,9.6,1.83,3235
way/665684901,8.9,5.6,1.89,8282
way/665684902,9.4,8.8,1.91,3325
way/665684903,10.5,8.8,1.92,2956
way/665684904,9.4,8.9,1.91,3100
way/665684905,10.6,8.9,1.89,3022
way/665684906,9.6,9.1,1.8,3126
way/665684907,10.6,8.9,1.82,2888
way/665684908,9.4,1.8,1.75,3126
way/665684909,10.6,9.0,1.76,3203
way/665684910,9.5,8.9,1.82,3411
way/665684911,10.6,9.0,1.88,3118
way/665684912,9.0,7.9,1.83,2698
way/665684913,9.0,7.9,1.84,2876
way/665684914,9.0,7.9,1.85,3302
way/665684915,9.0,8.0,1.84,3179
way/665684916,9.3,8.2,1.69,2820
way/665684917,9.2,8.1,1.75,2788
way/665684918,9.0,7.9,1.85,2697
way/665684919,9.0,7.9,1.85,2609
way/665684920,9.6,8.6,1.54,2332
way/665684921,9.6,8.5,1.57,2270
way/665684922,9.4,8.3,1.66,2229
way/665684923,9.3,8.2,1.72,2266
way/665684924,9.3,8.2,1.72,2225
way/665684925,9.2,8.2,1.7,2299
way/665684926,9.2,8.1,1.81,2369
way/665684927,9.3,8.2,1.77,2597
way/665684928,9.1,8.1,1.81,3226
way/665684929,8.9,8.0,1.91,3295
way/665684930,9.0,8.0,1.92,2778
way/665684931,10.0,9.2,1.54,14929
way/665684932,9.9,9.0,1.65,15019
way/665684933,9.9,9.0,1.63,14967
way/665684934,10.0,9.2,1.49,14352
way/665684935,10.1,9.3,1.31,13881
way/665684936,10.2,9.3,1.37,15306
way/665684938,8.3,8.1,1.46,15611
way/665684940,10.8,10.8,1.59,13336
way/665684941,10.5,8.7,1.74,25504
way/665684942,11.0,10.4,1.65,10322
way/665684943,15.3,14.3,1.69,26376
way/665684944,15.5,13.7,1.8,14506
way/665684945,16.6,16.0,1.74,11325
way/665684946,16.6,15.9,1.77,12298
way/665684947,17.1,16.5,1.67,38786
way/665684948,14.4,10.4,1.29,30640
way/665684949,18.0,17.8,1.59,35994
way/665707015,14.2,14.1,11.37,160202
way/665707016,9.2,8.8,11.43,1972
way/665707017,9.1,8.3,11.48,2548
way/665707018,9.0,8.3,11.51,1301
way/665707019,9.0,8.3,11.6,3106
way/665707020,8.8,7.7,11.66,5618
way/665707024,9.4,8.8,12.09,2770
way/665707025,9.1,8.6,12.16,2769
way/665707026,9.2,8.4,12.26,3138
way/665707027,8.9,8.3,12.34,3513
way/665707028,8.8,8.3,12.37,3136
way/665707029,8.7,7.1,12.62,6025
way/665707030,8.9,8.3,12.55,1996
way/665707031,8.9,8.4,12.53,2014
way/665707032,9.0,8.4,12.5,1929
way/665707033,9.0,8.4,12.45,2057
way/665707035,8.7,8.2,12.44,2080
way/665707038,8.8,8.2,12.4,2287
way/665707042,8.8,8.2,12.36,2796
way/665707043,8.9,8.3,12.33,2715
way/665707044,8.9,8.3,12.32,2894
way/665707045,9.0,8.4,12.26,2878
way/665707046,9.0,8.4,12.22,2994
way/665707047,9.6,9.0,12.48,4107
way/665707048,9.4,8.9,12.52,4783
way/665707049,9.4,8.9,12.55,4544
way/665707050,9.3,8.8,12.61,3322
way/665707051,9.4,8.8,12.64,2754
way/665707052,9.4,8.8,12.64,2762
way/665707053,9.4,8.8,12.67,2505
way/665707054,9.3,8.7,12.71,2622
way/665707055,11.8,11.7,12.69,10574
way/665707056,13.5,13.3,12.77,23473
way/665707057,14.9,14.3,12.84,30586
way/665707058,6.4,5.9,11.52,3343
way/665707059,6.4,5.9,11.54,3537
way/665707060,6.4,5.8,11.6,3788
way/665707061,6.3,5.8,11.6,3408
way/665707062,8.8,8.2,11.36,6333
way/665707063,9.1,8.5,11.14,2787
way/665707064,9.2,8.7,11.0,2838
way/665707065,9.1,8.6,10.77,2600
way/665707066,9.2,8.6,10.66,2836
way/665707067,9.4,8.9,10.47,2823
way/665707068,9.4,8.9,10.42,2410
way/665707069,9.2,8.7,10.35,2321
way/665707070,9.3,8.6,10.35,4920
way/665707071,9.0,8.4,11.77,2525
way/665707072,8.7,7.5,11.88,4597
way/665707073,9.0,8.4,11.78,2294
way/665707074,8.8,7.7,11.82,3808
way/665707075,6.6,5.7,11.97,5202
way/665707076,6.7,5.8,11.97,4769
way/665707077,9.0,7.8,11.97,5654
way/665707078,9.0,8.4,12.04,2877
way/665707079,8.8,8.2,12.22,2686
way/665707080,8.9,8.3,12.26,3030
way/665707081,12.9,11.7,12.94,5974
way/665707082,10.8,10.1,13.02,3362
way/665707083,13.7,13.4,13.06,2581
way/665707084,11.2,10.2,11.39,22776
way/665707086,6.0,5.2,12.66,22731
way/665707088,14.4,12.8,13.21,54493
way/665707089,14.3,13.7,13.47,14042
way/665707090,11.2,10.4,13.58,28105
way/665707091,10.2,9.3,13.68,23869
way/665707093,6.4,5.5,12.84,7851
way/665707094,6.3,5.4,12.92,17034
way/665707096,9.4,8.8,12.82,3663
way/665707097,9.4,8.7,12.85,5931
way/665707098,9.4,8.7,12.86,4330
way/665707099,9.4,8.7,12.82,2399
way/665707100,9.0,8.3,12.78,2412
way/665707101,9.0,8.3,12.74,3676
way/665707102,9.0,8.4,12.7,3646
way/665707103,9.1,8.5,12.6,3434
way/665707104,9.2,8.6,12.52,3461
way/665707105,9.3,8.8,12.53,3430
way/665707106,9.2,8.7,12.69,3635
way/665707107,9.2,8.5,12.72,3626
way/665707108,9.0,8.4,12.76,3636
way/665875615,11.1,10.1,11.61,64539
way/665875616,13.1,11.4,11.83,67308
way/665875617,15.8,15.2,11.89,28457
way/665875618,12.6,11.8,12.03,10683
way/665875619,12.4,11.2,12.12,14920
way/665875620,14.4,14.3,12.18,67186
way/665875621,6.0,5.2,11.58,6112
way/665875622,6.5,5.8,11.05,9502
way/665875623,6.8,6.0,10.76,5930
way/665875624,5.9,5.5,11.75,4311
way/665875625,5.1,4.4,12.55,7068
way/665875626,5.9,4.9,11.77,8530
way/665875627,6.8,6.2,10.81,4946
way/665875628,7.1,5.9,10.48,11457
way/665875630,15.8,14.2,12.34,10193
way/665875631,15.9,15.5,12.38,9423
way/665875632,15.8,15.3,12.44,6322
way/665875633,15.8,15.3,12.48,6967
way/665875634,6.8,6.8,13.05,12608
way/665875635,13.5,12.6,12.68,11911
way/665875636,15.3,13.5,12.99,119159
way/665875637,14.4,14.2,13.44,247737
way/665875638,11.8,10.5,12.73,18913
way/665875639,13.4,12.8,12.72,39998
way/665875640,7.2,6.9,12.78,2243
way/665875641,14.9,14.2,13.0,11014
way/665875647,9.0,8.3,12.17,2237
way/665875648,9.0,8.3,12.19,2332
way/665875649,9.4,8.9,11.84,4893
way/665875650,9.2,8.5,11.97,2871
way/665875651,9.0,8.4,12.11,4114
way/665875652,6.3,5.8,12.73,4049
way/665875653,6.6,6.1,12.44,4791
way/665875654,8.9,8.2,12.78,1678
way/665875655,8.7,8.2,12.85,2989
way/665875656,9.2,8.8,12.29,2938
way/665875657,9.1,8.6,12.29,2323
way/665875658,8.9,8.4,12.5,1986
way/665875659,10.1,9.3,13.3,9628
way/665875660,12.5,9.2,13.03,33305
way/665875661,11.0,5.2,13.12,13288
way/665875662,13.5,13.5,13.1,5612
way/665875663,14.3,8.7,13.1,11296
way/665875664,15.7,14.9,13.07,10433
way/665875665,12.5,12.0,13.06,5380
way/665875667,9.2,8.6,12.45,2814
way/665875668,9.1,8.4,12.68,2193
way/665875669,9.0,8.4,12.99,1675
way/665875670,9.2,8.5,12.8,2025
way/665875671,9.1,8.4,12.95,2219
way/665875672,9.4,9.0,12.44,2169
way/665875673,8.9,8.4,12.57,6534
way/665875674,11.9,11.8,12.72,10730
way/665875675,16.1,13.5,12.93,31865
way/665913477,10.0,9.0,4.6,10610
way/665913478,9.6,8.9,4.03,820
way/665913479,9.5,8.8,4.03,886
way/665913480,9.5,8.9,3.99,1465
way/665913481,9.5,9.2,4.01,1273
way/665913482,9.5,8.9,4.01,1519
way/665913483,9.6,8.9,3.99,1455
way/665913484,9.6,9.0,3.95,1493
way/665913485,9.6,9.0,3.93,1637
way/665913486,9.6,9.0,3.94,2180
way/665913487,9.6,9.1,3.94,2191
way/665913488,9.6,9.0,3.93,1614
way/665913489,9.4,9.1,4.74,1640
way/665913490,9.5,8.9,4.62,1955
way/665913491,9.6,9.0,4.59,2085
way/665913492,9.6,8.9,4.57,1707
way/665913493,9.3,8.8,4.57,1584
way/665913494,9.6,9.0,4.35,1758
way/665913496,9.4,8.8,4.56,1456
way/665913497,9.4,8.8,4.53,1402
way/665913501,9.5,8.9,4.49,1525
way/665913502,9.3,8.7,4.82,1506
way/665913503,9.4,8.8,4.89,1706
way/665913504,9.4,8.8,4.85,1768
way/665913505,9.5,8.9,4.75,1714
way/665913506,9.6,9.0,4.63,1643
way/665913507,9.6,9.0,4.61,1838
way/665913508,9.5,8.9,4.6,1946
way/665913509,9.4,8.9,4.58,1614
way/665913510,9.6,9.1,4.4,1487
way/665913511,9.4,8.8,4.6,1474
way/665913512,9.4,8.8,4.59,1503
way/665913513,9.4,8.8,4.51,1523
way/665913514,9.9,9.4,4.86,1780
way/665913515,9.7,8.5,4.94,2935
way/665913516,9.7,9.2,5.07,1511
way/665913517,9.7,9.2,5.07,1603
way/665913518,9.5,8.9,4.6,1168
way/665913519,9.4,8.8,4.62,1392
way/665913520,9.4,8.8,4.67,1239
way/665913522,9.3,8.7,4.7,1312
way/665913523,9.3,8.7,4.74,1335
way/665913524,9.3,8.7,4.78,1660
way/665913525,9.1,8.5,4.65,1275
way/665913526,9.1,8.5,4.65,1014
way/665913527,9.1,8.5,4.65,1151
way/665913528,9.1,8.5,4.62,1222
way/665913529,9.2,8.6,4.58,1506
way/665913530,9.2,8.6,4.58,1150
way/665913531,9.3,8.6,4.58,1243
way/665913532,9.3,8.6,4.57,1277
way/665913533,13.5,13.3,4.81,6020
way/665913534,22.3,20.3,3.61,65540
way/665913535,20.8,20.1,4.29,48319
way/665913536,9.7,9.0,4.38,1173
way/665913537,9.3,8.7,4.75,982
way/665913538,9.3,8.6,4.72,870
way/665913539,9.4,8.8,4.65,689
way/665913540,9.5,8.8,4.5,833
way/665913541,9.6,9.0,4.45,897
way/665913542,9.6,9.0,4.4,993
way/665913543,9.3,8.7,4.8,1785
way/665913544,9.3,8.6,4.8,1348
way/665913545,9.2,8.5,4.85,1480
way/665913546,9.3,8.7,4.8,1506
way/665913547,9.3,8.6,4.74,1846
way/665913548,9.5,8.9,4.56,1637
way/665913549,9.6,9.0,4.49,1589
way/665913550,9.6,9.0,4.42,1698
way/665913551,9.7,9.1,4.4,1524
way/665913552,9.7,9.1,4.38,1398
way/665913553,9.7,9.1,4.33,1246
way/665913554,9.7,9.1,4.33,968
way/665913555,9.5,8.9,4.96,1572
way/665913556,9.5,8.9,4.95,1678
way/665913557,9.6,9.0,4.84,1741
way/665913558,9.6,9.0,4.8,1518
way/665913559,9.8,9.2,4.69,1613
way/665913560,9.8,9.2,4.63,1857
way/665913562,9.4,8.9,4.55,1923
way/665913563,9.4,8.8,4.51,1575
way/665913564,9.5,9.0,4.48,1467
way/665913565,9.6,9.1,4.38,1530
way/665913566,9.7,9.1,4.29,1852
way/665994758,17.5,17.4,1.9,24348
way/665994759,12.7,12.7,2.11,37762
way/665994760,15.3,14.0,2.11,67825
way/665994761,11.6,11.5,2.37,49586
way/665994762,13.7,10.4,2.08,116878
relation/9254412,21.4,14.8,2.63,725802
way/665994766,17.3,16.0,3.98,100295
way/665994767,17.2,16.4,3.63,36961
way/665994768,16.2,15.4,3.5,10368
way/665994769,16.2,15.4,3.46,8394
way/665994770,16.3,15.5,3.32,24059
way/665994771,18.6,18.5,3.13,43458
way/665994772,8.2,8.2,4.09,13909
way/665994773,16.1,15.0,3.79,80854
way/665994774,18.6,18.2,3.64,34075
way/665994775,19.9,19.5,3.57,85900
way/665994776,14.0,13.7,3.51,18715
way/665994777,16.4,15.6,2.99,12538
way/665994778,15.0,13.9,3.45,41944
way/665994779,15.9,15.0,2.87,37184
way/665994781,13.9,12.5,2.73,117824
way/665994782,12.3,12.2,1.62,13366
way/665994783,12.4,12.4,1.67,8428
way/665994784,13.6,12.8,1.75,19046
way/665994786,16.2,15.4,1.81,9295
way/665994787,15.6,15.2,1.85,4757
way/665994789,11.8,11.7,1.87,8005
way/665994790,14.0,13.9,1.93,8711
way/665994791,15.7,14.8,1.97,7632
way/665994793,14.8,13.3,2.56,11999
way/665994794,14.6,13.7,2.43,22092
way/665994796,15.5,14.8,2.35,7323
way/665994797,16.3,15.1,2.32,36771
way/665994799,15.7,14.3,2.58,6507
way/665994801,13.6,11.0,2.51,29954
way/665994803,14.0,13.2,2.48,6922
way/665994804,13.5,13.0,2.31,5305
way/665994805,15.3,14.1,2.24,18107
way/665994806,17.9,16.7,2.18,47110
way/665994807,11.5,10.1,2.1,64203
way/665994808,11.2,10.5,2.07,28021
way/665994809,10.9,10.0,2.04,51841
way/665994810,10.6,8.4,1.94,24979
way/665994811,8.5,8.4,1.85,23576
way/665994812,8.8,8.8,1.81,29919
way/666554139,18.0,17.7,1.5,34480
way/668203676,19.0,18.1,1.57,23805
way/668203677,14.2,12.7,1.9,53986
way/668245140,15.0,14.4,2.36,9390
way/668245141,16.6,16.0,2.23,32576
way/668344579,20.5,18.4,4.76,35923
way/668344580,20.3,17.8,4.63,24176
way/668344582,18.7,18.0,3.64,35448
way/668344583,15.8,14.7,3.49,28689
way/668344590,6.7,1.8,3.6,188
way/668725000,11.3,10.5,11.33,13717
way/668725002,7.3,7.2,10.28,3354
way/669319349,9.3,8.5,12.41,1192
way/669319353,11.9,7.3,10.24,12236
way/669319359,10.7,10.6,10.7,2624
way/669319361,10.4,7.2,11.11,3766
way/669319363,7.8,7.0,14.0,1143
way/669319374,12.9,12.8,11.31,4777
way/669319380,11.7,11.4,10.41,891
way/669319382,14.4,13.6,10.24,1821
way/669319384,15.0,14.1,10.33,3262
way/669319385,10.0,4.6,11.58,2875
way/669319388,12.0,9.1,10.42,14647
way/669319396,10.1,4.9,11.39,8511
way/669319399,14.0,11.0,9.73,3589
way/669319407,13.6,10.9,9.64,6485
way/669319416,7.1,2.9,9.84,21198
way/669319426,10.5,9.6,12.78,9572
way/669319427,13.0,13.0,9.88,4863
way/669319431,11.4,10.7,9.97,2922
way/669319432,7.7,6.5,10.63,13403
way/669319438,7.9,7.1,11.65,8874
way/669319439,10.6,5.5,11.09,5850
way/669974033,11.4,10.6,11.87,25537
way/669974034,3.7,3.7,13.36,784
way/670557666,26.6,23.1,2.23,205441
way/673129531,17.7,17.2,2.05,123862
way/673129534,18.5,16.7,2.0,182822
way/673129536,17.1,16.3,1.72,111030
way/676382221,6.8,6.0,0.26,9206
way/676382222,11.9,11.2,-0.04,33201
way/676382223,7.2,7.2,-0.08,8194
way/676382224,12.2,11.6,-0.08,629
way/676382229,9.2,8.6,0.17,1135
way/676383253,8.8,6.2,-0.22,26844
way/676383256,10.1,8.1,-0.13,15558
way/676383257,6.5,6.2,-0.06,2201
way/676383258,5.9,5.7,-0.14,460
way/676383259,7.8,7.0,0.08,1384
way/676383266,8.2,7.8,0.2,82
way/676383267,9.3,8.0,0.07,1670
way/676383268,9.4,8.6,0.09,1905
way/676383269,9.2,8.3,0.09,2535
way/676383270,9.2,8.4,0.15,1684
way/676383271,9.2,8.4,0.17,1236
way/676383272,9.3,8.6,0.18,1190
way/676384484,8.9,8.7,-0.41,28
way/677070800,15.7,8.9,2.32,231087
way/677070801,13.4,13.3,1.84,18670
way/677070803,9.1,8.1,1.99,29936
way/680878171,7.9,7.9,4.07,29600
way/682720650,11.8,11.8,8.66,58556
way/683240615,14.1,13.2,4.17,9219
way/683240617,15.4,14.3,4.35,9624
way/683240619,15.3,14.1,4.39,7180
way/683240620,12.5,12.0,4.4,8936
way/683240621,13.4,12.0,4.48,4708
way/683240622,14.4,13.5,4.46,5211
way/683240623,14.3,13.7,4.07,3590
way/683240624,8.0,7.8,4.03,3560
way/683240625,7.9,7.6,4.01,2424
way/683240626,9.3,7.7,3.94,1522
way/683240627,10.2,7.8,3.92,2759
way/689268905,12.1,11.3,3.99,19249
way/689346945,12.2,11.5,4.03,8546
way/689347365,6.1,6.1,4.27,3524
way/689347797,6.2,6.1,4.17,6421
way/689348459,6.0,5.8,4.09,7586
way/695003194,9.4,8.7,11.37,470
way/695003195,9.4,8.8,11.39,427
way/695003196,8.5,7.6,12.26,435
way/695003197,11.8,11.4,10.28,849
way/695003198,11.8,11.3,10.25,791
way/695003199,11.8,11.4,10.43,504
way/695003200,11.2,10.8,11.04,599
way/695003201,11.8,11.4,10.69,497
way/695003202,12.0,11.5,10.59,410
way/695003204,10.3,9.5,10.36,8152
way/695003205,6.5,5.7,10.08,7364
way/695003207,6.3,5.9,10.53,2506
way/695003209,8.9,8.3,11.27,2272
way/695003210,8.9,8.4,11.29,6498
way/695003211,8.9,8.2,11.82,1332
way/695003212,9.7,8.9,11.48,1815
way/695003213,9.7,8.9,11.44,2081
way/695003214,9.8,9.0,11.35,2775
way/695003215,12.6,11.1,11.67,1760
way/695003216,12.6,11.6,11.58,886
way/695003217,12.3,11.5,11.74,717
way/695003218,12.5,11.5,11.67,1008
way/695003219,12.3,11.4,11.79,633
way/695003220,12.3,11.3,11.8,609
way/695003221,12.6,11.6,11.55,937
way/695003222,12.5,11.7,11.53,1047
way/695003223,12.5,11.7,11.1,2768
way/695003224,12.5,11.5,11.09,1994
way/695003225,12.5,11.6,11.11,1452
way/695003226,12.4,11.4,11.11,2156
way/695003227,11.7,11.4,10.96,3035
way/695003228,12.6,11.6,11.03,1404
way/695003229,12.7,11.8,11.0,1239
way/695003230,12.6,11.8,11.06,1615
way/695003231,12.5,11.6,11.07,1679
way/695003232,12.5,11.6,10.44,1839
way/695003233,12.7,11.7,10.3,1722
way/695003234,12.4,11.4,10.56,2094
way/695003235,12.5,11.6,10.53,1998
way/695003236,11.8,11.5,9.65,2603
way/695003237,12.8,11.9,9.97,1714
way/695003238,12.9,11.9,9.93,1566
way/695003239,12.5,11.5,10.2,1599
way/695003240,12.7,11.7,10.05,1706
way/695003241,12.4,11.5,11.52,313
way/695003242,12.5,11.5,11.49,378
way/695003243,12.3,10.8,11.41,447
way/695003244,12.5,11.6,11.28,324
way/695003245,12.5,11.6,11.2,309
way/695003246,12.3,11.3,11.05,352
way/695003247,12.4,11.5,11.01,369
way/695003248,12.3,11.3,10.92,349
way/695003249,12.5,11.6,10.82,421
way/695003250,12.5,11.5,10.74,379
way/695003251,12.5,11.5,11.12,711
way/695003252,12.5,11.5,11.2,753
way/695003253,12.4,11.4,11.0,670
way/695003254,12.4,11.6,11.07,791
way/695003255,12.6,11.7,10.86,828
way/695003256,11.4,11.1,11.52,651
way/695003257,12.5,11.6,11.42,699
way/695003258,12.5,11.6,11.49,675
way/695003259,12.7,11.6,10.73,703
way/695003260,12.3,11.3,11.3,603
way/695003261,12.7,11.8,11.36,657
way/695003262,11.5,11.0,9.46,2262
way/695003263,12.5,11.6,9.88,684
way/695003264,12.4,11.5,9.83,1436
way/695003265,12.3,11.5,10.07,508
way/695003266,12.3,11.3,9.97,576
way/695003267,12.1,11.1,10.12,564
way/695003268,12.2,11.4,10.14,509
way/695003269,12.6,11.6,9.66,1551
way/695003270,12.4,11.5,9.7,1585
way/695003271,12.4,11.5,9.71,1217
way/695003272,12.5,11.5,9.71,1357
way/695003273,12.4,11.5,9.71,1533
way/695003274,12.5,11.5,9.72,1761
way/695003275,12.4,11.5,9.74,1850
way/695003276,12.3,10.8,9.79,2183
way/695003277,12.5,11.5,9.79,1377
way/695003278,12.3,11.0,9.79,2063
way/696901391,17.8,14.4,2.35,16881
way/696901392,15.5,14.7,2.26,9282
way/696901393,15.8,14.6,2.19,10828
way/696901394,15.9,14.9,1.91,17998
way/696901395,14.1,13.0,2.03,5179
way/696901396,20.0,15.9,2.61,154896
way/696901397,18.3,16.0,2.67,8050
way/696901398,19.9,16.3,2.74,13256
way/696901399,23.5,18.5,2.81,18128
way/696901400,17.8,17.2,2.74,13195
way/696901401,20.1,19.6,2.95,19071
way/696901402,20.1,19.5,2.98,11082
way/696901403,21.4,19.4,2.96,9118
way/696901404,19.5,19.4,2.95,8071
way/696901405,22.1,19.4,2.95,12268
way/696901406,20.1,19.4,2.96,12510
way/696901407,19.5,13.0,2.9,29575
way/696901408,13.6,12.5,2.86,14018
way/696901409,12.5,9.1,2.78,14884
way/696901410,12.9,11.9,2.71,10334
way/696901411,19.2,17.7,2.15,25272
way/696901412,20.5,20.5,2.58,9913
way/696901413,13.0,12.4,2.63,12129
way/696901414,12.4,10.9,2.61,14261
way/696901415,17.5,16.8,1.95,11193
way/696901416,17.3,16.3,1.9,25864
way/696901417,16.5,15.8,1.96,5112
way/696901418,16.3,15.2,1.95,3058
way/696901419,15.8,15.2,1.94,7925
way/696901420,15.2,14.3,2.42,10479
way/696901421,15.5,14.7,1.89,13069
way/696901422,14.7,13.8,1.85,19999
way/696901423,16.0,15.3,2.2,9726
way/696901424,17.5,15.3,2.35,27314
way/696901425,15.9,15.0,2.42,8012
way/696901426,15.3,14.6,2.41,13429
way/696901427,14.8,14.1,1.83,15788
way/696901428,15.1,14.3,1.82,13442
way/696901429,15.6,14.8,1.81,13673
way/696901430,15.6,15.1,1.81,8482
way/696901431,9.1,9.0,1.77,7828
way/696901432,9.1,9.0,1.76,13745
way/696909141,12.3,9.9,1.98,21646
way/696909142,13.2,12.3,2.01,10572
way/696909143,14.0,13.0,2.01,13114
way/696909144,18.7,16.2,1.94,14804
way/696909145,17.1,15.5,1.97,218217
way/696909146,20.1,18.1,-0.34,13091
way/696909147,17.7,16.9,2.02,17549
way/696909148,20.4,19.2,2.35,46460
way/696909149,20.4,19.5,2.29,48944
way/696909150,19.2,19.2,2.36,4229
way/697131602,20.0,19.9,2.76,5143
way/697131603,16.5,15.6,2.74,7013
way/697131604,16.6,15.7,2.7,13313
way/697131605,23.2,21.4,2.01,11419
way/697131606,16.4,15.7,1.96,11524
way/697131607,16.5,15.7,1.92,11892
way/697131608,16.5,15.8,1.89,12401
way/697146027,15.7,9.0,1.63,14815
way/697146028,17.3,9.1,1.61,44450
way/697146029,16.2,12.3,1.61,47733
way/697162486,17.7,1.8,1.83,14032
way/697162487,17.5,17.4,1.59,15659
way/697162488,11.9,11.7,1.93,18219
way/697162489,8.8,7.3,1.85,188538
relation/6009155,25.8,19.3,2.09,2002947
relation/6009155#1,22.5,19.6,1.9,279751
way/723185047,9.4,9.3,7.55,10074
way/723185048,10.0,9.5,8.75,5544
way/727170811,13.3,10.8,2.63,267167
way/727170812,14.9,13.5,2.75,107065
way/727170813,16.1,15.5,2.1,19515
way/727170814,16.0,15.3,2.03,9447
way/727170815,16.4,12.2,1.91,16088
way/727170816,12.6,12.5,1.86,17311
way/727170817,15.2,14.5,1.72,17467
way/740128062,27.0,19.4,4.15,855088
relation/10241800,12.0,11.9,9.37,79480
way/740773217,13.7,12.6,9.67,16882
way/740773218,5.3,5.3,10.05,519
way/740773219,11.6,10.3,10.14,3562
way/740773220,11.6,10.2,10.12,2266
way/740773221,10.5,9.2,10.17,7246
way/740773222,18.0,16.9,10.03,21347
way/740773223,14.5,13.6,9.1,37469
way/740958706,19.3,15.9,1.81,273791
way/740958708,13.4,12.4,2.29,7846
way/740958709,13.4,12.5,2.25,10284
way/740958710,13.1,12.6,2.24,10493
way/740958711,19.6,16.2,2.02,132511
way/740958712,12.7,8.5,2.22,6348
way/740958713,6.0,5.9,1.65,13877
way/740985417,17.7,12.9,3.81,388503
way/741006509,17.3,15.1,2.23,14906
way/741006511,16.4,16.3,2.51,16717
way/741006512,17.8,16.1,0.53,30885
way/741888505,12.7,11.8,2.48,93685
way/742169005,15.2,15.0,6.43,13834
way/745669736,8.4,8.3,9.34,18547
way/746623887,12.7,10.8,1.88,9711
way/746623888,12.6,10.7,1.9,10375
way/746623889,11.1,9.7,1.84,46555
way/751615055,15.0,14.4,8.29,4241
way/751615057,12.3,11.4,6.3,5126
way/751615058,21.7,18.9,6.18,82863
way/751615060,10.1,9.2,6.67,11733
way/751615063,17.2,16.1,6.71,5714
way/751615829,13.7,12.5,8.31,36255
way/752851685,9.5,8.6,7.48,5214
way/752851689,7.2,6.8,7.43,2045
way/752851690,7.3,6.9,7.3,1919
way/752851692,8.0,7.7,7.15,5344
way/752851693,13.9,13.8,0.8,3748
way/752851695,6.4,5.8,6.59,24487
way/752851696,8.1,8.0,7.25,11075
way/752851699,9.7,8.4,0.35,9795
way/752851701,7.5,7.1,7.13,2926
way/752851703,8.5,8.1,6.29,11930
way/752851705,9.1,8.3,7.16,11938
way/752851712,7.2,6.8,7.47,2532
way/752851713,17.6,16.5,1.36,33629
way/752851715,16.1,14.4,4.32,48637
way/752851717,7.4,7.0,7.23,2025
way/752851718,11.7,11.0,7.14,3829
way/753590209,10.2,9.1,1.21,11240
way/753590210,11.2,10.4,1.14,5344
way/753590211,11.1,10.4,1.25,4486
way/753590212,11.1,10.4,1.19,5635
way/753590213,11.2,10.2,1.26,4927
way/753590214,11.0,10.3,1.27,4942
way/753590215,12.3,11.5,1.28,4995
way/753590216,12.3,11.5,1.26,5112
way/753590217,12.3,11.5,1.28,4904
way/753590218,12.2,11.4,1.37,5517
way/753590219,12.2,11.4,1.31,5073
way/753590220,12.1,11.3,1.42,4764
way/753590221,12.2,11.4,1.38,4898
way/753590222,12.3,11.5,1.21,5434
way/753590223,12.3,11.5,1.23,5729
way/753590224,12.3,11.5,1.25,7510
way/753590225,12.3,11.5,1.25,7278
way/753590226,12.3,11.5,1.24,5840
way/753590227,12.2,11.5,1.26,5775
way/753590228,12.3,11.5,1.22,6201
way/753590230,12.2,11.4,1.15,8503
way/753590231,11.9,11.1,1.41,7764
way/753590232,12.0,11.0,1.46,7303
way/753590233,11.9,11.0,1.47,7335
way/753590234,12.0,11.0,1.43,8392
way/753590235,12.0,11.0,1.41,9185
way/753590236,10.3,8.6,1.15,9274
way/753590237,9.1,8.5,1.06,11648
way/753590238,9.1,8.5,1.06,14096
way/753590239,9.1,8.5,1.06,11941
way/753590240,9.0,8.5,1.03,9982
way/753590241,9.0,8.5,1.12,8088
way/753590242,11.9,11.0,1.31,8273
way/753590243,12.2,11.1,1.19,7447
way/753590244,12.1,11.2,1.29,7539
way/753590245,12.0,11.1,1.32,6372
way/753590246,11.9,11.0,1.41,7958
way/753590247,12.2,11.3,1.28,6128
way/753590248,12.1,11.3,1.27,6312
way/753590249,9.1,8.5,1.12,8629
way/753590250,9.1,8.4,1.31,9624
way/753590251,9.0,8.5,1.24,8361
way/753590252,8.8,8.3,1.46,8496
way/753590253,8.7,8.1,1.51,9225
way/753590254,8.7,8.1,1.52,10321
way/753590255,8.8,8.3,1.4,11108
way/753590256,11.1,10.1,1.39,5376
way/753590257,11.0,9.9,1.4,5861
way/753590258,10.9,9.9,1.43,5238
way/753590259,11.0,10.2,1.34,6038
way/753590260,11.0,10.2,1.33,5732
way/753590261,11.1,10.1,1.33,5739
way/753590262,11.0,10.2,1.39,5379
way/753590263,11.0,10.2,1.33,6487
way/753590264,11.1,10.2,1.31,5917
way/753590265,11.1,10.3,1.3,5763
way/753590266,11.0,10.2,1.35,5451
way/753590267,11.1,10.4,1.32,6598
way/753590268,11.0,9.8,1.35,6238
way/753590269,11.0,10.1,1.35,5492
way/753590270,11.0,9.9,1.42,5675
way/753590271,11.0,10.0,1.5,5725
way/753590275,17.3,14.7,1.37,113351
way/753590276,13.0,12.3,1.34,108633
way/754235824,23.2,19.5,5.71,20024
relation/17545694,20.7,17.6,4.32,73444
way/754235826,18.8,17.6,3.76,87613
way/754235827,10.5,9.4,4.4,32930
way/754235828,26.3,23.1,5.52,67253
way/754235829,20.9,17.4,4.57,79881
way/754235831,5.1,2.5,4.33,35450
way/754235832,20.9,20.7,4.48,38594
way/754314944,18.5,16.8,6.4,14491
way/754314945,20.1,16.7,6.51,58528
way/754319659,18.1,1.8,6.7,7938
way/754319660,17.1,17.0,4.95,88214
way/754319661,12.6,11.6,6.13,3996
way/754319662,11.4,2.5,6.15,171
way/754319663,12.6,11.8,6.06,4420
way/756599053,5.8,5.7,3.15,2231
relation/4453904,15.4,14.5,1.22,57709
relation/4453905,21.2,12.8,2.82,158438
way/770996632,28.8,26.1,1.11,94676
way/777293282,2.3,2.0,8.95,35949
way/792889157,19.1,16.6,1.7,25979
way/798868150,8.4,7.2,1.17,43877
way/800991288,23.3,20.4,1.98,195836
way/828481114,9.4,8.3,2.92,88163
way/844048868,19.2,15.5,2.75,177677
way/858536277,13.3,12.7,1.53,7558
way/862492375,23.1,20.2,1.78,294475
way/862495803,15.3,14.3,1.16,4250
way/865108716,21.5,21.5,2.28,79912
way/865108717,19.2,15.1,2.53,108687
way/865108718,17.8,17.4,3.0,13193
way/865108719,7.7,7.1,2.81,47316
way/865108720,13.2,6.7,3.26,81950
way/868152749,21.4,19.0,3.83,75712
way/871519900,4.8,2.2,2.37,288
way/871972760,9.4,9.0,4.29,266
way/871972761,13.6,11.9,4.13,928
way/871972763,14.2,13.4,4.19,1331
way/871972764,16.5,15.9,8.44,1631
way/871977334,12.7,12.7,15.34,911
way/871977335,12.5,12.2,16.11,122
way/871977363,13.7,12.7,14.54,579
way/875254356,17.2,16.9,12.97,9689
way/875254357,21.7,20.7,11.28,27486
way/875254358,9.6,9.6,9.77,10983
way/875254361,19.1,18.1,9.8,67501
way/875254362,14.7,2.3,10.05,23188
way/875254363,11.5,11.5,11.96,8616
way/875254364,11.4,8.3,12.1,6895
way/875254365,13.2,8.2,11.79,2994
way/875254366,10.0,8.9,12.55,27773
way/875254367,14.5,14.4,12.97,5531
way/875254368,16.0,15.7,13.13,11302
way/875254369,18.5,17.3,13.12,8657
way/875254370,14.4,14.1,12.9,3437
way/875257220,21.1,10.2,5.28,135125
way/875257221,13.1,9.2,5.65,28143
way/875257223,9.5,9.4,5.63,2300
way/875257224,11.7,11.7,5.68,7366
way/875257225,11.0,10.9,5.65,10650
way/875257226,14.4,10.2,5.63,67981
way/875265225,11.5,10.4,6.68,37867
way/875266830,13.6,10.1,5.06,177382
way/875266831,10.6,9.7,4.93,20883
way/875266832,10.6,9.4,2.14,21501
way/875266833,10.6,5.8,4.77,132860
way/891590976,12.5,12.4,5.52,6635
way/891628348,16.5,15.9,5.46,3916
way/891628349,16.7,15.6,5.39,5303
way/891633744,18.6,17.1,5.31,42628
way/891655145,19.0,16.6,5.17,5168
way/903225744,42.9,42.6,2.86,214321
relation/12341770,7.7,5.4,1.96,49142
relation/12341771,9.6,8.6,2.32,23709
way/909079824,3.2,2.7,4.57,16815
way/909120271,19.6,18.7,3.29,16546
way/909123028,13.2,9.4,1.93,91298
way/915649800,14.7,14.0,10.2,2723
way/915649803,12.6,11.7,8.65,2255
way/915649805,12.8,12.0,8.81,1064
way/915649809,10.1,9.3,8.78,1319
way/915649810,9.5,8.9,9.76,779
way/916828731,12.0,9.2,0.25,569070
way/921669628,9.3,8.7,8.28,2522
way/921669629,9.7,9.1,7.82,2557
way/921669630,9.9,9.2,6.5,2168
way/921669631,9.9,9.3,6.49,2405
way/921669632,9.9,9.3,6.45,1714
way/921669633,10.0,9.4,6.39,2139
way/921669634,10.0,9.4,6.38,1685
way/921669635,10.6,10.5,6.33,2110
way/921669636,10.1,9.5,6.28,1753
way/921669637,12.9,12.4,3.43,2311
way/921669638,12.0,11.4,4.35,2324
way/921669639,10.1,9.6,6.28,2491
way/921669640,10.1,9.6,6.28,2671
way/921669641,10.0,9.5,6.3,1916
way/921669642,9.9,9.3,6.44,2207
way/921669643,10.2,9.4,5.04,2057
way/921669644,10.2,9.6,5.1,2342
way/921669645,11.4,9.5,5.07,2021
way/921669646,10.2,9.5,5.06,2320
way/921669647,10.9,9.5,5.06,2441
way/921669648,10.1,9.5,5.1,2302
way/921669649,10.2,9.3,5.17,2179
way/921669650,10.1,9.4,5.18,2622
way/921669651,10.9,8.9,5.65,2174
way/921669652,10.1,9.4,5.19,2488
way/921669653,11.3,9.4,5.18,3214
way/921669654,10.2,9.6,5.17,3228
way/921669655,10.1,9.3,5.17,5235
way/921669656,9.3,8.6,3.12,2670
way/921669657,9.2,8.5,3.11,2440
way/921669658,9.2,8.6,3.14,2389
way/921669659,9.3,8.7,3.09,2635
way/921669660,9.3,8.7,3.09,2437
way/921669661,9.3,8.6,3.09,2382
way/921669662,9.3,8.6,3.14,2412
way/921669663,9.2,8.6,3.12,2771
way/921669664,9.2,8.6,3.14,2966
way/921669665,9.3,8.7,3.17,5444
way/921669666,9.1,8.4,3.21,3023
way/921669667,9.1,8.5,3.23,2263
way/921669668,9.1,8.5,3.27,3306
relation/12508023,11.1,11.1,11.43,4346
way/926906113,10.9,10.8,2.72,242731
way/926906115,12.4,11.5,3.13,5470
way/926906116,12.2,11.2,2.55,4871
way/926906117,9.5,8.6,2.76,6811
way/926906118,8.7,8.1,2.61,6865
way/926906119,9.7,8.9,2.11,3692
way/926906120,11.5,10.6,2.4,5100
way/926906121,11.2,10.3,2.53,5456
way/926906122,10.0,9.0,2.28,8810
way/926906123,8.6,8.1,2.72,7104
way/926906124,8.9,8.0,2.46,13363
way/926906125,11.1,10.1,2.63,5148
way/926906126,9.6,8.8,2.62,8103
way/926906127,8.7,8.2,2.67,6317
way/926906128,8.6,8.1,2.72,6122
way/926906129,9.1,8.3,2.72,4737
way/926906130,8.8,8.2,2.6,9695
way/926906131,9.6,8.7,2.48,8307
way/926906132,8.9,8.3,2.34,8765
way/926906133,11.3,10.8,2.34,7876
way/926906134,11.3,10.7,2.32,10129
way/926906135,12.3,11.4,2.39,5370
way/926906136,11.0,10.1,2.62,5536
way/926906137,15.8,14.9,3.12,3768
way/926906138,11.2,10.3,2.7,3935
way/926906139,11.5,11.1,2.36,11730
way/926906140,11.4,10.9,2.53,4420
way/926906141,12.6,11.6,2.85,6275
way/927255500,10.0,9.3,2.21,3953
way/927255502,6.7,6.3,3.37,6624
relation/12549461,20.9,20.4,2.0,304767
way/927255504,12.2,11.9,2.46,97261
way/927255505,11.7,11.7,2.42,40994
way/927255508,12.9,11.0,2.39,45434
way/927255509,5.5,4.9,2.39,3658
way/927255510,7.7,6.6,1.9,18632
way/927255511,12.5,11.6,1.99,5195
way/927255512,15.0,14.9,2.89,12161
way/927255513,18.0,17.2,2.9,5088
way/927255514,17.8,16.8,2.75,28679
way/931386087,17.0,11.6,10.81,4299
way/931497937,6.9,6.8,12.41,3005
way/931497938,5.0,4.8,14.26,3467
way/934824420,9.3,9.0,9.98,126
way/934923912,13.3,12.0,1.67,57046
way/934923913,9.3,9.0,1.15,916
way/934923914,9.3,9.0,1.02,1498
way/934923915,9.1,9.0,1.24,1287
way/934923916,8.7,8.2,1.14,2197
way/934923917,8.9,8.5,1.01,1425
way/934923918,9.1,8.8,1.11,1256
way/934923919,4.7,2.1,1.71,1369
way/934923920,5.9,4.7,1.7,1761
way/934923921,10.5,7.2,1.9,1294
way/934923922,7.4,7.1,2.22,1886
way/934923923,14.9,14.3,1.98,29403
way/934923924,16.7,16.2,1.3,994
way/934923925,2.2,2.2,1.88,1812
way/934923926,10.3,10.0,2.55,2952
way/934936313,4.9,4.8,1.99,98794
way/934936315,4.8,4.7,2.07,5612
way/934936316,4.8,4.8,2.21,57044
way/934936317,14.7,13.9,2.05,15525
way/934991742,14.1,13.2,12.81,3724
way/934991743,9.4,8.6,12.8,1177
way/934991744,10.6,10.2,8.95,812
way/934991745,10.9,10.2,9.08,518
way/934991746,14.2,13.2,8.51,2741
way/934991747,12.6,12.3,5.26,1557
way/934991748,8.6,7.7,5.98,2490
way/934991749,5.7,0.5,7.59,103
way/934993899,7.2,7.2,9.82,3051
way/934993900,6.8,6.3,11.27,1776
way/934996452,9.5,8.7,10.94,2095
way/934996453,9.7,9.1,10.85,1567
way/934996454,9.8,9.0,10.72,1881
way/934996455,9.5,9.0,10.53,1358
way/934996456,9.9,9.4,10.19,1400
way/934996457,9.9,9.3,9.98,1403
way/935376841,13.0,12.4,9.71,2160
way/935376842,14.0,13.1,9.05,1003
way/935376843,17.1,16.6,7.27,2642
way/935377501,18.1,17.4,8.38,11471
way/935405717,10.7,10.2,8.87,851
way/935405718,10.8,10.3,8.84,761
way/935405719,10.9,10.4,8.94,666
way/935405724,12.8,11.6,12.97,2370
way/935405725,14.2,13.4,9.27,1255
way/935405727,14.3,13.6,9.52,451
way/936375234,10.3,9.3,4.05,544
way/936375235,11.4,10.5,4.11,577
way/936375236,10.7,10.2,4.19,230
way/936375237,10.9,10.1,8.1,229
way/940969924,18.5,17.1,10.26,51984
way/940969925,9.4,9.1,9.02,5983
way/940969926,9.4,8.9,8.96,4460
way/940969927,9.6,9.3,8.99,4741
way/940969928,8.0,7.6,10.92,3072
way/940969929,8.1,7.7,10.81,2634
way/940969930,8.6,8.2,10.37,2869
way/940969931,8.7,8.3,10.31,3970
way/940969932,9.2,8.6,10.72,2104
way/940969933,7.8,7.0,8.98,9236
way/940969934,7.3,6.5,8.97,5736
way/940971809,7.6,7.1,10.78,2927
way/940971810,8.7,8.1,9.77,3073
way/940971811,8.6,8.0,9.62,2684
way/940971812,8.8,8.3,9.38,5589
way/940971813,12.8,11.9,8.57,2796
way/940971814,9.9,9.2,8.62,2728
way/940971815,12.6,11.6,8.7,1809
way/940971816,12.6,11.7,8.77,1918
way/940971817,12.6,11.6,8.72,2070
way/941737368,12.0,11.3,-0.02,32827
way/941737369,11.2,10.3,0.03,21197
way/941737370,12.2,11.5,-0.03,9625
way/941737371,12.6,11.7,-0.01,10657
way/941737372,12.5,11.5,0.09,36219
way/941737373,12.3,11.6,-0.05,26017
way/941737374,12.6,11.7,0.12,9734
way/941737375,12.6,11.7,0.18,13294
way/941737377,9.8,9.0,0.48,560
way/942487661,7.5,6.7,9.97,1647
way/942487662,7.8,7.1,9.79,1528
way/942487663,7.7,7.0,9.65,1253
way/942487664,7.7,7.0,9.67,1301
way/942487665,8.9,8.3,10.68,947
way/942487666,9.2,8.5,10.81,1951
way/942487667,9.5,8.7,11.15,2112
way/942487668,9.5,8.7,11.32,1510
way/942487669,9.3,8.5,11.51,1544
way/942487670,9.3,8.5,11.75,1513
relation/1178781,15.6,12.7,0.52,2015485
way/946143744,12.8,12.7,1.88,49498
way/956043298,13.8,13.3,6.56,3740
way/963494454,10.6,9.2,10.95,29740
way/967061055,4.1,1.8,1.19,9739
relation/13040397,21.1,20.7,8.17,280215
way/971396861,26.9,21.4,7.37,539222
way/971396862,26.1,24.8,7.79,499584
way/974227827,12.1,11.5,0.07,672
way/974227828,12.2,11.6,-0.08,472
way/974227829,12.1,11.4,-0.05,487
way/974227830,12.2,11.5,-0.05,648
way/974227831,12.1,11.5,-0.1,1367
way/974227832,12.1,11.5,-0.1,530
way/974227833,12.1,11.4,-0.07,1066
way/974227834,12.2,11.6,-0.09,429
way/974227835,12.1,11.4,-0.09,885
way/974227836,12.2,11.7,-0.07,444
way/974227837,12.1,11.5,-0.05,840
way/974227838,12.2,11.6,-0.05,594
way/974227839,12.1,11.3,-0.07,928
way/974227840,12.1,11.5,-0.05,617
way/974227841,12.2,11.4,-0.05,1094
way/974480582,11.0,10.1,9.1,3173
way/974480583,10.8,9.9,9.14,1383
way/974480584,10.5,9.3,9.33,1750
way/974480585,10.5,9.5,9.41,1453
way/974480586,10.4,9.4,9.54,1463
way/974480587,6.6,5.8,11.46,1312
way/974480588,7.4,7.2,9.89,2348
way/974480589,7.6,6.9,10.1,1519
way/974480590,7.8,7.2,10.21,1657
way/974480591,7.7,7.2,10.35,1689
way/974480592,7.6,7.0,10.45,1691
way/974480593,7.5,7.0,10.57,1737
way/974480594,7.2,6.6,10.82,1750
way/974480595,7.1,6.5,10.92,1808
way/974480597,8.5,7.6,11.53,1347
way/974480598,8.6,7.6,11.49,1390
way/974480599,9.6,8.6,10.43,1005
way/974480600,9.7,8.7,10.18,794
way/974480601,9.5,8.5,10.36,818
way/974480602,9.8,8.9,10.0,833
way/974480603,9.5,8.6,10.25,900
way/974480604,9.3,8.3,10.49,854
way/974480606,3.4,2.7,6.22,103
way/974480607,4.9,4.9,5.97,154
way/974480611,8.0,7.3,5.51,548
way/974480612,7.3,6.0,6.74,652
way/974480613,7.0,5.9,6.84,487
way/974480614,7.0,5.9,6.87,572
way/974480615,7.4,6.7,6.86,659
way/974480616,7.0,5.9,7.14,219
way/974480617,7.0,6.0,7.17,238
way/974480618,6.9,5.7,7.22,212
way/974480619,7.0,5.8,6.98,592
way/974480620,6.4,5.1,7.4,465
way/974480621,6.6,5.3,7.51,215
way/974480622,15.9,14.6,7.6,831
way/974480623,11.6,10.9,7.92,736
way/974480624,11.2,10.5,7.91,678
way/974480625,14.4,13.6,7.5,760
way/974480626,14.5,13.7,7.46,705
way/974480627,14.4,13.8,7.45,691
way/974480628,7.2,6.3,6.81,363
way/974480629,7.3,6.4,6.79,370
way/974480630,7.2,6.0,6.8,593
way/974480631,7.3,6.5,6.71,387
way/974480632,8.8,8.0,5.26,377
way/974480633,10.0,8.0,5.27,395
way/974480634,15.3,14.3,8.12,1115
way/974480635,15.6,14.7,7.85,1239
way/974480636,15.9,14.8,7.88,1244
way/974480637,15.5,14.7,7.9,1255
way/974480638,15.6,14.8,7.88,1130
way/974480639,15.0,14.2,7.96,1072
way/974480640,14.8,14.0,8.03,1115
way/974480641,14.7,14.2,8.11,1185
way/974480642,14.7,14.0,8.11,1221
way/974480644,12.6,11.1,6.28,6549
way/975118275,7.4,5.6,6.16,6200
way/980706487,15.7,13.6,2.54,5448
way/980728628,16.1,13.9,3.09,185287
way/980730472,9.9,8.8,1.36,3705
way/980730474,12.5,11.6,1.09,41976
way/984592871,18.9,16.9,10.79,37422
way/986972774,8.1,7.1,6.33,580
way/993326888,11.9,9.9,4.33,22378
way/993326889,11.2,8.9,4.48,30638
way/993326890,9.8,8.3,4.48,22544
way/993326891,15.2,13.8,4.26,53374
way/993326892,16.7,15.8,4.46,10593
way/993326893,17.6,16.1,4.41,9227
way/993326894,15.9,13.8,4.28,16817
way/993326895,16.6,16.0,4.4,9364
way/993326896,17.6,16.5,4.35,10560
way/993326897,17.6,16.6,4.44,17741
way/993326898,19.0,18.9,4.55,9580
way/993326899,19.0,18.8,4.69,8425
way/993326900,18.7,18.7,4.71,7774
way/993326901,19.0,18.9,4.5,6626
way/993326902,8.2,8.1,4.41,16716
way/993326903,20.2,17.9,3.35,9834
way/993326904,19.0,15.6,3.96,15280
way/993326905,18.5,17.3,3.62,8159
way/993326906,19.4,16.7,3.21,6345
way/993326907,20.0,18.9,3.78,27315
way/993326908,13.3,11.5,5.06,2375
way/993326909,14.6,13.5,5.12,3468
way/993326910,15.2,14.1,5.24,3762
way/993326911,17.0,15.3,5.34,259
way/993326913,14.9,1.7,5.33,1533
way/993326914,19.0,15.3,4.56,17126
way/993326915,16.8,14.0,4.34,59658
way/993326916,13.4,12.4,4.28,2914
way/993326917,15.5,14.2,4.19,6593
way/993326918,12.8,11.8,4.34,42559
way/993326919,12.3,11.7,4.42,6646
way/993326920,15.9,14.8,3.99,26994
way/993326921,12.2,12.1,3.73,7354
way/993326922,11.8,11.5,3.83,7441
way/993326923,15.3,14.4,3.82,59461
way/993326924,15.7,14.4,4.13,44389
way/996628584,6.6,6.6,7.92,3069
way/996628585,4.1,4.0,7.8,707
way/996631306,21.3,18.1,9.92,126690
way/996633097,6.7,5.0,8.5,4808
way/996633098,6.8,1.9,8.4,5131
way/996654959,10.9,9.2,0.99,5463
way/996654960,10.2,9.0,1.16,6794
way/996654961,11.7,10.4,3.03,7816
way/996656467,8.5,7.5,4.87,204330
way/996656468,13.2,13.2,6.33,7441
way/1006948342,11.7,4.8,9.03,663950
way/1006948344,6.3,2.8,9.54,90469
way/1008215352,7.4,4.1,15.41,1296
way/1017349016,16.4,15.1,14.53,1829
way/1018261619,17.4,17.4,14.51,132
way/1025287388,21.4,20.6,9.29,334647
way/1025287389,13.9,11.1,9.28,232863
way/1029441205,20.0,17.7,8.83,825870
way/1031727092,20.0,18.6,1.75,11113
way/1031727093,15.5,12.5,6.58,1853
way/1031727096,10.0,9.4,1.2,748
way/1031727099,10.5,9.7,1.01,3068
way/1031727100,10.1,9.6,1.08,461
way/1031727101,9.8,9.4,1.11,1981
way/1031727102,12.3,11.7,1.18,2132
way/1031727103,11.0,10.5,1.89,1324
way/1031727108,10.3,9.7,1.51,1959
way/1035018843,10.4,9.6,10.79,30475
way/1038009263,11.5,10.2,0.44,11404
way/1038009489,10.2,9.6,1.61,32267
way/1038009490,13.4,12.0,1.67,56297
way/1038010570,21.8,20.4,1.39,459270
way/1039622248,20.2,19.3,1.73,85809
way/1048281859,19.9,19.5,5.17,25891
way/1048281861,10.1,8.8,6.22,54207
way/1048281862,9.7,8.8,6.74,36115
way/1048281863,13.9,12.8,8.88,58112
way/1048281864,10.2,9.1,9.71,39400
way/1048281865,22.3,21.7,11.38,109091
way/1048281866,11.6,11.2,10.54,95034
way/1048295928,15.1,14.1,12.52,15919
way/1048295929,16.5,16.5,12.56,67673
way/1048295930,17.5,17.4,10.42,30899
way/1048295931,9.4,8.7,12.69,35158
way/1048295932,11.4,11.4,13.1,21108
way/1048542276,11.2,10.8,13.35,706
way/1048542277,11.1,9.7,13.31,1251
way/1048566279,12.5,11.6,7.75,5428
way/1048566280,8.5,8.4,7.41,17494
way/1053349770,7.1,6.5,9.26,22020
way/1053353776,6.9,6.9,7.31,2338
way/1054123800,16.7,8.9,0.06,656944
way/1056449325,10.7,9.4,1.55,69049
way/1056449326,15.6,14.8,2.09,48592
way/1056449327,18.1,14.8,1.63,83923
way/1063292521,7.7,6.5,7.04,2495
way/1063292522,18.9,16.4,6.58,4514
way/1063292523,13.6,11.8,4.97,2146
way/1063292524,7.6,7.1,6.83,188
way/1063292525,8.7,7.3,6.85,493
way/1063292526,5.9,0.2,6.54,22
way/1063292527,9.1,7.6,6.55,125
way/1063292528,9.7,8.0,6.52,88
way/1063292529,8.7,8.0,6.58,196
way/1063292530,10.0,8.1,6.69,212
way/1063292531,8.7,7.9,6.8,182
way/1063292532,9.0,8.0,6.81,193
way/1063294888,6.3,6.2,6.4,106
way/1064011692,5.5,5.3,1.93,6711
way/1064011693,5.3,5.1,1.91,9994
way/1064011694,5.8,5.8,0.96,38597
way/1064011701,15.5,15.3,2.43,19498
way/1064011702,16.8,16.0,2.38,10785
way/1064011703,15.2,14.5,2.26,7586
way/1064011704,17.6,17.0,1.91,35645
way/1064011705,17.4,15.6,2.07,2729
way/1064011706,18.4,17.1,1.84,17459
way/1064011707,9.5,9.3,1.39,10469
way/1064011708,8.6,8.5,1.51,11379
way/1064011709,8.5,8.4,1.4,5491
way/1064011710,9.9,8.9,1.28,3722
way/1064193587,10.1,8.8,0.96,15110
way/1064193588,9.6,9.1,2.05,3195
way/1064193589,6.2,5.8,1.41,21450
way/1064193590,20.4,17.6,0.65,330604
way/1065867034,6.5,6.2,0.47,3316
way/1065867035,10.6,9.9,1.57,7272
way/1065867036,13.3,12.6,1.74,10097
way/1065867037,9.0,8.4,1.93,9662
way/1065867038,15.7,14.6,1.8,7434
way/1065867039,17.3,17.2,1.84,11800
way/1065867040,17.2,8.5,1.91,21094
way/1065867041,16.8,15.8,1.9,8374
way/1065867042,7.8,7.0,1.61,57564
way/1065867043,17.1,17.0,1.69,71973
way/1065867044,13.1,12.2,1.59,7860
way/1065867045,7.8,7.7,1.63,6509
way/1071076715,10.2,8.1,0.99,8895
way/1073671864,16.6,15.6,1.9,8776
way/1074630264,6.5,6.5,9.52,22
way/1074630265,4.0,3.9,10.13,141
way/1074630273,9.7,8.8,13.03,934
way/1074630274,11.5,10.1,13.05,1218
way/1074630275,11.3,10.1,13.13,1271
way/1074630276,11.4,10.1,13.2,1258
way/1074630277,11.2,9.8,13.28,1282
way/1074630278,11.2,9.8,13.28,1266
way/1074630280,11.1,9.3,13.0,1080
way/1074630281,11.0,9.3,12.95,1169
way/1074630282,11.1,9.3,12.94,1202
way/1074630283,6.3,5.8,10.8,829
way/1074630284,4.7,4.4,12.21,1381
way/1074630285,4.8,4.5,12.19,2121
way/1074630286,4.8,4.2,12.64,3456
way/1074630288,11.1,9.3,12.82,1160
way/1074630290,9.5,8.9,9.97,587
way/1074630291,9.9,9.3,9.85,514
way/1074630292,9.1,8.5,10.55,1042
way/1074630293,9.3,8.7,10.69,516
way/1074630294,8.7,8.2,10.7,564
way/1074630295,8.3,7.8,11.17,652
way/1074630296,8.6,8.1,11.29,589
way/1074630297,10.1,9.3,11.51,565
way/1074630298,9.0,8.5,11.72,551
way/1074630299,9.1,8.6,11.93,571
way/1074630300,9.2,8.6,11.97,684
way/1074630301,8.6,7.9,12.1,720
way/1074630302,8.6,8.0,12.24,702
way/1074630303,8.6,8.1,12.35,695
way/1074630304,9.1,8.5,12.36,617
way/1074630305,8.9,8.4,12.48,620
way/1074630306,8.7,8.1,12.59,673
way/1074630307,8.5,7.9,12.76,1242
way/1074630308,9.6,8.7,11.98,7977
way/1074630310,9.2,8.8,9.43,839
way/1074630311,9.0,8.5,9.71,1197
way/1074630312,10.6,9.4,9.2,1766
way/1074630313,10.8,9.7,9.01,1849
way/1074636936,11.0,10.4,9.05,185
way/1074636937,13.4,12.8,9.23,763
way/1074636938,13.4,12.9,9.26,776
way/1074636939,13.4,12.9,9.26,689
way/1074636940,13.3,12.8,9.37,733
way/1074636941,5.5,4.2,12.34,1120
way/1074636942,5.8,4.4,12.12,1099
way/1074636943,6.1,4.2,11.72,783
way/1074636944,5.8,5.5,11.25,808
way/1074636945,6.0,5.5,11.11,796
way/1074636949,14.1,13.4,9.72,418
way/1074636950,14.4,13.6,9.96,1281
way/1074636951,16.3,14.8,10.23,1394
way/1074636952,16.2,14.6,10.67,1687
way/1074636953,14.8,14.0,10.74,1717
way/1074636954,14.8,13.9,11.01,1927
way/1074636955,15.0,14.1,11.21,1712
way/1074636956,15.1,14.0,11.59,2151
way/1074636957,14.9,14.0,11.77,1828
way/1074636958,14.5,13.2,12.06,5064
way/1074636959,14.7,13.9,12.28,3305
way/1074636960,14.6,13.8,12.55,3204
way/1074636961,12.5,11.4,13.19,2241
way/1074636962,11.2,10.8,13.32,1681
way/1074636963,11.2,10.8,13.34,1359
way/1074766192,13.3,12.5,9.17,12377
way/1075006646,3.5,3.5,1.91,2340
way/1077037460,7.3,1.7,1.69,2451
way/1077037461,7.1,1.9,1.71,3704
way/1077286914,4.4,1.8,0.49,20740
way/1077441916,11.8,9.5,9.87,2884
way/1077441917,12.0,10.9,9.82,1993
way/1077445832,9.2,8.6,12.52,881
way/1077445833,7.9,7.3,10.61,1697
way/1077445834,4.8,3.5,11.08,439
way/1077445835,7.7,7.2,13.43,255
way/1077445836,7.7,7.4,13.45,366
way/1077445837,7.6,7.0,13.45,341
way/1077445838,7.7,6.9,13.46,330
way/1077445839,7.6,6.9,13.46,409
way/1077445840,8.4,7.3,13.49,222
way/1077445841,7.6,6.9,13.48,453
way/1077445842,7.6,7.1,13.53,431
way/1077445843,9.8,9.3,11.96,818
way/1077485243,8.3,7.9,10.94,30
way/1077485244,9.0,8.3,11.07,554
way/1077485245,9.0,8.5,11.22,786
way/1077485246,9.2,8.6,11.47,726
way/1077485247,12.3,11.4,11.69,836
way/1077485248,12.0,10.7,11.92,576
way/1077485249,9.2,8.4,12.09,677
way/1077485250,8.6,8.1,12.14,832
way/1077485251,11.1,10.3,12.21,807
way/1077485252,11.0,10.1,12.31,833
way/1077485253,11.4,10.5,12.39,851
way/1077485254,11.3,10.5,12.43,783
way/1077485255,11.2,10.4,12.54,770
way/1077485256,11.3,10.6,12.58,1658
way/1077485257,11.4,10.5,12.62,1405
way/1078043027,4.0,3.8,10.69,592
way/1078043031,9.2,9.1,9.54,1068
way/1078043032,9.4,8.6,9.25,529
way/1078043033,10.2,8.6,9.51,932
way/1078043034,8.9,8.7,9.19,387
way/1078043035,8.8,8.8,9.09,264
way/1078043036,8.4,8.4,9.68,22
way/1078043037,3.5,3.3,10.05,31
way/1078043039,10.4,0.8,10.39,262
way/1078043040,4.8,4.7,10.24,838
way/1078043048,5.4,5.0,13.63,757
way/1078043049,5.6,4.5,13.68,906
way/1078043050,8.3,6.1,13.17,1429
way/1078043056,5.8,5.4,15.97,2129
way/1078043059,5.5,5.3,12.67,108
way/1080799538,19.6,17.1,14.72,688
way/1080799539,14.9,14.1,16.39,123
way/1080799540,10.4,9.8,16.4,147
way/1080799541,8.9,8.8,16.41,152
way/1080799542,8.5,6.1,16.4,230
way/1080799545,13.9,13.4,16.22,130
way/1080799546,13.9,13.3,16.18,211
way/1080799547,13.9,13.0,16.17,221
way/1080799548,13.9,13.4,16.15,189
way/1080799550,16.1,14.3,16.01,422
way/1080799551,14.6,13.9,16.08,277
way/1080799552,13.4,12.5,15.74,967
way/1080799553,3.3,1.8,18.92,3111
way/1080799554,14.9,14.1,16.63,166
way/1080799555,13.1,12.4,16.62,212
way/1080799556,9.3,9.3,16.58,213
way/1080799557,12.3,12.0,16.53,183
way/1080799558,13.4,12.6,16.48,290
way/1080799559,11.1,11.1,16.42,616
way/1080799560,11.3,11.3,16.33,605
way/1080799561,13.3,12.8,16.28,267
way/1080799562,11.4,7.8,16.28,967
way/1080799564,8.8,8.2,15.67,265
way/1080799565,9.3,8.6,15.6,226
way/1080799566,11.6,4.4,16.24,1360
way/1080799567,13.0,11.8,16.22,209
way/1080799570,10.7,7.5,16.19,608
way/1080799571,10.3,10.2,16.2,277
way/1080799572,9.5,9.0,16.18,244
way/1080799573,13.3,11.7,16.19,876
way/1080799574,13.1,12.6,16.15,199
way/1080799575,13.2,12.7,16.18,362
way/1080799576,10.9,10.1,16.22,249
way/1080799577,10.4,9.7,16.38,86
way/1080799578,10.0,8.8,16.44,224
way/1080799579,10.6,9.4,15.72,272
way/1080799580,9.8,9.8,15.69,234
way/1080799581,2.9,0.5,16.13,1132
way/1080799582,17.6,16.8,16.8,451
way/1080799583,10.8,9.8,16.58,1755
way/1080799584,10.3,9.5,16.4,734
way/1080799586,5.4,4.4,16.23,97
way/1080799587,11.1,4.1,15.89,712
way/1080799588,14.9,14.1,14.27,2375
way/1080799589,15.0,14.2,14.27,2588
way/1080799590,15.0,14.1,14.28,4219
way/1080799591,13.4,13.3,14.38,2140
way/1080799592,11.7,4.4,15.82,1911
way/1080799593,12.0,4.5,15.76,2157
way/1080799594,9.9,7.8,13.8,5242
way/1080799595,14.7,14.5,13.73,5070
way/1080799596,11.0,6.0,14.03,28198
way/1080799597,14.0,12.2,14.04,12657
way/1080799598,9.5,8.8,14.66,11328
way/1080799599,9.7,9.1,14.42,26183
way/1080799600,8.0,7.9,13.78,21808
way/1080799601,8.0,7.9,13.74,2368
way/1080799602,14.3,13.5,13.66,4203
way/1080799603,10.5,10.4,13.44,2235
way/1080799604,15.4,15.0,13.44,3476
way/1080799605,14.8,5.2,13.52,15730
way/1080799606,10.8,4.7,13.92,13762
way/1080799607,16.1,15.2,13.33,5811
way/1080799608,18.5,18.0,13.2,6817
way/1080799609,14.8,14.3,13.23,5040
way/1080799610,15.6,15.5,13.23,4973
way/1081555044,8.8,8.7,11.92,2313
way/1081566237,5.3,5.1,11.33,22361
way/1081566238,10.0,9.3,12.07,2088
way/1081566239,9.4,8.6,11.61,1238
way/1081566240,10.7,8.2,9.82,1775
way/1081566241,12.0,11.5,9.8,1632
way/1081566242,12.0,11.5,9.76,1348
way/1081566243,12.0,11.5,9.74,1193
way/1081566244,12.1,11.6,9.69,1309
way/1081566245,15.2,14.2,9.69,5042
way/1081566246,12.5,12.4,9.6,7699
way/1081566247,12.2,11.4,9.54,5227
way/1081566248,8.9,8.2,9.46,2008
way/1081566249,8.9,8.1,9.43,2172
way/1081566250,6.1,5.0,9.76,1469
way/1081566251,8.8,8.1,9.38,6269
way/1081566252,8.7,7.8,12.48,1473
way/1081566253,9.0,7.9,12.19,1488
way/1081566254,8.7,7.9,12.71,2568
way/1081566255,8.7,7.8,12.66,4340
way/1081566256,8.7,8.0,12.65,1662
way/1081566257,8.7,8.2,12.64,1113
way/1081566258,8.5,7.8,12.84,934
way/1081566259,8.5,7.5,12.83,1006
way/1081566260,8.6,7.0,12.68,817
way/1081566261,8.1,7.5,12.76,5353
way/1081566262,8.7,8.3,12.16,2508
way/1081566263,8.2,7.8,12.38,2646
way/1081566264,8.7,8.2,11.66,2936
way/1081566265,8.7,8.2,11.07,3265
way/1081566266,8.2,7.7,10.97,4354
way/1081566268,10.4,5.7,13.87,129487
way/1081566269,6.3,5.6,13.37,42088
way/1081566270,16.1,14.7,8.8,6679
way/1081566271,11.7,11.1,8.86,2636
way/1081566272,13.4,12.0,8.82,8735
way/1081566273,11.7,10.9,9.05,29142
way/1081566274,16.7,15.9,9.8,13166
way/1081566275,12.7,12.1,11.13,18934
way/1081566276,13.4,12.8,12.96,5631
way/1081566277,13.2,12.6,13.06,6088
way/1081566278,9.6,9.0,11.61,7171
way/1081566279,9.5,9.0,11.73,5237
way/1081571438,6.4,5.0,10.64,7746
way/1081571439,7.2,6.6,9.96,4738
way/1081571440,7.6,6.6,9.47,7977
way/1081571441,9.1,8.7,10.24,3100
way/1081571442,9.2,8.4,9.96,3173
way/1081571443,9.1,8.3,10.01,3904
way/1081571444,9.3,8.9,10.47,1811
way/1081571445,9.2,8.3,10.59,3695
way/1081571446,9.0,8.1,10.65,4996
way/1081571447,9.2,8.7,11.0,4049
way/1081571448,9.1,8.2,11.05,3530
way/1081571449,9.1,8.5,11.11,3016
way/1081571450,9.0,7.9,10.81,3596
way/1081571451,9.0,7.6,10.75,4840
way/1081571452,9.7,9.0,8.6,6483
way/1081571453,9.3,6.1,8.5,4909
way/1081571454,9.8,9.4,7.99,4996
way/1081571455,8.9,8.1,10.66,2917
way/1081571456,8.9,8.1,10.61,2859
way/1081571457,9.1,8.4,10.45,2596
way/1081571458,9.3,8.6,10.3,2786
way/1081571459,8.9,8.2,10.21,2560
way/1081571460,9.4,8.7,9.73,2706
way/1081571461,10.0,9.3,9.12,3804
way/1081571462,6.5,6.4,10.34,7792
way/1081571463,6.6,6.5,10.27,6102
way/1081571464,6.5,6.0,8.79,7083
way/1081571465,7.1,6.2,9.1,7191
way/1081571466,7.3,6.5,9.05,8154
way/1081571467,7.6,6.6,9.01,8343
way/1081571468,6.8,6.1,9.84,7211
way/1081627124,13.5,10.9,10.4,34785
way/1081627128,7.5,6.9,13.44,2052
way/1081627129,7.9,7.2,13.23,1491
way/1081627130,10.1,10.0,11.97,1733
way/1081627131,9.3,8.5,13.74,1053
way/1081627132,9.4,8.7,13.61,961
way/1081627133,9.6,8.8,13.42,1108
way/1081627134,9.3,8.5,13.26,1074
way/1081627135,9.5,8.8,13.1,961
way/1081627136,9.6,8.8,12.99,1099
way/1081627137,9.4,8.5,12.76,1060
way/1081627138,9.6,8.9,12.59,1087
way/1081627139,9.8,8.9,12.35,990
way/1081627140,9.3,8.1,14.19,1332
way/1081627141,9.2,8.5,14.2,666
way/1081627142,9.3,8.4,14.16,1003
way/1081627143,9.3,8.6,14.12,919
way/1081627144,9.4,8.7,14.08,958
way/1081627145,9.2,8.6,13.93,1285
way/1081627146,8.5,2.0,13.25,25920
way/1081627148,4.4,4.3,13.19,111
way/1081627149,14.1,13.8,13.59,586
way/1081627150,11.0,10.1,14.39,5315
way/1081627151,12.6,12.6,13.39,2071
way/1081627152,13.2,12.4,14.43,1071
way/1081627154,6.0,5.1,14.4,26618
way/1081627155,13.6,13.3,14.22,1228
way/1081627156,9.6,9.4,14.48,466
way/1081627157,9.2,8.3,14.38,1123
way/1081627158,9.3,8.6,14.4,1053
way/1081627159,9.3,8.4,14.4,969
way/1081627160,9.2,8.3,14.38,1018
way/1081627161,9.3,8.6,14.36,968
way/1081627162,9.2,8.6,14.34,748
way/1081627163,9.4,8.5,14.29,906
way/1081627164,9.3,8.4,14.23,974
way/1081627165,9.3,8.7,14.22,908
way/1081627166,9.4,8.6,14.21,1527
way/1081627171,5.0,4.8,14.5,422
way/1081627172,5.0,4.8,14.4,8714
way/1081627173,13.8,13.7,14.36,3196
way/1081627176,14.3,6.5,15.82,1204
way/1081627177,9.7,3.4,15.77,1308
way/1081627178,12.2,12.2,15.43,1049
way/1081627180,4.5,4.4,15.41,354
way/1081854880,4.0,3.6,14.25,42
way/1081854887,4.7,4.6,10.82,40
way/1081854888,5.9,5.4,13.28,131
way/1081854889,5.5,5.2,13.28,76
way/1081854890,5.1,5.0,13.28,37
way/1081854892,5.5,5.1,13.56,168
way/1081854893,5.8,5.3,13.3,159
way/1081854894,5.9,5.5,12.76,167
way/1081854895,5.5,5.1,13.29,177
way/1081854896,5.7,5.3,13.41,244
way/1081854897,5.8,5.2,13.42,241
way/1081854898,5.7,5.4,13.42,200
way/1081854899,5.9,5.3,13.35,264
way/1081854900,7.0,6.5,12.23,388
way/1081854901,6.8,6.4,12.37,279
way/1081854902,6.7,6.2,12.42,216
way/1081854903,6.5,6.0,12.61,208
way/1081854904,6.6,6.5,12.64,156
way/1081854905,6.0,5.5,13.18,159
way/1081854906,11.2,9.9,10.95,450
way/1081854907,12.1,11.3,10.86,596
way/1081854908,12.7,12.0,10.73,975
way/1081854909,13.0,12.2,10.64,950
way/1081854910,12.5,11.8,10.45,2165
way/1081854911,10.1,10.1,10.63,429
way/1081854912,10.2,10.1,10.51,125
way/1081854913,10.3,10.3,10.46,185
way/1081854928,8.3,7.8,10.8,167
way/1081854929,8.3,7.8,10.87,188
way/1081854930,8.1,7.6,11.02,171
way/1081854931,8.3,7.7,10.86,140
way/1081854932,8.3,8.0,10.8,165
way/1081854933,9.2,7.8,10.87,152
way/1081854934,7.9,7.5,11.1,184
way/1081854935,9.4,8.0,10.65,205
way/1081854936,8.4,8.0,10.6,310
way/1081854937,8.6,8.1,10.55,434
way/1081854938,5.7,5.5,11.88,963
way/1081854939,8.9,8.5,10.55,534
way/1081854940,7.4,7.3,10.69,614
way/1081854941,8.4,8.4,11.21,624
way/1081854942,7.8,7.7,11.81,752
way/1081854943,8.7,8.0,11.56,636
way/1081854944,7.6,7.6,12.76,5183
way/1081854950,10.6,9.5,12.76,1599
way/1083551538,12.5,12.5,2.96,21934
way/1083551539,16.1,15.2,3.0,35379
way/1083551540,16.3,15.0,3.15,35033
way/1083551541,14.4,14.4,3.14,18001
way/1083778142,10.4,10.3,9.52,530
way/1083778147,9.7,8.3,11.01,7686
way/1084217438,18.6,16.2,7.18,746
way/1084221232,12.4,10.6,4.33,158378
way/1084221233,7.1,6.5,5.83,40097
way/1084221234,15.3,13.9,5.3,32542
way/1084221235,10.2,9.4,5.54,8393
way/1084223124,15.9,15.4,10.58,11301
way/1084223125,10.5,9.8,12.23,32768
way/1084223128,8.5,7.9,14.31,14525
way/1084227016,12.7,11.9,13.63,4049
way/1084442070,11.7,10.8,10.82,1026
way/1084447234,9.1,8.4,4.35,607
way/1084447237,12.8,11.5,3.8,10217
way/1084447238,11.9,11.2,3.43,4139
way/1084447239,8.4,7.7,3.51,6423
way/1084447240,7.3,6.7,3.47,7550
way/1086239548,12.7,12.0,1.92,19510
way/1086239551,12.8,11.0,1.06,24560
way/1086505050,16.4,15.8,10.51,34733
way/1086505051,9.0,8.4,8.76,16213
way/1086505053,11.4,10.9,9.14,76396
way/1086505055,13.6,12.8,9.06,20746
way/1086505056,7.4,6.6,9.06,60352
way/1086505057,8.5,8.0,9.56,5959
way/1086505063,10.7,10.5,9.39,26354
way/1086505067,11.4,11.3,8.02,15656
way/1086505071,6.0,5.9,8.88,8589
way/1086505078,18.0,15.8,6.45,4437
way/1086505080,12.9,10.9,4.14,7523
way/1086505082,26.4,25.3,4.92,57719
way/1086505083,8.7,8.7,8.78,10663
way/1086507755,9.5,8.5,4.21,23262
way/1086507756,6.0,5.9,4.22,51600
way/1086507757,13.6,13.5,3.07,34168
way/1086507759,8.6,8.2,2.94,38673
way/1086507761,10.4,9.5,3.79,7773
way/1086507762,9.8,9.1,4.44,14692
way/1086507763,9.9,9.2,4.49,18766
way/1086510642,8.8,7.1,0.65,124795
way/1086510644,10.0,7.3,1.46,188335
way/1086660999,11.4,10.9,7.03,5223
way/1086661000,10.3,10.2,7.07,7225
way/1092347672,10.7,9.9,1.27,2192
way/1101427873,16.2,11.0,3.54,251543
way/1105596361,11.1,10.5,-0.06,9587
way/1105596362,10.1,9.5,0.64,20104
relation/14715963,34.2,33.1,1.02,1290106
way/1105621199,8.4,7.1,0.85,108600
way/1105659670,5.9,5.8,-0.35,2642
way/1105659671,4.7,4.6,-0.4,7432
way/1105841207,8.8,8.6,1.11,31574
way/1105850471,24.0,23.7,1.39,177851
way/1121495561,5.8,5.6,11.13,7359
way/1121495562,12.5,11.4,10.81,9876
way/1121495563,10.7,10.7,10.62,9803
way/1121495564,11.1,11.1,10.67,4830
way/1122601584,13.3,13.2,8.98,116175
way/1122694489,17.4,15.0,-0.08,124330
way/1122697953,16.9,16.0,5.27,11730
way/1122697954,15.0,11.6,4.82,29083
way/1122697955,10.3,8.0,5.07,34707
way/1122879985,18.7,17.6,5.0,88180
way/1122879986,15.0,14.3,5.83,59014
way/1122879987,14.5,13.7,3.66,33144
way/1122879990,11.1,10.3,4.0,12551
way/1122879991,11.0,10.1,4.16,7904
way/1123460815,7.8,7.5,4.64,3527
way/1123460816,9.9,9.9,4.7,5429
way/1123460817,10.1,9.7,4.58,53194
way/1123460825,8.2,7.9,5.64,8830
way/1123460829,2.4,2.4,8.79,4300
way/1123744488,11.5,11.0,10.32,4466
way/1123744490,9.5,8.7,10.74,3318
way/1123744491,9.5,8.7,10.79,3786
way/1123744492,9.2,8.4,11.05,3992
way/1123744493,9.3,8.6,10.87,4570
way/1123744494,9.0,8.3,11.16,3975
way/1123744495,11.4,11.0,10.48,3616
way/1123744497,8.8,8.2,11.2,6691
way/1123744498,9.1,8.5,10.96,10780
way/1123744500,8.6,8.1,11.31,7466
way/1123744501,9.6,8.7,11.13,6311
way/1123998841,8.9,8.9,10.15,2190
way/1123998850,9.4,8.6,11.28,3487
way/1123998851,9.7,8.8,11.3,3156
way/1123998852,9.7,8.7,11.3,4345
way/1123998853,9.7,8.7,11.29,3627
way/1123998854,9.0,8.1,11.33,5370
way/1123998855,10.7,9.9,9.83,4115
way/1123998856,10.1,9.1,10.78,5009
way/1123998857,9.5,8.4,11.31,5276
way/1123998858,9.4,8.5,11.36,5514
way/1123998862,15.7,14.8,10.05,16531
way/1123999610,15.4,13.8,10.15,28412
way/1123999611,17.0,15.7,10.28,30890
way/1123999612,13.7,13.1,10.33,21907
way/1123999613,12.0,11.9,10.43,15545
way/1123999614,11.5,11.4,10.53,32061
way/1123999615,16.4,15.3,10.63,29816
way/1123999616,15.0,14.3,10.77,16782
way/1124000150,14.0,14.0,10.68,21693
way/1124020866,13.9,13.1,1.95,36311
way/1124020869,12.5,11.8,1.24,2884
way/1124020870,10.0,10.0,1.21,4483
way/1124020871,13.5,13.4,1.13,19893
way/1124020872,12.9,12.5,1.15,11963
way/1124020873,13.0,12.3,1.14,8909
way/1124020874,10.4,9.8,1.02,14669
way/1124020875,9.2,8.8,1.07,7685
way/1124020876,8.2,7.8,1.11,3529
way/1124480929,12.1,11.1,2.62,7032
way/1124480930,12.2,11.5,2.53,1742
way/1124480931,15.3,14.1,2.53,2782
way/1124480932,20.7,20.2,1.39,24257
way/1124480933,17.3,16.5,1.34,6667
way/1124480934,11.1,9.0,1.37,2347
way/1124480935,11.1,10.0,1.34,1800
way/1124480936,10.0,9.6,1.09,835
way/1124480937,9.7,9.3,1.26,848
way/1124480952,10.6,10.1,0.97,2001
way/1124480953,10.6,10.1,0.95,1972
way/1124480954,10.6,10.1,0.95,2150
way/1124480955,8.5,8.0,0.97,2413
way/1124480957,7.7,7.6,1.0,2883
way/1124480958,10.9,10.0,1.19,1751
way/1124480959,9.3,8.4,0.85,2364
way/1124480960,9.8,8.9,0.85,2428
way/1124480961,11.0,10.0,1.04,1695
way/1124480962,11.1,10.2,0.95,2338
way/1124480963,8.8,8.2,1.08,1454
way/1124480964,11.0,10.6,1.08,1371
way/1124480965,8.6,7.9,1.13,2081
way/1124480966,8.2,7.4,1.06,2886
way/1124480967,11.1,10.6,0.98,2895
way/1124480968,10.9,9.9,0.85,2421
way/1124480969,7.5,6.7,0.84,4397
way/1124480970,8.2,7.8,1.21,1574
way/1124480972,12.4,11.5,1.27,1361
way/1124480973,12.1,11.0,1.33,1557
way/1124480974,9.2,8.3,1.33,1695
way/1124480975,9.3,8.4,1.24,1689
way/1124480976,9.5,8.6,1.28,1358
way/1124480977,9.5,8.6,1.29,1378
way/1124480978,10.2,9.7,1.4,1168
way/1124480979,10.1,9.6,1.51,1788
way/1124480980,10.1,9.5,1.53,1185
way/1124480981,10.3,9.7,1.04,1568
way/1124480982,10.5,10.0,0.96,1724
way/1124480983,11.3,10.7,0.13,2004
way/1124480984,11.1,10.5,0.25,2114
way/1124480985,11.2,10.6,0.21,2436
way/1124509820,10.9,10.8,10.52,1653
way/1124509826,13.2,12.8,10.16,1790
way/1124514528,13.7,12.8,10.92,24990
way/1124514529,3.2,1.8,10.04,2628
way/1125007418,15.7,14.9,9.48,13888
way/1125007419,15.8,15.2,9.32,9917
way/1125007420,15.9,15.0,9.14,12227
way/1125007421,15.9,14.8,9.02,12755
way/1125007422,15.8,15.0,8.93,15210
way/1125007423,16.8,15.6,8.79,13862
way/1125007424,5.0,4.6,9.83,15275
way/1125007425,9.8,9.6,8.48,15627
way/1125007426,8.8,8.8,8.37,11264
way/1125007427,14.2,14.1,8.17,12533
way/1125007428,15.0,12.8,7.89,28919
way/1125007429,15.5,15.4,7.68,14422
way/1125011372,7.2,7.1,8.22,4101
way/1125011373,5.8,5.7,8.31,4019
way/1125011377,10.9,10.0,7.8,32664
way/1125011378,10.6,9.7,7.9,26361
way/1125011379,9.8,8.2,8.41,24394
way/1125011380,15.9,15.0,8.6,18392
way/1125011381,15.8,15.2,8.62,30452
way/1125011382,18.4,17.7,8.48,52836
way/1125011383,13.1,12.2,5.96,24905
way/1125061503,20.7,18.7,10.41,92168
way/1125068800,11.9,11.4,10.62,1138
way/1125068803,6.4,6.3,11.24,17886
way/1125068804,6.3,6.2,10.76,1635
way/1125068805,8.0,7.5,10.67,3160
way/1125068806,14.3,13.7,10.52,2998
way/1125068807,15.4,14.4,10.49,3201
way/1125068808,14.7,14.1,10.5,5805
way/1125068809,12.1,11.3,10.56,1988
way/1125068810,10.5,8.0,10.55,2685
way/1125068811,11.9,10.7,10.64,6380
way/1125071152,10.1,9.4,4.35,683
way/1125071153,8.8,8.0,1.29,1039
way/1125071154,10.8,10.2,1.28,949
way/1125071158,8.6,7.8,1.58,820
way/1125071159,8.5,7.6,1.63,838
way/1125071160,8.6,7.8,1.64,762
way/1125071161,9.5,8.6,0.41,865
way/1125071162,9.5,8.6,0.43,850
way/1125071163,9.7,8.8,0.28,1031
way/1125071164,7.8,7.0,1.62,961
way/1125071165,8.2,7.5,1.62,761
way/1125071166,8.3,7.5,1.57,771
way/1125071167,8.4,7.6,1.51,787
way/1125071168,9.1,8.4,0.73,805
way/1125071169,9.9,9.1,0.08,1023
way/1125071170,8.1,8.1,1.52,1718
way/1125071171,5.2,5.1,1.47,875
way/1125071172,6.1,6.1,1.38,1168
way/1125071173,6.2,6.2,1.21,2402
way/1125071174,10.7,10.1,1.5,1867
way/1125071175,10.8,10.1,1.34,1834
way/1125071176,10.8,10.1,1.38,1950
way/1125071177,12.0,11.5,0.46,2219
way/1125071178,11.2,10.8,1.28,1387
way/1125071179,11.1,10.7,1.53,1376
way/1125071180,10.8,10.4,1.81,1340
way/1125071181,11.0,10.6,1.9,1310
way/1125071182,10.3,9.6,1.42,1910
way/1125071183,10.5,9.8,1.37,1705
way/1125071184,10.3,9.6,1.51,1698
way/1125078341,4.8,4.8,9.39,308
way/1125078343,9.7,7.5,9.6,1077
way/1125078344,8.0,7.7,9.41,2549
way/1125078345,7.8,7.7,9.41,9160
way/1125078346,16.1,13.2,8.8,36190
way/1125078352,5.2,4.7,9.32,4091
way/1125078356,11.8,10.6,9.15,18556
way/1125078357,7.8,7.8,9.78,516
way/1125078359,9.3,8.3,11.38,7461
way/1125078360,9.1,8.2,11.52,7770
way/1125078361,9.2,8.8,11.55,7533
way/1125078364,8.5,7.7,11.28,11928
way/1125078365,9.0,8.0,11.14,7880
way/1125078369,4.5,4.4,11.73,588
way/1125078372,9.2,8.2,10.72,9601
way/1125078373,8.6,7.7,10.6,8325
way/1125078374,7.2,7.1,10.55,11608
way/1125078375,7.8,7.8,10.33,12129
way/1125078380,15.7,10.5,9.32,23647
way/1125078381,14.0,13.3,8.74,12632
way/1125078382,10.0,8.9,9.04,27100
way/1125078383,6.1,5.9,8.95,4484
way/1125078384,9.6,8.9,9.46,7811
way/1125078386,8.3,8.3,9.09,4608
way/1125078387,8.6,8.2,9.54,4678
way/1125078392,6.6,2.4,9.08,6255
way/1125078394,11.1,10.5,8.9,7719
way/1125078395,11.2,10.2,8.78,7405
way/1125078396,11.1,10.6,8.84,6277
way/1125078397,11.1,10.5,9.0,11833
way/1125078400,9.4,8.8,9.47,4311
way/1125078401,9.0,8.4,9.84,3512
way/1125078402,9.1,8.4,9.78,4583
way/1125240713,8.6,8.2,3.72,1384
way/1125240714,10.2,9.7,2.6,3226
way/1125240715,12.2,10.8,4.56,62039
way/1125243643,7.9,5.3,1.11,10106
way/1125243644,5.9,5.2,2.53,6540
way/1125245892,20.8,20.3,0.72,128974
way/1125711476,12.7,12.4,2.24,51435
way/1126381126,2.4,1.6,3.06,76035
way/1126786632,4.9,4.8,-0.32,519
way/1126786634,5.5,5.3,-0.47,3853
way/1126786642,12.6,11.2,0.44,49305
way/1126786643,9.3,8.7,0.35,31765
way/1126786644,10.6,9.8,0.36,9914
way/1126786645,10.6,9.7,0.39,11710
way/1126786646,10.6,9.6,0.39,12265
way/1126786647,10.6,10.4,0.35,15073
way/1126786648,10.4,9.8,0.33,13994
way/1126786649,10.5,10.0,0.32,16422
way/1126786650,11.8,11.7,0.29,10172
way/1126786651,10.6,9.8,0.26,9935
way/1126786652,10.6,9.7,0.29,7931
way/1126786653,10.6,9.7,0.27,6546
way/1126786654,11.5,11.3,0.27,7550
way/1126786655,11.7,11.3,0.29,8691
way/1126786656,11.7,11.6,0.25,12651
way/1126786657,11.4,11.1,0.27,8817
way/1126786658,11.4,10.5,0.3,10107
way/1126786659,10.4,9.6,0.31,7710
way/1126786660,10.4,9.6,0.33,9304
way/1126932688,28.3,28.2,3.14,65396
way/1126932689,17.3,17.1,3.16,39395
way/1126932690,18.7,18.6,10.05,105617
way/1126932691,19.2,19.2,3.95,55525
way/1126932692,25.0,24.7,3.79,327796
relation/15086050,11.9,11.1,3.35,510241
way/1127347062,19.3,16.1,2.12,25003
way/1127624991,8.9,8.2,11.98,3440
way/1127624992,9.5,8.8,9.95,3535
way/1127624993,8.8,8.2,12.44,3108
way/1127624994,8.9,7.9,12.28,4584
way/1127624995,8.7,8.2,12.2,4485
way/1127624996,8.8,7.9,11.85,3865
way/1127624997,9.1,8.4,11.32,2742
way/1127624998,9.2,7.9,10.82,5229
way/1127624999,9.4,8.9,10.39,4842
way/1129700353,6.9,6.9,9.76,819
way/1130747909,9.3,8.4,12.99,2153
way/1130747910,9.2,7.9,13.05,2776
way/1130747911,9.1,8.1,12.68,2420
way/1130747912,9.2,8.3,12.64,1997
way/1130747913,9.3,8.5,12.11,1990
way/1130747914,9.0,8.4,11.9,2097
way/1130747915,8.8,8.2,11.68,1276
way/1130747916,8.5,8.0,11.8,1651
way/1130747917,10.6,10.3,11.55,3091
way/1130747919,7.6,6.7,12.8,1418
way/1130747921,5.4,4.9,12.65,766
way/1130747925,8.3,6.9,11.96,1673
way/1130747929,11.5,10.6,11.3,1486
way/1130747930,25.4,23.9,11.75,42242
way/1130747931,14.3,12.6,11.7,30889
way/1130747932,8.1,7.5,11.63,1902
way/1130747933,10.5,10.3,11.78,4982
way/1130747934,11.3,11.3,11.69,8997
way/1130747935,10.3,10.2,11.93,9326
way/1130747936,10.3,10.3,11.92,8991
way/1130747943,8.2,7.5,11.75,4333
way/1130747949,7.2,7.0,12.02,5207
way/1130747954,11.9,11.1,11.99,2163
way/1130747955,11.8,11.0,12.03,3831
way/1130747956,11.8,11.0,12.04,3419
way/1130747957,12.6,11.6,12.0,3152
way/1130747961,9.0,8.3,11.94,2058
way/1130747964,8.2,7.8,11.83,4357
way/1130747965,7.6,7.2,11.9,3768
way/1130747966,7.6,7.1,12.02,4614
way/1130747967,7.5,7.0,12.02,4117
way/1130747968,11.0,9.7,11.97,4271
way/1130747970,7.7,7.3,11.97,4251
way/1130747971,8.0,7.6,11.77,5690
way/1130747972,10.3,10.0,11.67,5865
way/1130747976,8.0,7.4,11.79,7246
way/1130747981,11.6,10.9,12.12,5093
way/1130747982,11.4,10.6,12.21,7182
way/1132579552,8.0,7.6,9.47,9883
way/1133575803,17.4,17.3,8.39,64176
way/1133575804,17.8,17.5,8.19,34251
way/1133575805,18.8,18.8,7.75,39502
way/1134086954,11.4,9.7,11.9,1484
way/1134153984,6.0,1.9,11.38,2584
relation/15346062,28.8,22.9,10.04,125093
way/1134153990,16.5,15.9,11.98,2920
way/1134153991,17.2,16.6,11.45,3158
way/1134153992,17.5,17.0,11.09,3362
way/1134153993,17.0,16.5,11.07,3436
way/1134153994,17.2,16.6,10.95,4741
way/1134153995,17.1,16.5,11.06,5132
way/1134153996,17.4,16.8,10.61,5443
way/1134153997,17.4,16.9,10.6,3832
way/1134153998,18.2,18.0,10.02,4103
way/1134153999,20.6,18.1,9.96,3528
way/1134154000,20.7,20.6,9.95,2811
way/1134154002,19.4,17.8,9.79,18040
way/1134373897,4.6,4.6,13.65,775
way/1134373898,4.8,4.8,13.65,2688
way/1134373902,7.9,7.5,10.61,6668
way/1134373908,9.3,7.8,10.77,6253
way/1134373909,9.1,7.6,11.02,7167
way/1134373910,18.8,18.7,10.91,1663
way/1134373913,18.4,18.3,11.31,2465
way/1134373914,18.3,18.2,11.48,4146
way/1134373915,18.1,18.0,11.68,2945
way/1134373917,5.0,4.9,10.58,13430
way/1134373920,11.0,10.6,10.57,4155
way/1134373921,10.5,10.3,10.75,3380
way/1134373922,2.4,1.6,10.81,4552
way/1134373923,8.5,7.3,11.47,1438
way/1134373925,8.9,8.0,11.9,728
way/1134373926,8.5,7.7,11.94,710
way/1134373927,8.5,7.4,11.86,1167
way/1134373928,8.8,7.9,11.76,811
way/1134373929,9.0,8.2,11.84,892
way/1134373930,7.2,7.0,12.11,38
way/1134373937,8.8,8.0,11.36,1618
way/1134373938,9.0,8.1,11.08,888
way/1134373939,10.5,9.4,10.46,948
way/1134373940,10.4,9.2,10.49,1208
way/1134373941,19.3,18.2,11.62,6152
way/1134373942,18.1,16.8,11.28,1809
way/1134373943,5.3,5.3,10.42,17851
way/1135296991,15.7,14.7,11.51,3141
way/1135296992,16.7,15.2,10.18,5626
way/1135296993,16.7,16.2,11.28,2302
way/1135296994,16.2,15.2,11.25,2547
way/1135296995,15.9,15.1,11.21,3515
way/1135296996,24.5,20.6,11.86,23268
way/1135297004,9.6,9.6,10.2,1650
way/1135297005,9.7,9.7,10.23,2465
way/1135297006,7.0,6.7,10.28,1495
way/1135297007,8.3,7.9,10.17,1127
way/1135297008,8.6,8.0,11.21,6372
way/1135297009,7.9,6.8,12.42,6854
way/1135297010,11.5,10.5,12.22,3515
way/1135297011,11.3,10.6,12.38,2032
way/1135297012,11.3,10.3,12.39,2475
way/1135297016,15.0,15.0,11.16,1755
way/1135297017,14.7,14.2,10.57,5280
way/1135297018,5.3,5.1,10.65,505
way/1135297020,5.3,4.9,10.73,457
way/1135297021,5.3,4.9,10.73,370
way/1135297025,5.3,4.9,10.72,195
way/1135297027,5.4,5.0,10.69,160
way/1135298200,22.8,22.1,7.78,2392
way/1135298201,23.0,22.4,7.64,1709
way/1135298202,21.2,20.6,9.15,1325
way/1135298203,20.2,19.3,10.02,1771
way/1135298204,22.0,18.7,11.95,8542
way/1135681013,16.8,16.4,-0.28,29789
way/1135681014,14.5,8.4,1.64,70364
way/1135681015,12.9,12.1,1.45,61459
way/1135681016,12.5,9.7,1.67,8286
way/1135681017,12.7,12.5,1.64,9195
way/1135681018,15.7,15.2,1.7,18710
way/1135681019,15.6,14.9,1.84,17923
way/1135681020,13.4,13.4,2.01,114661
way/1135681021,13.4,2.1,1.72,48387
way/1135811209,3.2,2.8,16.26,118
way/1135811210,5.8,1.5,16.15,108
way/1135811211,9.0,1.6,16.27,776
way/1135811212,11.4,10.5,13.77,770
way/1135811213,12.0,12.0,13.61,556
way/1135811214,14.2,13.4,13.54,467
way/1135811215,14.2,12.9,13.48,446
way/1135811216,11.5,9.9,12.39,1808
way/1135811217,9.8,8.8,13.26,1228
way/1135811218,12.1,11.7,13.31,618
way/1135811219,10.1,10.0,13.41,539
way/1135811220,11.8,11.1,13.43,495
way/1135811240,2.2,2.1,16.19,270
way/1135811242,7.1,6.4,13.42,235
way/1135811243,7.2,6.6,13.43,296
way/1135811244,7.4,6.7,12.76,172
way/1135811245,6.6,6.2,13.59,283
way/1135811248,7.5,6.8,12.31,158
way/1135811250,6.8,6.2,12.32,120
way/1135811251,5.8,5.0,13.4,114
way/1135811252,7.6,6.8,12.23,114
way/1135811253,7.7,7.3,12.12,50
way/1135811254,7.8,7.3,12.14,264
way/1135811255,7.4,7.0,12.43,96
way/1135811257,6.8,6.3,13.61,94
way/1135811258,6.9,6.4,13.55,162
way/1135811259,8.2,7.3,14.0,592
way/1135811260,3.3,3.2,14.42,51
way/1135811261,5.6,5.6,14.78,182
way/1135811262,7.0,6.8,14.02,419
way/1135811263,8.1,7.8,13.09,474
way/1135811264,6.6,6.3,13.85,352
way/1135811266,7.8,7.4,12.63,468
way/1135811267,6.7,6.3,13.76,375
way/1135811268,6.7,6.3,13.74,466
way/1135811269,7.9,7.5,13.72,485
way/1135811270,6.7,6.3,13.75,495
way/1135811271,6.6,6.0,13.25,231
way/1135811272,6.5,5.8,13.24,303
way/1135811273,6.3,5.6,13.41,252
way/1135811274,6.5,5.9,13.35,236
way/1135811275,6.2,5.6,13.51,295
way/1135811277,3.7,3.3,13.62,1679
way/1135811278,5.1,4.5,14.03,1552
way/1135811279,5.3,5.3,14.6,321
way/1135811280,6.0,5.9,14.12,1329
way/1135811281,9.5,8.9,13.1,597
way/1135811283,3.2,3.1,14.32,253
way/1135811285,7.7,7.3,12.51,1645
way/1135811286,7.9,7.8,12.23,783
way/1135811287,8.5,7.8,12.19,3289
way/1135811290,3.1,1.7,12.6,110
way/1135811292,10.3,9.6,12.2,1816
way/1135811293,10.5,9.6,12.12,1518
way/1135811294,10.6,9.9,11.95,5936
way/1135811295,11.5,11.3,11.91,13086
way/1135811296,11.2,11.1,11.67,2569
way/1135811298,10.8,10.1,11.25,5125
way/1135915052,9.3,8.4,12.53,2031
way/1135915053,9.3,8.5,12.56,1193
way/1135915054,2.3,1.9,16.38,386
way/1135915055,8.3,7.3,14.1,897
way/1135915056,5.1,5.0,13.6,1196
way/1135915057,5.4,5.1,14.03,249
way/1135915059,11.7,11.1,12.09,5050
way/1135915060,11.3,10.3,12.28,1332
way/1135915061,10.4,9.2,12.92,1908
way/1135915062,11.3,10.4,12.92,738
way/1135915063,11.6,10.7,12.92,934
way/1135915064,6.3,5.6,15.05,676
way/1136839258,13.1,12.2,9.28,4097
way/1136839261,13.1,12.2,9.3,3227
way/1136839263,10.5,9.8,9.3,2861
way/1136839264,12.2,11.8,9.29,1100
way/1136839265,12.1,11.6,9.32,978
way/1136839267,11.7,11.2,9.72,1284
way/1136839268,11.4,10.9,10.06,1221
way/1136839269,9.5,8.8,10.26,3471
way/1136839272,4.1,3.9,10.5,483
way/1136839274,12.7,11.6,10.56,2034
way/1136839275,9.8,8.8,10.69,3810
way/1136839276,12.5,11.5,10.92,1788
way/1136839277,12.3,11.5,11.16,2244
way/1136839278,12.4,11.6,11.23,2237
way/1136839279,12.3,11.4,11.34,2285
way/1136839280,9.6,8.8,11.48,2573
way/1136839281,11.5,11.2,11.63,1113
way/1136839282,11.5,11.2,11.76,293
way/1136839284,3.9,3.8,10.65,461
way/1136839287,3.8,3.7,10.99,180
way/1136839289,4.3,4.3,11.21,488
way/1136839295,4.4,4.2,11.18,210
way/1136839296,4.1,3.9,11.39,145
way/1136839301,11.1,10.8,12.11,271
way/1136839302,11.3,11.0,11.96,251
way/1136839303,9.5,8.7,11.88,1452
way/1136839304,12.3,11.5,11.92,2048
way/1136839305,12.3,11.7,11.95,982
way/1136839306,12.1,11.4,11.98,748
way/1136839307,12.1,11.3,12.05,478
way/1136839308,8.7,8.0,12.12,435
way/1136839309,8.7,8.1,12.16,487
way/1136839311,8.7,8.2,12.04,1709
way/1136839313,4.5,4.5,11.94,706
way/1136839316,8.9,8.3,10.63,819
way/1136839320,7.9,7.3,10.02,215
way/1136839321,6.2,5.5,11.77,226
way/1136839323,5.9,5.5,12.19,237
way/1136839324,5.7,5.3,12.22,260
way/1136839325,5.6,5.2,12.43,254
way/1136839326,5.2,4.8,12.81,257
way/1136839327,9.2,8.8,10.2,251
way/1136839328,7.5,7.0,11.85,241
way/1136839329,9.1,8.7,10.19,138
way/1136839330,8.9,8.5,10.4,417
way/1136839332,3.2,3.1,11.11,69
way/1136839338,3.9,2.0,11.8,33
way/1136839339,11.8,10.9,11.87,482
way/1136839340,9.0,8.2,11.9,723
way/1136839341,11.8,10.9,11.88,557
way/1136839342,12.1,11.2,11.87,462
way/1136839343,11.8,10.9,11.87,416
way/1136839344,12.1,11.1,11.88,500
way/1136839345,9.2,8.2,11.89,645
way/1136839346,12.0,11.1,11.89,532
way/1136839348,12.3,11.1,11.27,7227
way/1136839351,13.2,12.3,9.01,402
way/1136839352,13.2,12.3,9.04,412
way/1136839353,12.4,11.5,10.15,372
way/1136839354,12.5,11.5,10.18,339
way/1136839355,11.6,10.8,10.94,354
way/1136839356,11.7,10.8,10.8,347
way/1136839357,10.2,9.3,9.22,466
way/1136839358,12.0,11.1,10.71,350
way/1136839359,11.8,10.9,10.95,360
way/1136839360,12.5,11.3,10.07,553
way/1136839361,12.9,12.1,8.75,951
way/1136839362,12.8,11.8,8.72,1026
way/1136839363,12.9,11.9,8.71,1078
way/1136839364,10.2,9.4,8.6,2537
way/1136839365,3.5,1.5,9.37,668
way/1136839367,3.8,3.7,9.49,657
way/1136842547,9.0,8.1,13.94,861
way/1136842548,9.0,8.1,13.95,617
way/1136842549,9.3,8.3,14.17,430
way/1136842550,9.2,8.3,14.1,912
way/1136842552,7.5,5.0,13.67,346
way/1136842557,9.2,8.3,14.2,354
way/1136842560,7.7,7.1,13.62,155
way/1136842561,8.6,8.2,12.71,135
way/1136842562,8.4,8.0,12.9,152
way/1136842563,8.3,7.8,13.02,202
way/1136842564,7.8,7.3,13.67,480
way/1136842565,7.9,7.3,13.42,557
way/1136842566,9.1,8.5,12.2,306
way/1136842567,11.5,11.1,12.18,425
way/1136842568,11.3,10.9,12.37,186
way/1136842569,11.3,10.9,12.39,154
way/1136842570,11.1,10.7,12.58,445
way/1136842572,7.7,7.3,12.65,93
way/1136842573,8.6,8.1,12.47,510
way/1136842574,11.8,11.3,11.59,837
way/1136842575,11.5,11.0,11.73,863
way/1136842576,11.4,10.7,11.84,772
way/1136842577,11.4,10.8,11.98,707
way/1136842578,7.3,6.8,13.7,358
way/1136842580,2.7,2.6,13.4,103
way/1136842594,11.2,10.8,11.96,694
way/1136842595,10.0,9.6,13.15,217
way/1136842596,10.8,10.2,12.14,418
way/1137093723,8.9,8.3,11.86,475
way/1137093724,11.5,11.0,11.69,442
way/1137093725,11.4,11.0,11.72,131
way/1137093726,11.3,10.8,11.81,115
way/1137093727,11.1,10.6,11.96,583
way/1137093728,11.2,10.8,11.98,140
way/1137093729,11.1,10.6,12.02,480
way/1137093730,11.2,10.7,11.96,126
way/1137093731,8.7,8.0,12.08,1778
way/1137093732,8.3,7.7,12.01,306
way/1137093733,8.3,7.7,12.07,249
way/1137093734,8.1,7.1,12.15,338
way/1137093735,7.4,3.7,12.83,439
way/1137093738,5.7,5.0,14.13,337
way/1137093739,6.6,5.9,13.29,241
way/1137093747,4.5,4.1,13.28,82
way/1137093749,9.4,8.4,13.04,662
way/1137093750,9.4,8.3,12.95,469
way/1137093792,7.9,7.3,13.95,59
way/1137093793,8.3,7.6,13.98,384
way/1137093794,8.1,7.3,14.13,448
way/1137093800,8.3,7.6,14.12,175
way/1137094993,9.3,8.4,10.49,821
way/1137094994,9.1,8.2,10.55,666
way/1137094995,9.1,8.2,10.65,699
way/1137094998,8.1,7.2,11.54,650
way/1137094999,8.0,7.0,11.62,709
way/1137095000,8.0,7.1,11.68,716
way/1137095001,8.1,7.3,11.7,614
way/1137095002,8.4,7.8,11.32,721
way/1137095003,4.4,4.0,11.32,761
way/1137095004,9.5,8.7,10.21,618
way/1137095005,9.0,8.2,10.73,467
way/1137095006,8.1,7.2,11.61,487
way/1137095007,8.7,7.8,11.05,618
way/1137095008,8.3,7.7,11.53,583
way/1137407950,8.8,8.4,11.63,25465
way/1137407951,13.2,12.0,11.65,22629
way/1137407952,10.8,9.5,11.59,49424
way/1137407953,13.3,12.4,11.56,9042
way/1137407954,13.1,12.3,11.62,18848
way/1137407963,22.3,20.8,11.2,159820
way/1137407964,25.1,22.4,10.71,161308
way/1137411164,8.1,7.4,11.32,7899
way/1137717770,5.3,5.1,10.18,2308
way/1137717771,5.1,5.1,10.75,2361
way/1137717772,6.2,6.0,9.81,8483
relation/15429455,6.2,6.1,10.1,23049
way/1137717775,6.3,6.1,9.0,1268
way/1137717776,5.8,5.6,9.44,1294
way/1137717778,4.5,4.4,10.2,2559
way/1137717780,4.7,4.7,10.31,1435
way/1137717781,8.7,8.4,8.72,8975
way/1137717785,12.2,11.6,11.65,8036
way/1137717786,10.3,9.8,11.99,1963
way/1137717797,4.0,4.0,10.05,229
way/1137717801,9.8,9.5,13.2,172
way/1137947597,3.7,3.4,9.7,95
way/1137947618,4.2,4.1,12.25,40
way/1137947619,9.1,8.4,12.26,255
way/1137947620,8.2,7.4,12.52,408
way/1137947621,10.8,10.6,11.99,439
way/1137947627,9.6,8.3,11.38,348
way/1137947629,4.3,4.3,11.46,61
way/1137947630,9.3,8.1,11.61,357
way/1137947631,9.2,7.9,11.79,400
way/1137947632,9.2,8.4,11.88,259
way/1137947633,9.2,7.4,11.89,465
way/1137947634,9.4,8.0,11.88,296
way/1137947635,9.6,8.5,11.87,274
way/1137947636,8.2,7.4,13.06,133
way/1137947648,2.5,2.4,13.0,34
way/1138162757,9.5,8.6,9.61,708
way/1138162758,9.4,8.6,9.83,671
way/1138162759,9.2,8.3,9.95,653
way/1138162762,3.0,2.9,11.33,58
way/1138162769,16.4,15.4,9.87,3946
way/1138162770,8.7,8.2,9.81,104
way/1138162771,12.2,12.1,9.52,6224
way/1138162772,8.3,8.3,9.72,6431
way/1138162774,9.2,8.6,9.54,3944
way/1138162776,9.1,8.5,10.48,584
way/1138162777,8.5,7.5,10.73,1085
way/1138162778,8.4,7.3,10.91,1220
way/1138162788,7.8,6.5,11.84,813
way/1138162789,8.6,7.4,11.42,472
way/1138162790,9.0,8.0,11.02,449
way/1138162791,8.9,7.9,11.12,396
way/1138162792,8.2,7.2,11.14,143
way/1138162794,7.2,6.3,12.4,564
way/1138162795,7.5,6.7,12.4,463
way/1138162796,9.0,8.3,10.65,464
way/1138162797,8.7,7.8,10.95,128
way/1138162800,6.1,5.6,10.36,945
way/1138162801,6.8,6.2,10.12,918
way/1138162802,6.7,5.9,10.36,705
way/1138162803,6.0,5.4,10.84,667
way/1138162804,4.7,4.0,12.17,258
way/1138162805,4.9,4.3,11.99,201
way/1138162806,6.0,5.4,10.82,197
way/1138162807,6.0,5.4,10.82,285
way/1138162808,4.6,4.0,12.23,267
way/1138162809,4.6,4.1,12.27,275
way/1138162810,4.5,4.0,12.38,414
way/1138162811,4.5,3.9,12.42,193
way/1138162812,4.5,4.0,12.4,257
way/1138162816,4.3,4.3,9.02,340
way/1138162820,9.4,9.2,9.83,17822
way/1138162821,9.0,8.9,9.53,2538
way/1138162824,9.6,8.5,9.96,883
way/1138162825,9.6,8.8,10.09,701
way/1138162826,9.5,8.8,10.14,626
way/1138162827,9.3,8.6,10.22,474
way/1138162828,9.3,8.6,10.22,476
way/1138162829,9.2,8.4,10.3,364
way/1138162830,9.0,8.5,10.55,251
way/1138162831,9.0,8.4,10.58,223
way/1138162832,9.3,8.6,10.3,318
way/1138162833,9.3,8.7,10.28,257
way/1138162834,9.2,8.5,10.36,248
way/1138467453,4.4,4.4,9.24,408
way/1138467455,4.0,3.9,9.62,73
way/1138467458,4.0,3.8,9.31,163
way/1138467459,4.2,4.2,9.09,547
way/1138467460,8.9,7.5,10.0,1339
way/1138467461,9.1,7.9,9.89,3232
way/1138467462,8.7,7.9,10.33,1729
way/1138467463,8.7,7.5,9.93,1463
way/1138467464,8.7,7.5,9.91,1342
way/1138467465,8.8,7.6,9.9,1695
way/1138467466,9.1,8.3,9.68,778
way/1138467467,9.3,8.4,9.45,1472
way/1138467468,9.1,8.4,9.45,906
way/1138467469,9.1,8.3,9.47,1220
way/1138467470,9.2,8.5,9.32,1090
way/1138467471,9.1,7.8,9.34,2435
way/1138467472,8.9,7.7,9.51,2015
way/1138467473,8.9,4.8,9.31,3169
way/1138467474,9.2,8.0,9.2,2272
way/1138467475,9.2,8.3,9.09,1177
way/1138467476,9.3,8.1,9.08,1870
way/1138467477,9.3,8.5,9.09,1584
way/1138467478,9.2,8.3,9.1,3713
way/1138467479,9.2,8.3,9.1,2986
way/1138467481,9.5,8.3,8.88,2792
way/1138467482,9.5,8.3,8.85,2465
way/1138467483,9.6,8.5,8.77,3035
way/1138467484,9.6,8.4,8.7,3814
way/1138467486,4.3,4.1,8.95,320
way/1138467487,4.0,3.9,9.08,329
way/1138467488,2.2,2.0,8.9,80
way/1138467489,7.8,6.6,8.91,2653
way/1138467490,12.5,11.4,8.68,7932
way/1138467492,13.3,12.6,8.67,5294
way/1138467493,12.6,11.8,8.62,5395
way/1138467494,12.8,12.3,8.57,5808
way/1138467495,12.7,12.0,8.55,5724
way/1138525225,10.7,9.7,8.99,1126
way/1138525226,10.9,9.8,8.9,1640
way/1138525227,10.9,9.7,8.81,1930
way/1138525228,11.0,10.0,8.79,1902
way/1138525229,11.0,10.1,8.79,1895
way/1138525230,11.0,9.9,8.8,2834
way/1138525231,11.0,9.8,8.74,2533
way/1138525232,10.6,9.7,9.62,1132
way/1138525233,10.6,9.7,9.63,1219
way/1138525234,10.5,9.6,9.75,988
way/1138525235,10.5,9.6,9.73,1006
way/1138525236,12.1,11.4,10.02,3846
way/1138525237,9.8,9.0,10.43,894
way/1138525238,9.9,9.0,10.4,890
way/1138525239,9.8,8.9,10.44,673
way/1138525240,9.8,8.9,10.49,658
way/1138525241,10.8,9.6,11.1,9970
way/1138525242,9.2,8.2,10.23,2794
way/1138525243,9.6,8.6,10.23,2749
way/1138525244,8.4,7.4,11.13,3144
way/1138525245,8.8,7.9,10.85,3063
way/1138525246,8.6,7.7,10.82,1884
way/1138525247,9.2,8.2,10.3,1736
way/1138525248,8.4,7.6,10.48,1342
way/1138525249,4.6,4.4,10.37,938
way/1138525256,4.2,4.1,8.7,141
way/1138525257,7.6,6.9,8.68,238
way/1138525258,12.8,12.1,8.79,6764
way/1138525259,17.9,16.7,8.79,7456
way/1138525261,4.5,4.4,9.2,549
way/1138525267,2.0,2.0,11.91,1121
way/1138525268,2.2,2.1,11.73,994
way/1139075966,11.3,10.6,8.5,4375
way/1140390855,7.3,7.0,9.16,6120
way/1140390856,7.9,7.1,9.14,6810
way/1140390859,4.0,4.0,9.33,1696
way/1140390860,16.8,15.8,7.84,35872
way/1140390868,10.4,9.9,11.93,4314
way/1140390875,15.6,14.7,4.64,13242
way/1143937218,5.8,5.8,9.66,206
relation/15462263,18.9,17.6,7.53,73477
relation/15462264,18.9,17.7,7.44,73901
way/1143937229,4.3,4.2,11.48,7279
way/1143937230,6.1,5.6,11.08,8866
way/1143937232,6.4,6.3,9.0,6764
way/1143937235,5.2,5.1,12.07,2560
way/1143937236,4.9,4.9,12.09,3294
way/1144070842,7.1,7.0,11.71,2171
way/1144070843,3.7,3.4,12.91,2542
way/1144070851,4.2,4.2,14.16,1684
way/1144070857,12.8,11.9,9.8,1721
way/1144070858,12.7,11.7,9.89,1733
way/1144070859,12.6,11.8,10.06,1738
way/1144070860,12.7,11.7,10.31,1745
way/1144070861,12.7,11.8,10.47,1788
way/1144070862,12.5,11.5,10.55,1746
way/1144070863,12.5,11.5,10.66,1778
way/1144070864,12.7,11.7,10.77,1727
way/1144070865,12.8,11.8,10.84,1839
way/1144070866,12.8,11.8,10.73,2277
way/1144070875,12.5,11.5,9.28,1924
way/1144070876,12.4,11.5,9.22,1978
way/1144070877,12.5,11.6,9.17,2096
way/1144070878,12.5,11.5,9.13,2601
way/1144070879,12.5,11.5,9.12,3763
way/1144175195,3.2,3.0,13.08,76
way/1144175196,3.3,3.1,12.51,107
way/1144175197,3.6,3.5,11.88,144
way/1144175200,4.2,3.5,11.88,156
way/1144175201,3.3,3.2,11.88,100
way/1144175202,9.5,9.1,10.61,1599
way/1144175203,9.8,9.4,10.38,1760
way/1144175204,9.9,9.4,10.31,3200
way/1144175205,10.4,9.8,10.14,2780
way/1144175206,3.5,3.3,11.79,165
way/1144175207,3.5,3.3,11.83,155
way/1144175208,3.8,3.5,11.56,281
way/1144175209,3.9,3.8,11.44,144
way/1144175210,4.1,3.9,11.77,133
way/1144175211,4.1,3.9,11.8,223
way/1144175212,4.2,4.0,11.77,166
way/1144175213,4.4,4.1,11.76,112
way/1144175214,4.2,4.0,11.94,123
way/1144175215,3.9,3.7,11.92,96
way/1144175216,3.9,3.6,12.18,96
way/1144175217,3.8,3.7,12.19,55
way/1144175223,4.4,4.2,11.29,146
way/1144175226,4.1,4.0,11.26,153
way/1144175228,4.0,3.8,11.25,151
way/1144175229,4.6,4.4,11.08,152
way/1144175230,5.9,5.6,10.92,1960
way/1144175231,5.7,5.4,11.15,1920
way/1144175235,6.7,6.3,10.01,1933
way/1144175236,5.9,5.5,10.86,1525
way/1144175237,6.0,5.6,10.72,1505
way/1144175238,6.4,6.0,10.34,1780
way/1144175240,2.5,2.2,11.03,229
way/1144175242,3.9,3.7,10.58,310
way/1144175243,4.2,4.0,10.57,214
way/1144175244,3.9,3.8,10.34,200
way/1144175245,4.4,4.3,10.38,327
way/1144175246,3.6,3.4,10.91,248
way/1144175247,4.1,3.9,10.9,373
way/1144175248,4.0,3.9,10.24,196
way/1144175249,3.9,3.6,10.24,245
way/1144175250,3.9,3.7,10.22,148
way/1144175251,4.2,3.9,10.09,176
way/1144175252,4.1,4.0,9.89,142
way/1144175254,4.1,3.8,10.17,308
way/1144175256,4.3,4.2,10.1,312
way/1144175258,3.9,3.7,10.22,178
way/1144175259,4.0,3.8,10.37,440
way/1144175277,3.8,3.4,11.3,29
way/1144175279,8.2,7.4,10.88,307
way/1144175303,4.0,3.9,11.61,38
way/1144192058,3.2,3.0,10.99,20
way/1144192062,7.9,4.6,9.72,297
way/1144508876,8.2,8.2,9.56,946
way/1144508878,8.0,7.9,9.7,23
way/1144963155,10.3,9.9,17.17,110
way/1147061532,14.0,13.0,1.97,26869
way/1147061533,12.9,12.2,1.18,40312
way/1159235680,9.7,9.2,5.91,4078
way/1159235681,14.7,13.5,5.93,16116
way/1159235682,15.4,15.3,5.93,14205
way/1159235683,21.5,20.6,6.02,35673
way/1159235684,20.4,20.3,6.19,39672
way/1159235685,16.4,15.5,5.99,11042
way/1159235686,20.0,19.2,6.03,7357
way/1159235687,19.5,18.6,6.02,9814
way/1159235688,19.2,18.2,6.34,10685
way/1159235689,18.7,16.9,6.68,21199
way/1159235690,18.2,16.3,7.01,20389
way/1159417327,17.2,16.5,4.88,18713
way/1159419866,10.2,9.5,9.34,60044
way/1160884804,4.0,3.8,9.35,480
way/1160884805,7.2,4.4,9.58,337
way/1160884810,7.1,6.5,12.27,517
way/1160884811,8.4,7.8,12.45,580
way/1160884843,16.2,16.1,11.97,4783
way/1160888471,17.5,16.8,14.23,182
way/1160888472,18.4,17.4,14.07,1875
way/1160888473,17.7,16.8,14.27,2218
way/1160888474,18.2,17.2,14.24,1029
way/1161202351,9.2,8.7,9.96,1013
way/1161202352,9.4,8.9,9.53,1010
way/1161202353,9.6,9.0,9.64,1198
way/1161202354,9.3,8.9,9.57,539
way/1161202355,11.8,10.6,9.28,974
way/1161202356,11.6,10.3,9.44,1033
way/1161202357,11.3,10.3,9.8,1005
way/1161202358,10.7,9.7,9.04,1630
way/1161202359,10.7,9.8,9.08,694
way/1161202360,9.7,9.0,9.03,926
way/1161202361,9.8,9.2,8.91,934
way/1161202362,9.9,9.2,8.87,1356
way/1161202363,9.8,9.2,8.82,1450
way/1161202364,8.8,8.2,10.22,1196
way/1161204242,4.6,4.6,13.98,778
way/1161204243,11.7,11.6,14.17,3327
way/1161204244,12.3,11.5,13.92,3711
way/1161204246,8.5,7.5,14.06,6083
way/1161204247,9.1,8.5,13.57,3346
way/1161204248,9.0,5.9,13.82,12973
way/1161204249,10.0,8.2,13.96,2819
way/1161204250,14.1,13.9,13.02,6211
way/1161204251,16.3,15.7,13.71,1907
way/1161204252,16.3,15.5,13.76,1383
way/1161522744,3.2,3.1,12.8,33
way/1161522746,3.4,3.2,13.08,905
way/1161522747,3.6,3.6,11.91,441
way/1161522748,4.5,4.4,10.81,441
way/1161522753,7.6,6.8,10.18,217
way/1161522755,9.4,8.5,12.86,680
way/1161522756,12.8,11.9,12.88,1059
way/1161522757,12.8,11.9,12.81,1057
way/1161537467,9.4,8.5,12.73,1000
way/1161537468,9.5,8.7,12.68,1047
way/1161537469,2.6,2.6,11.78,316
way/1161537471,10.0,9.2,11.82,1127
way/1161537472,10.0,9.3,11.76,1065
way/1161537473,10.0,9.1,12.29,2073
way/1161537474,11.5,10.3,12.41,1649
way/1161537475,11.2,10.0,12.74,1800
way/1161537476,11.4,10.3,12.45,1871
way/1161537477,11.1,10.1,12.49,1074
way/1161537478,11.1,9.5,12.49,1234
way/1161537479,11.0,9.3,12.51,1219
way/1161537480,11.0,9.2,12.52,1214
way/1161537481,11.0,9.6,12.55,1248
way/1161537482,10.9,9.8,12.63,1114
way/1161537483,11.1,9.3,12.35,1380
way/1161537484,11.0,10.0,12.3,1755
way/1161537485,10.9,9.8,12.42,1787
way/1161537486,10.9,9.8,12.49,1791
way/1161537487,11.3,10.2,12.06,1778
way/1161537488,11.3,9.8,12.09,1372
way/1161537489,12.6,11.6,12.59,1123
way/1161537490,12.4,11.3,12.73,1117
way/1161537491,12.5,11.4,12.66,1097
way/1161537492,11.4,10.3,12.54,1253
way/1161537493,11.2,10.1,12.61,1274
way/1161537494,11.2,10.1,12.68,1310
way/1161537495,11.1,9.9,12.73,1336
way/1161537496,11.1,9.9,12.76,1381
way/1161537497,11.1,9.9,12.78,1403
way/1161537498,10.9,9.3,12.19,1435
way/1161537499,10.7,9.5,12.13,1442
way/1161537500,10.9,9.5,12.05,1460
way/1161537501,11.0,9.6,11.98,1623
way/1161537502,11.0,9.6,11.94,1703
way/1161537503,11.1,9.7,11.88,1867
way/1161537504,11.1,9.5,11.93,2052
way/1161537505,11.7,11.4,11.43,1281
way/1161537506,11.9,11.6,11.23,902
way/1161537507,11.2,10.9,11.94,1042
way/1161537508,12.1,11.1,12.32,1070
way/1161537509,12.0,11.0,12.31,1060
way/1161537510,8.9,8.4,12.45,537
way/1161537511,12.0,10.9,12.42,1055
way/1161537512,12.1,11.1,12.32,1108
way/1161537513,8.4,4.9,11.39,3698
way/1161537514,11.0,9.0,12.19,521
way/1161537515,11.1,8.9,12.19,496
way/1161537516,11.0,9.0,12.19,461
way/1161537517,11.1,9.2,12.19,710
way/1161537518,11.1,9.6,12.1,1536
way/1161537519,11.2,9.6,12.08,1406
way/1161537520,11.4,9.7,11.9,1429
way/1161537521,12.3,11.9,11.14,795
way/1161537522,8.8,8.2,12.66,431
way/1161537523,12.6,11.5,12.26,886
way/1161537524,12.5,11.3,12.31,891
way/1161537525,12.5,11.3,12.32,917
way/1161537526,12.4,11.3,12.46,877
way/1161537527,12.5,12.1,11.06,980
way/1161537528,12.5,12.1,11.07,1214
way/1161537535,8.7,8.1,12.24,172
way/1161537536,8.7,8.1,12.29,191
way/1161537537,7.7,7.0,13.26,185
way/1161537538,8.8,8.1,12.29,218
way/1161537539,8.7,7.7,12.28,254
way/1161537540,8.6,7.9,12.21,350
way/1161537541,9.0,8.1,12.14,348
way/1161537542,9.1,8.4,11.7,217
way/1161537543,8.0,7.3,12.89,247
way/1161537544,7.8,7.1,12.93,209
way/1161537545,8.6,8.0,12.16,250
way/1161537546,8.6,7.9,12.14,221
way/1161537547,8.6,7.9,12.17,248
way/1161537548,8.8,7.9,12.15,230
way/1161537549,6.9,6.0,12.13,973
way/1161537550,6.6,6.2,12.2,120
way/1161537551,6.6,6.2,12.37,119
way/1161537552,6.5,6.1,12.4,125
way/1161537553,7.2,4.1,11.5,342
way/1161537554,7.0,3.7,11.63,444
way/1161538254,5.1,4.9,13.78,683
way/1162280149,5.4,5.0,15.08,1713
way/1162280151,5.3,5.1,12.56,8464
way/1162280152,2.9,1.7,12.27,576
way/1162280153,10.5,9.6,10.12,2340
way/1162280154,8.9,8.4,11.5,2878
way/1162280155,9.4,8.9,10.41,3031
way/1162280156,8.3,7.8,11.98,1760
way/1162280157,8.3,7.9,11.99,1761
way/1162280158,9.4,9.0,12.21,4513
way/1162280159,9.3,9.0,12.35,5299
way/1162280160,17.4,17.3,9.73,33379
way/1162280163,5.5,5.2,12.41,12266
way/1162280164,7.5,6.9,12.99,23655
way/1162280165,10.6,9.7,12.71,10353
way/1162280166,9.6,8.3,12.67,46196
way/1162280170,6.7,6.2,13.08,11492
way/1162280171,8.3,7.4,13.1,9653
way/1162280172,23.4,23.2,13.09,146860
way/1162280173,6.1,5.6,13.02,4598
way/1162280174,6.3,6.2,13.06,7641
way/1162280175,12.0,10.8,11.11,17081
way/1162280176,18.5,17.6,11.07,7111
way/1162280177,19.8,18.3,10.76,5159
way/1162280178,19.6,18.4,10.59,3425
way/1162280179,20.3,19.2,11.06,3226
way/1162498944,12.2,11.5,0.44,29421
way/1162501012,10.2,9.0,9.72,12590
way/1162921470,6.2,5.3,5.24,428
way/1162921471,6.5,5.5,5.3,669
way/1162921472,6.5,5.5,5.36,551
way/1162921473,6.5,5.3,5.39,618
way/1162921474,6.4,5.3,5.37,482
way/1162921475,6.4,5.3,5.4,533
way/1162921476,9.2,7.9,5.29,540
way/1162921477,9.1,7.7,5.22,632
way/1162921478,9.2,4.9,5.08,807
way/1162921479,9.1,4.6,4.96,1191
way/1162921480,9.2,5.0,4.88,1278
way/1162921481,9.2,7.8,5.29,779
way/1162921482,9.5,8.3,4.88,745
way/1162921483,9.4,7.9,4.93,792
way/1162921484,9.5,8.3,4.96,894
way/1162921485,9.7,8.0,4.98,857
way/1162921486,9.1,7.8,5.3,760
way/1162921487,6.4,5.3,5.43,562
way/1162921488,6.4,5.2,5.4,583
way/1162921489,5.2,4.6,6.47,297
way/1162921490,4.8,2.8,6.5,403
way/1162921491,4.9,4.1,6.51,444
way/1162921492,5.4,4.5,6.03,430
way/1162921493,6.3,5.6,5.14,467
way/1162921494,6.5,5.6,5.01,888
way/1164197126,15.6,14.3,4.82,175306
way/1164197127,10.3,9.7,3.57,30855
way/1164197128,11.8,11.6,3.39,6486
way/1177522732,10.7,9.9,4.98,24581
way/1177522734,6.2,5.7,2.92,16722
way/1177542477,17.1,15.5,5.29,120111
way/1177542478,26.7,26.3,2.95,119616
way/1184883661,12.3,11.7,12.44,7482
way/1187251859,4.6,4.5,6.74,1683
way/1188066505,23.6,23.3,8.33,157223
way/1188066506,19.3,18.6,10.43,13717
way/1206855176,14.1,13.5,2.85,10983
way/1206934987,8.3,7.6,0.12,10712
way/1206934988,4.6,4.5,0.27,3025
way/1206934989,8.2,7.4,0.01,8711
way/1206934990,8.1,6.8,0.06,12760
way/1206934991,8.3,7.7,0.12,6096
way/1206934992,8.4,7.9,0.02,7316
way/1206934993,8.5,8.0,-0.02,6262
way/1206934994,9.7,8.1,0.28,6058
way/1206934995,9.9,8.8,0.19,4567
way/1206934996,4.7,4.4,0.11,10873
way/1206934997,8.5,7.7,0.48,4456
way/1206934998,8.6,8.3,0.47,4922
way/1206934999,8.5,8.1,0.47,3499
way/1206935000,8.5,8.1,0.45,3287
way/1206935001,8.7,8.0,0.39,4022
way/1206935002,8.3,7.8,0.42,5071
way/1206935003,8.4,7.9,0.42,4243
way/1206935004,8.3,7.8,0.42,3767
way/1206935005,8.3,7.5,0.41,3170
way/1206935006,8.4,7.7,0.41,2670
way/1206935007,8.3,7.7,0.43,3315
way/1206935008,8.3,7.6,0.45,2825
way/1206935010,8.6,7.9,0.18,3437
way/1206935011,9.1,8.1,0.18,3127
way/1206935012,9.1,8.0,0.13,2970
way/1206935013,8.5,7.8,0.13,3683
way/1207029481,5.6,2.5,1.95,27006
way/1211349475,6.7,6.1,4.59,899
way/1211349476,6.7,6.6,4.66,951
way/1211349477,6.6,6.0,4.62,868
way/1211349478,6.6,6.0,4.67,824
way/1211349479,6.5,5.8,4.73,826
way/1211349480,6.3,5.7,4.92,747
way/1211349481,6.4,5.7,4.81,778
way/1211349482,5.4,4.8,6.18,307
way/1211349483,5.4,4.8,6.17,420
way/1211349484,5.5,4.8,6.13,688
way/1211349485,6.2,5.5,5.3,667
way/1211349486,5.7,5.0,5.93,583
way/1211349487,6.4,5.8,5.2,730
way/1211349488,6.5,6.2,5.07,683
way/1211349489,9.7,9.0,4.45,779
way/1211349490,9.6,8.8,4.56,1433
way/1211349491,9.6,8.9,4.69,1892
way/1211349492,9.4,8.7,4.73,1018
way/1211349493,9.5,8.8,4.76,955
way/1211349494,9.5,8.9,4.73,492
way/1211349495,9.6,9.3,4.77,515
way/1211349496,9.4,8.8,4.84,558
way/1211349497,9.4,8.8,4.84,464
way/1211349498,9.4,8.7,4.84,434
way/1211349499,9.5,8.9,4.06,1110
way/1211349500,9.6,9.5,4.08,1273
way/1211349501,9.4,8.7,4.1,1240
way/1211349502,9.4,8.7,4.13,1177
way/1211349503,9.4,8.8,4.18,1129
way/1211349504,9.3,8.7,4.21,996
way/1211349505,9.3,8.7,4.25,826
way/1211349506,9.3,8.7,4.29,698
way/1211349507,9.2,8.5,4.33,589
way/1211349508,9.5,8.9,4.66,1553
way/1211349509,9.5,8.8,4.64,1147
way/1211349510,9.5,8.8,4.62,828
way/1211349511,9.5,8.8,4.7,1007
way/1211349512,9.4,8.8,4.79,910
way/1211349513,9.4,8.7,4.83,860
way/1211349514,9.2,8.6,5.0,950
way/1211959041,18.8,18.0,13.77,8290
way/1211959042,19.5,18.8,13.17,8542
way/1211960721,18.6,17.8,14.35,1751
way/1211960722,20.4,18.6,13.99,12063
way/1211960723,20.3,19.0,14.01,2597
way/1211960724,20.8,19.9,13.56,2588
way/1211960725,21.4,20.5,13.12,4792
way/1211960726,20.6,18.3,13.7,4340
way/1211960727,20.2,17.8,14.16,4540
way/1211960728,20.6,19.4,13.68,4297
way/1211960729,20.9,20.0,13.61,4775
way/1211960730,21.0,20.9,13.61,5670
way/1211960731,19.6,18.8,13.61,4784
way/1211960732,19.0,18.2,14.23,4581
way/1211960733,19.0,18.2,14.25,3998
way/1211960734,19.2,18.2,14.24,4925
way/1211960735,19.1,18.1,14.32,4066
way/1211960736,19.2,18.1,14.29,3471
way/1211962602,8.7,8.6,14.86,1047
way/1211962603,8.7,8.6,14.86,3829
way/1211962604,12.8,12.3,14.93,1624
way/1211962605,12.9,12.3,14.99,1434
way/1211962606,12.9,12.2,14.81,1494
way/1211962607,13.0,13.0,14.65,2067
way/1211962608,11.5,7.6,14.41,24066
way/1213098830,6.6,6.3,8.03,57
way/1213098831,7.7,7.1,7.99,227
way/1213098832,7.9,7.2,7.93,186
way/1213098833,7.7,7.0,7.9,187
way/1213098834,9.1,7.3,7.89,183
way/1213098835,7.8,7.1,7.83,157
way/1213098848,8.6,8.1,7.18,86
way/1213098860,6.8,5.9,8.25,88
way/1213098861,7.4,6.6,7.87,108
way/1213098862,7.6,6.9,7.6,103
way/1213098863,7.8,7.0,7.38,94
way/1213098864,7.9,7.2,7.32,72
way/1213098865,8.0,7.5,7.58,53
way/1213156976,10.9,10.2,5.5,4821
way/1213156977,14.5,14.4,5.18,7475
way/1213156978,10.8,10.3,6.44,438
way/1213156979,10.9,10.4,6.42,533
way/1213156980,10.2,9.7,6.93,401
way/1213156981,10.5,10.0,6.87,345
way/1213156982,10.5,10.0,6.83,382
way/1213156983,10.8,10.3,6.51,492
way/1213156984,11.2,10.3,6.68,366
way/1213156985,13.2,12.2,5.49,400
way/1213156986,13.0,12.1,5.26,567
way/1213156987,9.6,9.3,7.04,137
way/1213156988,9.7,9.4,7.57,187
way/1213156989,13.7,12.9,5.99,3669
way/1213156990,10.3,9.6,7.56,874
way/1213158197,13.5,9.0,6.09,34202
way/1213158198,15.5,13.8,6.16,8366
way/1213158199,16.8,15.5,6.32,16241
way/1213158200,10.9,10.9,6.43,1020
way/1213158201,16.2,14.4,6.85,7311
way/1213158202,24.1,21.4,6.74,17414
way/1215097444,5.5,5.3,8.33,631
way/1217422778,49.5,40.1,1.0,33971
way/1217422779,21.9,12.4,2.11,40095
way/1218589255,30.4,12.9,1.72,1292486
way/1220624682,11.8,11.0,2.08,8751
way/1220624685,18.5,17.6,2.15,40988
way/1220624686,8.5,8.5,0.9,18951
way/1220624687,10.5,10.4,3.94,6046
way/1220624688,14.7,13.5,2.97,52460
way/1220624691,16.0,15.2,3.46,79807
way/1221023813,16.2,12.8,5.55,95901
way/1221023814,22.4,21.6,6.17,55480
way/1221023815,23.9,20.2,5.07,46684
way/1221026154,16.8,14.5,6.42,20027
way/1221026155,15.6,15.2,6.16,15045
way/1221026156,19.6,18.6,3.75,12490
way/1221026157,19.8,18.9,3.85,13819
way/1221292689,5.6,5.5,12.94,7612
way/1221316634,21.8,19.8,3.14,119504
relation/16656965,12.7,9.4,9.32,161278
way/1223551120,21.7,19.8,5.53,162436
way/1223551121,15.1,13.0,8.77,91664
way/1223559205,17.4,14.1,2.51,148186
way/1223559206,16.1,14.8,2.29,60302
way/1223872996,9.4,8.8,10.54,1957
way/1223874383,16.4,14.2,12.54,167465
way/1223966710,11.1,10.2,9.05,49221
way/1224826047,13.7,12.9,1.26,9000
way/1224909930,13.8,3.1,13.34,277893
way/1238707407,7.8,7.7,11.75,3655
way/1238707408,13.1,6.1,10.98,1801
way/1238707409,14.5,13.4,11.24,6998
way/1238707412,19.0,18.1,11.78,773
way/1239081515,11.7,11.2,9.18,35568
way/1239081516,14.8,8.9,8.38,69196
way/1239081517,8.5,8.0,10.38,4157
way/1239081518,9.0,8.0,10.5,10772
way/1239081519,9.2,8.1,10.53,5980
way/1239081520,11.7,11.1,11.0,6626
way/1239081521,15.0,14.6,10.95,11440
way/1239081522,14.8,14.6,10.79,36242
way/1239081863,8.4,7.3,10.36,29497
way/1239084568,11.6,10.6,4.28,24652
way/1239084570,8.0,7.5,11.38,18022
way/1239708017,8.9,8.4,3.76,27060
way/1239708018,9.3,8.5,3.72,26506
way/1239708022,10.6,9.7,3.94,43358
way/1239708023,8.4,8.4,4.02,75833
way/1239708024,10.2,9.5,4.32,39089
way/1239708027,9.2,8.4,6.35,5128
way/1239708028,9.6,8.7,6.34,19371
way/1239708029,8.1,7.1,5.75,14519
way/1239708030,11.4,10.4,6.25,2476
way/1239708031,10.1,9.2,6.26,851
way/1239708032,15.7,14.7,8.71,6604
way/1239708035,16.5,14.9,9.39,9366
way/1239708037,10.6,10.6,10.85,728
way/1239708038,12.0,11.4,11.58,272
way/1239949930,7.1,6.6,11.4,843
way/1239949933,4.2,3.7,14.35,230
way/1239949934,5.0,4.4,13.49,128
way/1239949935,6.2,5.8,12.27,444
way/1239949936,5.5,5.0,12.94,421
way/1239949942,7.1,6.8,16.45,44
way/1239949943,7.5,7.2,16.1,40
way/1240225090,5.0,4.4,9.05,684
way/1240225091,4.9,4.4,9.35,773
way/1240225135,15.2,13.4,7.78,852
way/1240225136,14.0,13.2,7.7,1480
way/1240225139,18.1,12.1,8.13,13181
way/1240225140,17.0,14.1,9.73,2281
way/1240225141,15.9,15.8,7.92,793
way/1240225142,6.4,6.2,7.94,2020
way/1240225143,7.0,6.5,8.26,873
way/1240225144,7.8,7.2,7.92,2517
way/1240225145,8.6,7.8,7.89,659
way/1240225146,7.8,7.0,7.86,1423
way/1240225147,7.1,6.6,7.77,2803
way/1240225148,14.0,13.3,7.58,1501
way/1240225149,11.5,10.7,7.3,2481
way/1240225150,13.9,13.3,7.4,4106
way/1240225151,11.9,11.3,7.34,1305
way/1240225152,12.4,11.7,7.26,1371
way/1240225153,11.1,10.9,7.17,1040
way/1240225154,14.1,13.4,7.11,1285
way/1241019145,4.3,2.4,5.91,1179
way/1241019152,16.1,15.3,4.86,62636
way/1241019156,19.0,16.3,5.32,14733
way/1241019160,9.0,8.5,7.77,2101
way/1241019161,8.8,8.3,7.82,2073
way/1249529047,8.9,8.3,-0.42,5616
way/1249529048,8.8,8.2,-0.32,7087
way/1249529049,8.7,8.0,-0.22,6514
way/1249529050,9.1,8.5,-0.06,14853
way/1249529051,12.7,11.5,-0.05,4627
way/1249529052,6.8,6.3,0.07,2009
way/1249529053,5.0,4.9,0.07,2023
way/1249529054,5.6,5.4,-0.0,11035
way/1249529055,9.7,8.9,-0.56,7201
way/1249529056,9.7,8.7,-0.53,28423
way/1249529057,9.7,8.8,-0.51,7722
way/1249529058,2.1,1.9,-0.26,5069
way/1249529059,5.7,5.6,-0.33,9067
way/1249529060,5.4,5.1,-0.31,8131
way/1249529061,5.1,4.8,-0.12,6393
way/1249529062,10.2,9.7,-0.34,6681
way/1249529063,7.8,7.2,-0.28,5692
way/1249529064,7.7,7.3,-0.17,6170
way/1249534309,6.9,1.9,0.26,36022
way/1249534310,2.6,1.9,0.25,32550
way/1249539478,9.1,3.0,-0.24,253865
way/1249539479,14.8,8.2,-0.17,222023
way/1249539480,10.2,7.5,1.44,194512
way/1249539481,13.9,6.3,0.72,230264
way/1249547270,11.8,10.0,-0.24,19111
way/1249547271,11.8,10.2,-0.16,12648
way/1249547272,9.4,8.9,-0.26,8959
way/1249547273,9.4,8.6,-0.29,14225
way/1249547274,9.8,9.2,-0.5,13454
way/1249547275,9.7,9.1,-0.59,7386
way/1249547276,2.0,1.8,-0.59,9006
way/1249547277,9.5,9.0,-0.58,8164
way/1249547278,4.5,4.4,-0.51,8873
way/1249547279,9.2,8.7,-0.5,5350
way/1249547280,9.2,8.7,-0.51,5661
way/1249547281,9.2,8.7,-0.6,4970
way/1249547282,9.3,8.8,-0.65,4473
way/1249547283,9.1,8.5,-0.58,5516
way/1249547284,9.1,8.5,-0.52,4958
way/1249779622,11.8,10.2,3.7,394250
way/1249779623,14.7,12.3,3.91,188407
way/1249779624,11.1,11.0,2.9,86154
way/1249779625,9.5,8.6,2.65,38327
way/1250497752,8.5,8.1,6.7,1480
way/1250497753,12.5,12.4,5.79,1832
way/1250497754,8.3,8.0,5.91,3015
way/1250497755,8.4,8.4,5.99,11188
way/1251272316,10.2,10.2,11.64,1711
way/1251272317,7.7,7.3,11.63,879
way/1251272318,7.8,7.4,11.57,926
way/1251272320,4.9,4.9,11.69,4541
way/1251272321,10.3,9.3,11.47,8218
way/1251272322,9.3,8.5,11.54,3643
way/1251272323,7.6,7.3,12.01,2043
way/1251272324,8.4,8.1,11.35,1608
way/1251272325,11.0,9.4,11.28,7542
way/1251272326,7.7,7.7,11.3,7759
way/1251272327,8.9,8.1,11.35,3849
way/1251272328,8.9,8.1,11.3,5408
way/1251272329,8.9,8.2,11.28,4693
way/1251272330,8.6,8.0,11.27,5094
way/1251272331,8.3,7.6,11.33,4967
way/1251272332,7.6,7.6,11.34,4450
way/1251272333,8.1,7.5,11.45,2010
way/1251272334,8.2,7.7,11.32,1705
way/1251272335,8.2,7.5,11.18,6539
way/1251272338,8.5,8.1,11.07,8809
way/1251272339,8.7,7.9,11.05,3381
way/1251272340,12.1,11.1,10.95,4599
way/1251272341,9.0,8.1,10.9,3573
way/1251272342,10.1,10.1,10.85,3592
way/1251272343,8.7,7.8,10.81,3536
way/1251272344,10.9,10.1,10.78,4117
way/1251272345,11.0,10.5,11.01,3555
way/1251272346,9.2,8.3,11.01,1868
way/1251272347,10.3,9.4,10.39,1775
way/1251272348,11.2,11.2,10.29,3388
way/1251272349,10.0,10.0,10.21,324
way/1251272350,9.6,9.6,10.29,379
way/1251272351,10.6,10.5,10.43,2358
way/1251272352,9.2,8.4,10.01,3326
way/1251272353,9.0,8.2,10.04,7082
way/1251272354,9.2,8.0,10.02,5214
way/1251272355,9.4,8.2,9.81,5657
way/1251272356,4.9,4.7,10.41,1510
way/1251272357,9.4,8.4,9.8,5629
way/1251272358,9.1,5.5,9.74,11012
way/1251272359,9.5,8.6,9.62,3660
way/1251272361,10.1,9.4,10.06,4847
way/1251272362,5.2,5.1,9.54,887
way/1251283885,8.5,7.8,9.62,3381
way/1251283886,13.2,12.3,9.78,15682
way/1251283892,8.8,7.9,9.57,3928
way/1251283893,9.1,8.4,9.54,4195
way/1251283895,9.6,9.5,9.31,4291
way/1251283896,10.5,10.5,8.68,26331
way/1251283897,5.1,5.1,10.18,2467
way/1251283898,8.7,8.3,10.17,2466
way/1251283899,23.0,21.9,9.17,49988
way/1251283900,20.1,20.0,9.17,38443
way/1251283901,13.0,11.9,9.51,142565
way/1251283902,8.5,7.6,10.98,44534
way/1251283903,3.1,2.4,15.3,10911
way/1251283904,8.7,7.8,10.33,15145
way/1251283905,8.2,7.6,9.65,1802
way/1251283906,8.0,7.6,9.69,976
way/1251283907,7.9,7.5,9.62,622
way/1251283908,7.7,7.3,9.63,2656
way/1251283909,8.3,7.9,9.64,771
way/1251283910,6.8,6.3,9.87,60
way/1251283911,7.8,7.5,9.22,4495
way/1251283912,7.7,7.3,9.24,3996
way/1251283913,8.1,7.7,9.21,2089
way/1251283914,7.9,7.6,9.33,2611
way/1251283915,7.7,7.7,9.27,5960
way/1251283916,8.0,7.3,9.26,4733
way/1251283917,8.1,7.5,9.26,2847
way/1251283918,8.1,7.4,9.24,4661
way/1251283919,8.1,7.3,9.17,6200
way/1251283920,8.0,7.6,9.15,2060
way/1251283921,7.9,7.5,9.12,2195
way/1251283922,8.1,7.6,8.96,2284
way/1251283923,8.1,7.6,8.94,2243
way/1251283924,8.1,7.6,8.84,2315
way/1251283925,7.6,6.4,8.75,5729
way/1251283926,7.8,7.2,8.71,2423
way/1251283927,7.5,6.7,8.65,4193
way/1251283928,8.1,7.6,9.21,2548
way/1251288966,8.0,7.6,9.18,1673
way/1251288967,7.9,7.4,9.17,2377
way/1251288969,8.4,8.0,9.18,1937
way/1251288970,8.1,7.7,9.14,2207
way/1251288971,7.7,7.2,9.16,1886
way/1251288972,7.7,7.3,9.11,1554
way/1251288973,7.8,7.3,9.08,3070
way/1251288974,8.3,7.7,8.99,1983
way/1251288975,8.6,7.9,8.56,7170
way/1251288976,8.3,7.8,8.63,2359
way/1251288977,8.3,7.2,8.63,4152
way/1251288978,8.3,7.7,8.7,2386
way/1251288979,8.3,7.6,8.65,3012
way/1251288980,8.3,7.7,8.77,4781
way/1251288981,8.3,7.7,8.94,3958
way/1251288982,8.7,8.3,9.25,338
way/1251288983,9.5,9.5,9.42,940
way/1251288984,8.8,8.3,9.45,2388
way/1251288985,7.9,7.6,9.45,1841
way/1251288986,8.2,7.7,9.39,2304
way/1251288987,9.6,8.3,9.47,10424
way/1251288988,7.5,7.4,9.41,5214
way/1251288989,8.2,7.6,9.48,2207
way/1251294616,5.3,5.0,8.95,4322
way/1252835332,3.2,2.5,9.43,121875
way/1254929638,4.4,4.3,4.87,403
way/1254929639,13.3,6.8,4.02,16424
way/1255413211,2.6,2.4,6.19,43
way/1255413213,2.6,2.4,6.19,41
way/1255413214,3.0,2.9,6.71,25
way/1255413215,3.2,3.0,6.76,26
way/1255413216,3.0,3.0,6.81,22
way/1255413218,9.5,8.5,4.67,248
way/1255413219,11.3,10.9,4.64,211
way/1255413220,11.4,10.9,4.67,224
way/1255413221,11.2,10.7,4.73,357
way/1255413222,11.4,10.6,4.85,247
way/1255413223,11.4,10.6,4.88,336
way/1255413225,12.1,11.3,4.81,369
way/1255413226,11.5,11.1,4.78,279
way/1255413227,12.6,12.2,5.08,480
way/1255413228,10.1,9.6,7.01,145
way/1255413229,10.2,9.7,6.97,159
way/1255413230,10.5,9.9,6.64,186
way/1255413231,10.7,10.3,6.37,198
way/1255413920,9.0,8.9,6.21,853
way/1255413921,4.6,4.6,6.31,510
way/1255413923,9.3,7.7,5.06,24203
way/1255413924,9.4,9.4,5.14,2824
way/1255413925,11.2,10.6,5.14,834
way/1255413926,12.2,9.3,5.25,989
way/1255983751,14.6,5.2,10.19,99932
way/1257812928,16.4,13.6,1.41,22841
way/1257868021,2.4,2.3,4.22,52077
way/1257868023,7.9,7.0,4.73,4492
way/1257868024,6.5,4.4,5.35,41299
way/1257868025,10.8,9.8,4.11,43201
way/1258179010,14.9,14.6,9.75,8122
way/1258179019,10.9,9.9,9.35,25571
way/1258179020,14.1,11.5,9.36,27004
way/1258179022,13.0,11.1,9.46,78803
way/1258179023,12.1,11.1,9.64,46081
way/1258179024,13.8,11.8,9.37,188170
way/1258179025,8.2,8.0,9.1,63853
way/1258179026,12.6,11.8,8.76,28925
way/1258179027,17.8,16.8,8.43,56961
way/1258179029,6.9,6.9,8.32,142899
way/1258179031,4.5,1.9,10.31,12722
way/1258179033,5.0,4.9,10.41,13034
way/1258179034,9.9,9.3,8.72,19443
way/1258179035,9.2,7.9,10.43,37488
way/1258179038,11.0,10.5,9.43,8859
way/1258179039,10.4,6.7,8.61,24341
way/1258179040,11.2,10.3,1.82,83666
way/1258207067,14.5,13.3,7.9,20552
way/1258207071,8.0,7.8,9.14,55820
way/1258207073,9.1,8.6,8.86,4576
way/1258207074,8.1,6.3,8.36,25067
way/1258218208,8.4,8.2,10.21,31842
way/1259075854,16.4,15.7,9.04,27419
way/1259075855,5.5,5.0,9.25,3358
way/1259075856,10.2,7.7,9.42,34876
way/1259075857,9.7,9.2,8.97,12848
way/1259075859,12.8,12.2,2.0,18364
way/1259075860,10.6,9.9,1.73,4054
way/1259075861,10.0,9.1,3.33,7456
way/1259075862,7.5,7.4,4.77,36614
way/1259075863,10.6,7.7,2.15,370022
way/1259075864,9.4,9.0,1.45,21543
way/1259075865,8.5,6.6,2.03,123494
way/1259075866,12.2,12.0,2.39,207979
way/1259075867,17.9,12.6,2.37,599720
way/1262961078,8.7,7.2,11.07,104894
way/1262961085,8.6,7.0,1.11,190856
way/1262974736,4.2,4.1,1.5,4897
way/1268348901,14.0,13.5,1.0,8901
way/1268348904,14.4,13.5,0.97,36044
way/1268593608,10.9,9.9,4.24,21552
way/1268593609,14.5,13.8,4.9,26982
way/1268985585,6.1,6.0,4.57,16841
way/1268985588,13.2,6.4,5.54,14933
way/1268985589,11.4,5.2,7.4,2199
way/1269309361,8.1,7.8,1.5,5965
way/1269309365,7.3,7.3,10.47,7636
way/1269309959,10.8,10.6,10.12,4786
way/1269309960,13.3,11.3,10.12,20547
way/1269309961,10.1,9.5,10.02,3836
way/1269309962,9.4,9.1,9.47,5262
way/1269309963,8.5,8.2,10.16,5325
way/1269309964,10.7,8.9,9.5,9747
way/1269309965,10.8,10.1,8.29,22947
way/1269309966,8.8,7.5,10.3,27628
way/1269309967,9.2,8.5,10.11,9133
way/1269309968,10.4,10.0,10.29,8880
way/1269309969,8.2,7.9,10.3,9857
way/1269325538,8.5,8.0,9.4,4667
way/1269325548,7.1,7.1,11.76,1692
way/1269325552,8.4,8.0,11.92,6365
way/1269325553,11.1,11.0,13.41,712
way/1269325554,2.9,2.0,12.11,289
way/1269325555,4.5,4.5,12.08,202
way/1269325556,6.8,6.3,15.11,621
way/1269325557,9.4,8.8,15.31,3183
way/1270062572,13.2,11.7,6.44,5588
way/1270062577,12.7,5.2,8.46,5677
way/1270062578,9.2,8.5,8.91,8958
way/1270062579,6.2,5.9,8.16,4440
way/1270062580,9.2,8.7,8.2,2835
way/1270062581,11.4,11.0,7.47,5522
way/1270062582,12.2,9.9,8.0,5808
way/1270062583,12.6,12.5,7.97,3148
way/1270062584,9.8,9.2,7.94,4124
way/1270062587,9.5,8.8,7.96,12459
way/1270062589,17.6,6.9,7.83,1018
way/1270062590,18.3,7.8,7.14,1351
way/1270062591,10.8,8.6,8.34,17755
way/1270062592,8.5,6.8,11.19,51160
way/1270062593,10.2,8.8,10.27,17809
way/1270062598,8.3,7.8,9.31,5411
way/1270062603,9.9,9.9,9.08,3272
way/1270062604,8.9,7.9,8.44,8146
way/1270083808,8.8,8.0,9.26,20790
way/1270083809,8.5,7.7,8.84,11413
way/1270083810,8.6,8.1,8.91,6057
way/1270083815,12.0,6.4,9.47,22417
way/1270083816,4.2,4.2,8.84,1924
way/1270083817,12.2,8.7,9.0,3239
way/1270083818,8.3,5.7,9.15,2355
way/1270083820,10.1,5.4,10.12,4866
way/1270083821,3.4,3.4,8.5,2742
way/1270083822,11.7,8.8,9.45,2286
way/1270083824,5.9,5.9,9.33,3937
way/1270083825,12.6,12.4,9.35,1454
way/1270083827,8.1,7.7,9.84,1678
way/1270083828,15.1,10.1,7.81,1407
way/1270083831,5.5,5.4,9.95,7582
way/1270083832,10.2,9.8,9.4,1483
way/1270083833,14.9,9.7,10.01,1402
way/1270083835,16.5,16.2,9.74,4464
way/1270083838,13.2,10.0,9.96,5944
way/1270083840,10.4,9.7,9.97,5321
way/1270083841,11.7,11.3,10.01,2215
way/1270083843,10.5,9.2,10.47,8601
way/1270137206,7.6,7.0,12.29,4864
way/1270137208,9.5,9.2,11.83,967
way/1270137209,9.0,8.5,11.82,1662
way/1270137212,12.9,10.6,11.48,2341
way/1270137213,5.3,5.2,11.81,2918
way/1270137215,10.9,10.1,11.76,6054
way/1270137225,12.3,11.1,11.73,5353
way/1270137226,13.2,9.5,11.7,1306
way/1270137227,12.1,9.0,11.74,629
way/1270137228,12.4,12.0,11.84,1237
way/1270137229,12.2,12.2,11.76,994
way/1270137230,10.0,9.5,11.65,842
way/1270137231,12.4,10.2,11.46,329
way/1270137232,12.6,10.3,11.47,547
way/1270137233,9.9,9.3,11.24,658
way/1270137234,12.9,9.5,11.27,402
way/1270137235,10.4,9.9,11.54,561
way/1270137236,10.2,9.7,11.72,351
way/1270139398,2.8,1.7,11.39,3838
way/1270139400,9.1,5.6,11.81,9581
way/1270139408,10.2,9.7,10.86,4030
way/1271602450,19.2,16.4,11.21,3253
way/1273153690,6.1,5.1,1.53,17922
way/1273356480,7.6,7.6,9.42,3355
way/1273356481,10.0,9.2,9.43,15167
way/1274926924,6.7,6.1,9.34,97765
way/1274932206,15.8,14.6,1.99,80584
way/1275287209,13.2,7.1,6.44,248
way/1279422385,11.2,10.3,1.43,43356
way/1279422386,12.2,9.5,1.53,20622
way/1279422387,11.3,11.2,1.51,35700
way/1279422388,12.0,9.5,1.51,46400
way/1279422395,9.9,9.8,2.33,36950
way/1279422396,15.8,15.7,1.04,107510
way/1280902364,5.1,4.8,1.42,1523
way/1282830318,10.4,8.7,8.04,299652
way/1282830319,15.2,14.7,9.21,121749
way/1283293385,8.7,8.0,5.63,19964
way/1283293386,9.1,8.2,5.19,2987
way/1283293387,17.6,13.6,5.23,10297
way/1283293396,2.8,1.4,16.51,55
way/1285194508,15.9,15.1,9.38,20544
way/1285194509,13.3,10.7,9.59,19145
relation/17682304,6.8,6.0,4.8,3254
way/1290023776,6.5,5.9,4.46,13585
way/1290114495,10.4,10.3,9.93,29444
way/1290114498,3.3,3.2,10.46,4225
way/1290114503,7.0,5.1,12.29,3108
way/1290114504,5.1,5.1,12.26,4099
way/1290114505,5.5,5.2,12.23,1909
way/1290114509,6.7,4.9,8.8,672
way/1290404260,13.8,13.2,4.22,15036
way/1290404261,12.0,10.9,3.46,24782
way/1290404262,11.6,11.5,3.67,21112
way/1290404263,13.6,11.3,4.16,28692
way/1290404264,12.7,11.8,3.98,25499
way/1290517671,8.8,8.0,10.29,8510
way/1290517672,8.6,7.9,10.22,7976
way/1290517675,8.5,7.9,10.2,6103
way/1290538642,11.1,11.0,10.28,23638
way/1290538643,8.6,8.1,10.19,4447
way/1290538644,11.6,10.6,10.11,4484
way/1290538645,11.6,10.6,10.12,4308
way/1290538646,11.5,10.5,10.29,4169
way/1290538647,11.6,10.6,10.13,3844
way/1290538658,9.2,8.7,9.58,5948
way/1290538662,9.9,9.8,10.35,8130
way/1290538663,10.0,9.9,10.31,8364
way/1290538664,10.3,8.1,10.34,14863
way/1290538665,10.6,9.6,10.33,9870
way/1290538669,9.0,8.4,9.86,4941
way/1290771144,10.6,9.6,9.79,8017
way/1290771145,9.6,8.7,10.07,9213
way/1290771146,9.3,8.5,10.09,11108
way/1290771147,8.9,8.1,9.98,11955
way/1290771148,8.9,8.2,9.91,11919
way/1290771149,10.5,10.0,9.19,5255
way/1290771155,11.0,10.9,9.37,12764
way/1290771156,10.5,9.2,9.34,17250
way/1290771157,9.1,8.4,9.29,10726
way/1290771159,7.9,7.4,9.9,5640
way/1290771160,8.0,7.4,9.83,4268
way/1290771161,8.2,7.7,9.6,5619
way/1290771162,8.7,8.1,9.54,6208
way/1290771163,8.5,7.9,9.51,5165
way/1290771164,5.1,4.9,9.97,5467
way/1290775663,4.4,4.4,8.7,597
way/1290775666,3.6,3.6,8.96,1109
way/1290775678,10.2,10.1,9.37,19433
way/1290775879,2.6,2.5,4.63,1187
way/1290775880,11.6,10.7,8.66,1488
way/1290775881,12.1,11.2,8.19,1366
way/1290775882,11.5,10.7,7.75,1492
way/1290775883,11.8,11.0,7.32,1641
way/1290775884,12.1,11.1,6.2,1715
way/1290775885,13.1,12.2,5.09,1833
way/1290775886,12.5,11.5,4.77,1847
way/1290775887,10.2,9.1,3.51,2631
way/1290775888,10.3,9.3,3.43,2377
way/1290775889,10.4,9.3,3.36,2379
way/1290775890,10.5,9.5,3.27,2327
way/1290775894,11.4,9.8,2.31,3961
way/1290775895,11.6,10.1,2.24,3083
way/1290775896,11.8,10.7,2.07,2770
way/1290775900,8.0,7.1,2.34,6605
way/1290775901,10.0,9.0,2.97,2966
way/1290775902,10.0,9.0,2.91,2474
way/1290775903,10.2,9.3,2.23,3680
way/1290775904,9.9,8.9,2.54,3639
way/1290775905,9.9,8.8,2.5,4250
way/1290775906,10.2,9.2,2.29,4400
way/1290775907,10.5,9.5,2.15,5318
way/1290775908,9.3,8.7,2.5,5290
way/1290775909,9.5,9.0,2.29,5130
way/1290775910,11.0,10.0,3.21,1990
way/1290775911,11.1,9.9,3.24,1972
way/1290775912,11.0,10.0,3.2,1979
way/1290775913,11.1,9.9,3.14,1804
way/1290775914,11.1,9.9,3.14,1784
way/1290775915,11.2,10.0,3.01,1782
way/1290775916,11.5,10.3,2.79,1985
way/1290775917,11.9,9.7,2.87,2475
way/1290775918,11.8,10.6,2.07,2967
way/1290775919,11.7,11.3,2.36,6399
way/1290775920,11.2,9.8,2.76,2383
way/1290775921,11.0,9.3,2.76,4760
way/1290775922,11.0,9.2,2.81,4341
way/1290775923,11.4,10.9,2.67,4807
way/1290775924,11.4,11.0,2.62,3299
way/1290775925,11.6,11.2,2.48,4243
way/1291564621,8.6,7.1,8.83,742
way/1291564627,6.1,5.4,9.26,28087
way/1291564628,9.7,8.9,9.27,16551
way/1291564629,8.2,8.2,9.27,4491
way/1291564630,7.2,6.7,9.01,32483
way/1291564632,9.0,8.1,8.84,15331
way/1291564633,8.3,7.7,8.93,36081
way/1291564636,5.2,5.1,8.94,5040
way/1291564637,7.0,6.9,8.48,2767
way/1291564645,8.7,8.7,6.57,20029
way/1291791797,14.6,14.4,1.41,17694
way/1291791798,14.7,13.7,1.18,48090
way/1291791799,13.1,12.1,1.67,9434
way/1291791800,8.8,8.4,1.02,3372
way/1291791802,12.7,10.7,0.66,31922
way/1291860763,7.7,7.3,4.77,572
way/1291905012,11.7,11.6,6.14,19274
way/1291905019,15.9,15.1,5.6,17300
way/1291905020,18.4,17.3,5.06,17737
way/1291905021,17.1,16.3,4.77,15194
way/1291905022,16.2,15.5,5.12,22301
way/1291905023,16.8,15.5,4.77,25663
way/1291905024,16.4,14.9,5.06,37846
way/1291905025,15.7,14.6,4.91,25138
way/1291905026,16.4,15.8,4.26,18869
way/1291905027,15.8,15.1,4.63,23302
way/1291932005,7.7,7.0,1.26,619
way/1291932006,7.8,7.4,1.25,698
way/1291932007,7.7,7.3,1.4,783
way/1291932008,7.6,7.1,1.45,796
way/1291932009,8.4,7.9,0.63,881
way/1291932010,8.4,7.9,0.57,931
way/1292518361,12.5,12.4,6.84,37768
way/1292518362,9.7,8.9,6.84,22790
way/1292518381,9.6,8.6,7.04,13013
way/1292518382,8.9,8.4,7.55,9770
way/1292518383,8.3,7.7,7.61,11712
way/1292518384,8.4,7.9,7.67,14600
way/1292518385,6.5,5.6,7.66,12582
way/1292518386,8.2,7.8,7.88,7484
way/1292518387,9.8,8.9,7.28,35881
relation/6857956,16.0,7.3,7.73,266231
way/1292530269,8.8,8.8,7.28,9373
way/1292530277,10.1,9.3,8.86,24636
way/1292530278,12.0,11.2,8.87,8867
way/1292530279,10.0,9.3,8.9,8650
way/1292530281,5.3,5.1,8.04,12297
way/1292530283,15.4,15.4,8.17,4474
way/1292530284,9.3,9.3,15.66,1830
way/1292732263,13.2,12.2,6.56,12006
way/1292732264,10.6,10.6,6.49,14954
way/1292732265,11.9,9.7,6.56,19947
way/1292732266,11.9,11.2,6.5,5324
way/1292732267,11.0,10.4,6.56,38736
way/1292732268,10.6,9.9,6.28,31466
way/1292732269,16.1,14.8,5.32,34978
way/1292732270,16.8,15.0,5.29,7950
way/1292732271,15.2,14.9,5.47,28417
way/1292732272,10.8,9.4,5.39,15052
way/1292732273,11.2,10.6,5.4,1333
way/1292732274,13.2,12.9,5.32,24808
way/1292732275,15.9,13.4,5.58,74083
way/1292732276,18.4,17.7,5.82,6591
way/1292732277,19.8,18.0,5.76,16081
way/1292732278,19.0,18.3,5.73,10465
way/1292732279,19.2,19.1,4.93,26187
way/1292732280,17.7,16.6,4.95,67416
way/1292732281,9.1,9.0,5.06,7300
way/1293087694,13.5,9.1,2.43,108316
way/1293087696,10.4,10.0,10.05,32851
way/1293087697,9.6,8.5,9.36,70979
way/1293087698,12.2,9.3,8.2,22755
way/1293087699,10.1,9.3,7.61,18363
way/1293087700,11.0,9.5,7.09,36441
way/1295640340,4.6,2.7,10.51,1672
way/1295640341,5.7,4.8,10.35,2712
way/1296362098,10.5,10.1,7.01,13089
way/1296362099,7.8,7.4,7.1,2000
way/1296709738,12.3,11.7,8.6,11771
way/1296709739,3.8,3.4,8.24,3218
way/1296709740,8.3,8.3,9.31,1193
way/1296735182,6.7,6.4,8.82,14482
way/1297188807,9.4,6.9,10.08,8581
way/1297188808,15.0,14.0,9.79,5341
way/1297188811,5.3,5.2,11.89,1345
way/1297188812,14.2,13.5,9.64,1167
way/1297188813,11.6,10.5,9.49,10526
way/1297188814,14.0,12.7,9.51,6708
way/1297188815,14.2,13.1,9.58,5049
way/1297188816,13.5,8.6,9.74,16108
way/1297188817,14.0,13.3,9.75,5131
way/1297188818,14.4,13.6,9.81,5917
way/1297188819,15.7,15.2,10.4,2324
way/1297188820,4.4,2.6,11.23,8868
way/1297188842,4.3,4.2,10.5,399
way/1298648296,10.5,10.1,12.55,788
way/1298648297,9.9,9.5,12.55,1169
way/1298648298,8.3,7.7,12.49,302
way/1298648299,5.9,5.7,12.21,5256
way/1298648300,2.4,1.7,13.16,23
way/1298648302,6.8,6.3,13.99,549
way/1298648303,6.9,6.5,13.72,405
way/1298648304,7.5,6.6,13.12,957
way/1298648305,7.9,7.2,13.15,298
way/1298648306,8.0,7.4,13.06,275
way/1298648308,2.9,2.7,13.34,44
way/1298648312,6.1,6.1,14.15,3044
way/1299191505,17.4,16.8,4.52,11915
way/1299191506,17.5,17.0,4.29,24811
way/1299938863,11.6,10.4,4.77,30691
way/1301512741,18.7,17.5,5.14,4104
way/1304451845,11.1,10.6,4.72,13321
way/1307127282,13.8,13.0,15.61,648
way/1307127283,15.5,13.7,14.45,876
way/1307254362,8.7,8.0,1.6,61977
way/1307254363,7.8,6.2,1.5,46553
way/1307254364,11.5,10.2,1.76,67648
way/1307598279,10.1,9.2,6.58,4381
way/1307598280,8.7,6.0,6.78,28180
way/1307598281,9.9,9.2,6.77,22131
way/1307598282,8.7,8.5,6.61,6084
way/1307598283,9.7,8.5,6.7,7166
way/1307598284,9.0,8.1,6.7,5602
relation/17935414,7.4,3.9,4.22,324064
way/1308678728,8.3,7.3,6.17,271
way/1308678729,8.4,7.5,6.21,196
way/1308678730,8.6,7.6,6.23,218
way/1308678731,8.4,7.4,6.25,142
way/1308678732,8.4,7.6,6.27,183
way/1308678733,8.3,7.5,6.3,111
way/1308857947,12.6,11.7,2.97,1428
way/1308857948,12.6,11.8,2.99,3158
way/1308857949,12.5,11.6,3.04,3232
way/1308857950,12.5,11.6,3.06,3504
way/1308857951,12.5,11.6,3.09,3671
way/1308857952,12.4,11.5,3.11,3899
way/1308857953,11.8,11.4,2.73,2334
way/1308857954,11.2,10.8,2.61,2215
way/1308857955,9.5,8.6,2.72,5847
way/1308857956,9.5,8.6,2.75,4606
way/1308857957,9.5,8.6,2.42,2659
way/1308857958,11.4,10.4,2.45,5505
way/1308857959,11.3,10.4,2.45,6061
way/1308857960,11.4,10.4,2.47,5969
way/1308857961,12.8,10.9,0.85,8806
way/1308857962,11.5,10.6,2.39,5190
way/1308857963,11.6,10.7,2.2,5224
way/1308857964,11.6,10.6,2.29,4498
way/1308857965,11.2,10.3,2.52,6158
way/1308857966,11.3,10.2,2.53,6799
way/1308857967,9.7,8.7,2.59,7097
way/1308857968,8.8,8.2,2.66,7647
way/1308857969,11.1,10.1,2.67,4668
way/1308857970,9.6,8.7,2.62,8277
way/1308857971,9.2,8.5,2.69,3868
way/1308857972,11.0,10.0,2.65,5390
way/1308857973,11.0,10.1,2.66,4680
way/1308857974,9.9,9.4,1.12,524
way/1308857975,9.9,9.5,1.08,538
way/1308857976,10.0,9.6,1.09,495
way/1308857980,10.5,9.9,1.42,1865
way/1308857981,10.6,9.9,1.37,2447
way/1308857982,10.6,9.9,1.35,979
way/1308857983,10.6,9.9,1.36,2364
way/1308857984,10.3,9.7,1.66,1360
way/1308857987,9.5,9.0,2.05,1799
way/1308857988,9.9,9.4,2.09,1726
way/1308857989,10.2,9.5,2.21,1456
way/1308857990,10.1,9.5,2.46,1371
way/1308857991,10.2,9.5,2.51,1330
way/1308857992,10.3,9.6,2.52,1340
way/1308857993,10.5,9.8,2.53,1430
way/1308857994,10.6,10.0,2.55,1274
way/1308857995,12.0,11.4,1.47,1812
way/1308857996,12.2,11.6,1.21,1930
way/1308857997,12.1,11.5,1.12,2011
way/1308857998,12.0,11.4,1.13,1983
way/1308857999,11.4,10.9,1.21,2090
way/1308858000,11.1,10.6,1.42,2078
way/1308858001,11.1,10.6,1.36,2095
way/1308858002,11.3,10.7,1.02,2201
way/1308858296,8.9,8.2,1.26,2563
way/1308858297,8.8,8.2,1.27,3021
way/1308858298,8.9,8.3,1.24,2767
way/1308858299,8.9,8.4,1.13,2915
way/1308858300,8.9,8.4,1.12,2858
way/1308858301,8.8,8.3,1.21,2968
way/1308858302,8.8,8.3,1.23,2853
way/1308858303,8.8,8.3,0.93,2804
way/1308858304,8.9,8.3,0.93,2422
way/1308858305,8.8,8.3,0.99,2488
way/1308858306,8.7,8.2,1.01,2946
way/1308858307,8.9,8.3,1.05,2472
way/1308858308,8.9,8.4,1.03,2765
way/1308858309,8.9,8.3,1.02,2472
way/1308858310,9.0,8.5,0.97,2223
way/1308858311,9.0,8.4,0.96,2311
way/1308858312,9.0,8.4,0.95,2284
way/1308858313,9.0,8.4,0.94,2359
way/1308858314,9.7,9.2,0.9,2506
way/1308858315,10.7,9.1,1.46,7022
way/1308858316,10.8,9.3,1.41,5668
way/1308858317,10.8,9.4,1.41,5654
way/1308858318,10.8,9.5,1.41,5496
way/1308858319,10.8,9.5,1.41,5771
way/1308858320,10.8,9.6,1.42,6429
way/1308858321,10.8,9.5,1.45,6849
way/1308858322,9.0,8.5,1.29,14682
way/1308858323,11.8,11.1,1.24,8930
way/1308858324,11.9,11.1,1.26,9013
way/1308858325,11.9,11.2,1.26,8634
way/1308858326,11.9,11.1,1.26,7559
way/1308858327,11.9,11.1,1.25,8426
way/1308858328,11.9,11.1,1.25,7643
way/1308858329,11.9,11.1,1.29,7832
way/1308858330,11.8,11.0,1.36,7239
way/1308858331,11.8,11.0,1.32,7637
way/1308858332,11.8,11.0,1.3,8998
way/1308858333,11.9,11.1,1.27,9577
way/1308859160,10.1,9.2,-0.43,7310
way/1308859161,10.1,9.2,-0.42,6427
way/1308859162,10.1,9.3,-0.43,5488
way/1308859163,10.1,9.3,-0.43,5427
way/1308859164,10.0,9.0,-0.31,7464
way/1308859165,10.0,9.0,-0.32,7358
way/1308859166,9.1,8.3,-0.41,7527
way/1308859167,9.0,8.0,-0.47,9105
way/1308859168,9.3,8.7,-0.55,4394
way/1308859169,9.1,8.5,-0.39,8741
way/1308859170,9.2,8.6,-0.49,7077
way/1308859171,10.0,9.1,-0.32,5732
way/1308859172,9.9,9.0,-0.3,5583
way/1308859173,10.0,9.1,-0.33,5914
way/1308859174,9.8,8.9,1.53,7355
way/1308859175,9.6,8.6,1.62,8826
way/1308859176,9.7,8.0,1.57,12246
way/1308859177,9.8,8.2,1.52,11286
way/1308859178,9.9,8.1,1.47,11078
way/1308859179,9.8,7.8,1.43,11070
way/1308859180,5.8,4.8,0.83,10873
way/1308859181,6.0,5.4,0.88,12584
way/1308859182,5.8,5.3,0.93,12372
way/1308859183,5.4,4.6,1.17,9276
way/1308859184,5.5,4.7,1.19,8121
way/1308859185,5.5,5.1,1.13,3468
way/1308859186,5.6,5.1,1.13,3068
way/1308859187,5.7,5.2,1.11,3014
way/1308859188,5.7,5.2,1.12,2420
way/1308859189,5.7,5.2,1.13,2430
way/1308859190,5.8,5.2,1.14,2797
way/1308859191,5.4,4.5,1.09,5159
way/1308859192,5.5,4.6,1.06,10068
way/1308859194,7.7,7.3,1.07,2488
way/1308859195,7.7,7.0,1.06,3828
way/1308859196,7.6,6.7,1.08,3339
way/1308859197,5.4,4.8,1.15,8619
way/1308859198,8.2,7.5,1.14,10465
way/1308859199,5.5,4.3,1.12,13779
way/1308859200,5.4,4.8,1.17,8002
way/1308859548,10.0,9.1,-0.34,9462
way/1308859549,8.8,8.2,-0.04,6037
way/1308859550,8.8,8.2,-0.01,2212
way/1308859551,8.7,8.1,0.03,4517
way/1308859552,9.0,8.4,-0.16,7479
way/1308859553,8.7,7.5,-0.07,14880
way/1308859554,9.1,8.2,0.42,4937
way/1308859555,9.3,8.6,0.39,4610
way/1308859556,9.2,8.6,0.38,4107
way/1308859557,9.3,8.5,0.27,7923
way/1308859558,10.5,9.7,-0.8,7265
way/1308859559,10.3,9.5,-0.73,7121
way/1308859560,9.2,8.5,0.31,8553
way/1308859561,9.3,8.6,0.25,7920
way/1308859562,9.4,8.5,0.21,8191
way/1308871265,14.8,14.1,11.5,21520
way/1308871266,14.9,14.2,11.43,21489
way/1308871267,15.1,14.4,11.28,16396
way/1308871268,11.8,11.2,12.69,10682
way/1308871269,11.5,10.8,12.91,10751
way/1308871270,12.2,11.7,10.39,2802
way/1308871271,11.4,11.0,10.58,5394
way/1308871272,13.0,12.0,10.5,5413
way/1308871273,12.9,11.6,10.61,6504
way/1308871274,13.0,12.0,10.59,5372
way/1308871275,12.9,11.8,10.69,5209
way/1308871276,12.8,11.8,10.79,5396
way/1308871277,12.7,10.8,10.63,8501
way/1308871278,11.6,11.0,10.87,6626
way/1308871279,11.4,10.9,11.12,4042
way/1308871280,11.7,11.2,10.84,18677
way/1308871281,12.4,11.5,11.26,3523
way/1308871282,12.4,11.6,11.27,4038
way/1308871283,12.4,11.5,11.26,3356
way/1308871284,12.4,11.5,11.23,4265
way/1308871285,12.5,11.6,11.2,3843
way/1308871286,12.5,11.6,11.18,4767
way/1308871287,12.5,11.6,11.17,3993
way/1308871288,12.2,11.8,10.31,9546
way/1308880460,12.3,11.6,6.33,3731
way/1308880461,11.9,10.9,6.74,6320
way/1308880462,12.1,11.0,6.53,4271
way/1308880463,18.0,15.8,6.42,4450
way/1308880464,16.0,15.8,6.46,5428
way/1308880465,16.9,15.9,6.37,6284
way/1308880466,15.0,14.3,8.18,4247
way/1308880467,15.7,15.2,7.48,4471
way/1308880468,15.7,15.1,7.48,4242
way/1308880469,15.7,15.1,7.36,5047
way/1308880470,16.0,14.4,7.27,5911
way/1308883232,9.8,9.2,0.91,4146
way/1308883234,9.8,9.2,0.9,6929
way/1308883235,9.9,9.3,0.87,6434
way/1308883237,8.6,7.9,0.86,7364
way/1308883238,9.4,8.8,2.3,9630
way/1308883239,10.9,10.1,1.09,5411
way/1308883240,10.7,10.0,1.3,3688
way/1308883241,10.8,10.2,2.7,5751
way/1308883242,10.3,9.3,2.95,7566
way/1308883243,10.1,9.1,3.26,7107
way/1308883244,10.0,9.0,3.32,7264
way/1308883245,10.5,9.9,3.5,4562
way/1308883246,10.2,9.5,3.79,4350
way/1308883247,10.0,9.3,4.05,3806
way/1308883248,10.0,9.3,4.04,3302
way/1308883249,10.0,9.4,4.13,3794
way/1308883250,10.1,9.3,4.08,4144
way/1308883251,10.6,9.5,3.46,8738
way/1308883252,10.3,9.6,3.83,6395
way/1308883253,10.3,9.5,3.76,10221
way/1308883254,10.2,9.4,3.92,6306
way/1308883255,10.1,8.9,3.92,8399
way/1308883256,10.2,9.5,3.94,5727
way/1309411481,2.6,2.3,8.07,3822
way/1309411487,8.5,8.1,9.84,2213
way/1309620450,11.5,10.9,1.38,16927
way/1310403815,18.6,9.1,2.17,318290
way/1311131434,7.2,7.1,1.11,1895
way/1311131435,7.2,6.6,1.31,1264
way/1311131436,7.4,6.3,0.92,1033
way/1311131437,7.8,7.2,0.93,1367
way/1311131438,7.8,7.1,0.89,1120
way/1311131439,7.4,6.8,1.01,1213
way/1311131443,6.3,5.4,5.27,2182
way/1311131445,9.2,8.7,4.18,610
way/1311131446,9.5,9.0,3.82,762
way/1311131447,9.2,8.8,4.55,623
way/1311131448,9.0,8.5,4.87,631
way/1311131449,9.1,8.6,5.2,594
way/1311131450,9.1,8.6,5.24,629
way/1311131451,9.2,8.7,5.54,584
way/1311131452,9.2,8.7,5.66,556
way/1311131453,8.7,8.1,2.31,992
way/1311131454,8.6,8.1,2.35,939
way/1311131455,8.7,8.1,2.38,1009
way/1311131456,8.7,8.1,2.43,1162
way/1311131457,6.1,5.5,5.15,900
way/1311131458,6.2,5.7,5.0,914
way/1311131459,6.7,6.4,5.29,1086
way/1311131460,9.0,8.3,4.08,1490
way/1311131461,9.0,8.3,4.07,1118
way/1311131462,9.1,8.6,4.25,668
way/1311131463,9.0,8.5,4.34,656
way/1311131464,8.7,8.2,4.51,627
way/1311131465,8.9,8.4,4.77,688
way/1311131466,8.7,8.2,4.99,646
way/1311131467,6.9,6.1,4.08,895
way/1311131468,5.3,4.7,4.74,899
way/1311131469,4.9,4.3,4.68,978
way/1311131470,5.1,4.5,4.45,954
way/1311131471,5.2,4.6,4.37,984
way/1311131472,4.8,4.2,4.22,938
way/1311131473,7.5,6.7,2.39,987
way/1311131474,7.0,6.5,2.04,1009
way/1311131475,7.5,6.9,2.62,483
way/1311131476,7.7,7.1,2.35,478
way/1311131477,7.7,7.1,2.31,495
way/1311131478,8.0,7.9,2.29,531
way/1311131479,7.7,7.6,2.28,517
way/1311131480,7.4,6.8,2.29,531
way/1311131481,7.4,6.8,2.28,572
way/1311131482,6.9,6.3,2.23,599
way/1311131483,7.1,7.0,2.12,622
way/1311131484,7.0,6.4,2.15,581
way/1311637970,3.2,2.5,2.69,924
way/1311637972,9.2,8.7,8.13,901
way/1311637973,12.4,11.8,8.2,1717
way/1311637974,13.4,12.5,8.35,1758
way/1311637975,13.3,12.4,8.48,1707
way/1311637976,13.2,12.5,9.11,11197
way/1311637977,6.8,4.9,5.29,609
way/1311638530,9.7,8.8,14.6,13843
way/1311638531,10.6,10.5,14.55,10146
way/1311638532,9.9,9.1,14.72,3598
way/1311638533,8.6,7.3,14.34,30885
way/1311638534,8.9,8.3,14.29,3055
way/1311638535,6.7,6.6,14.72,1240
way/1311638536,7.0,7.0,14.64,2616
way/1311638537,7.7,7.3,14.75,459
way/1311638538,8.2,7.8,14.65,1555
way/1311638541,8.9,8.6,14.12,539
way/1311638547,7.3,2.2,13.52,563
way/1311638548,4.7,4.5,13.5,5037
way/1311638551,7.3,6.7,13.8,8484
way/1311638552,8.5,8.1,14.61,2209
way/1311638553,9.3,8.8,14.29,2311
way/1311638554,2.1,2.0,14.28,2947
way/1311638555,6.4,6.1,13.66,5694
way/1311639095,16.6,15.9,4.41,9293
way/1311639096,16.3,16.2,4.29,9085
way/1311639097,16.0,16.0,4.23,10451
way/1311639098,15.2,15.2,4.21,7183
way/1311639099,15.5,15.3,4.19,10335
way/1311639100,14.6,14.2,4.15,7892
way/1311639101,11.7,10.8,4.16,8584
way/1311639102,8.2,8.1,4.16,23121
way/1311639103,14.1,12.6,4.17,17039
way/1311639104,14.4,13.8,4.13,7936
way/1311750706,12.4,8.7,13.06,4658
way/1311750707,7.2,7.1,11.44,6992
way/1311750708,9.6,9.2,11.01,3600
way/1311750712,6.2,5.9,4.55,13239
way/1313354045,5.6,5.4,14.46,124
way/1313354055,11.2,9.8,12.99,12696
way/1313354056,15.6,14.5,13.27,21238
way/1313354057,15.3,14.9,13.51,44358
way/1313354058,15.0,14.0,11.9,19864
way/1313354059,15.2,14.0,12.12,16568
way/1313354061,14.6,13.0,5.82,4422
way/1313354062,9.2,7.6,6.28,17009
way/1313371544,18.6,18.5,7.31,24860
way/1313371545,19.1,19.0,6.82,14104
way/1313371546,19.7,19.6,5.84,23703
way/1313371547,19.8,19.8,5.26,26770
way/1313371550,2.1,1.3,4.18,8491
way/1313371551,5.8,5.8,4.21,85578
way/1313371552,9.0,8.2,5.43,70909
way/1313371553,7.5,6.5,5.78,5484
way/1313371554,8.4,6.6,4.88,5520
way/1313371555,7.8,6.2,4.82,5535
way/1313371556,8.4,7.4,4.22,6013
way/1313371557,8.4,7.5,4.03,6610
way/1315310888,8.3,7.9,-0.27,136518
way/1317229763,5.2,5.2,3.57,4468
way/1320104393,2.6,2.5,8.52,1768
way/1323958343,4.8,4.7,11.3,1370
way/1323958344,6.8,6.5,10.81,602
way/1323958345,6.7,6.4,10.92,2380
way/1323958351,11.6,11.0,10.87,4834
way/1323958360,4.5,4.4,11.43,3836
relation/18163614,19.7,19.2,11.4,333852
way/1329474152,3.9,3.8,9.8,166
way/1329474165,4.4,4.2,10.0,64
way/1329474167,4.1,4.0,10.16,155
way/1329496426,8.7,8.7,14.47,21316
way/1329937072,8.5,8.0,5.74,16023
way/1329937073,6.2,5.7,7.64,6854
way/1329945946,4.4,2.0,1.58,360
way/1330030216,11.0,10.1,14.26,52
way/1330030217,11.0,10.1,14.26,45
way/1330030218,11.0,10.2,14.19,46
way/1330030219,11.0,10.2,14.24,54
way/1330030220,11.3,10.3,14.31,46
way/1330030226,10.9,10.2,13.62,43
way/1330030227,10.9,10.1,13.6,37
way/1330030228,11.1,10.4,13.59,42
way/1330030229,11.1,10.2,13.58,38
way/1330030230,11.0,10.3,13.59,46
way/1330030231,10.9,10.0,13.61,41
way/1330030282,13.5,12.6,8.41,365
way/1330030283,12.2,10.6,6.82,544
way/1330055073,9.0,8.3,6.12,106
way/1330055074,7.9,7.2,9.99,57
way/1330055075,8.4,7.5,10.62,104
way/1330055083,15.4,15.3,3.13,3418
way/1330055086,15.4,15.3,3.16,2812
way/1330055093,14.4,14.0,12.68,3762
way/1330055094,12.8,12.7,12.61,2152
way/1330055096,5.1,4.8,2.57,51754
way/1330055097,4.9,4.7,2.45,11618
way/1330055098,16.9,16.1,2.03,27945
way/1330055099,17.2,16.6,1.79,13859
way/1330055103,4.7,4.7,2.79,1890
way/1332084265,7.6,7.1,15.99,1269
way/1332084267,4.2,3.7,15.88,639
way/1332084268,3.7,3.2,16.14,753
way/1332084270,5.9,5.7,15.17,2091
way/1332522810,5.9,5.8,17.14,40
way/1332522811,6.0,6.0,17.01,191
way/1332522813,13.7,13.2,16.66,103
way/1333596062,5.0,5.0,9.63,2703
way/1333596080,17.4,12.6,10.25,208804
way/1333596084,13.0,12.1,10.31,14977
way/1333596085,12.9,11.7,10.25,17671
way/1333596087,5.0,5.0,10.1,2070
way/1333596088,5.0,5.0,10.1,2664
way/1333596096,10.5,10.5,9.56,7603
way/1333596097,6.2,5.9,9.86,13963
way/1333596098,8.4,7.7,10.2,12786
way/1333596107,5.5,5.5,11.54,1035
way/1333973978,10.2,10.1,12.33,6626
way/1333973981,8.3,7.6,12.73,1048
way/1333973983,8.3,7.4,12.64,4283
way/1333973984,8.4,7.3,12.41,1632
way/1337725261,8.7,8.4,6.55,16770
way/1337725263,9.5,9.3,6.62,5421
way/1337725268,19.2,18.3,5.59,10481
way/1337725269,17.8,16.8,6.36,95645
way/1337725270,16.5,15.5,7.57,13705
way/1337733327,7.7,5.7,11.66,2344
way/1340065226,6.6,5.8,-0.04,19250
way/1349956779,9.6,7.9,-0.14,31632
way/1349956780,10.0,8.9,-0.32,7680
way/1349956781,9.9,9.0,-0.27,7297
way/1349956782,6.6,5.6,0.55,24287
way/1349956783,9.4,8.9,-0.08,11108
way/1349956784,5.6,5.5,0.52,53521
way/1350935717,13.5,13.5,12.91,9047
way/1350935718,11.0,10.4,11.11,4152
way/1354675553,4.5,2.5,-0.2,11366
way/1355094177,2.4,1.9,2.33,179
way/1355094178,4.4,1.7,2.38,542
way/1355095005,3.7,1.9,1.34,495
way/1355095274,3.7,1.9,2.3,373
way/1355339343,11.9,8.3,14.42,14399
relation/18631966,11.4,10.8,9.74,4560
way/1358203488,16.6,16.0,9.23,3934
way/1358203491,7.5,6.7,9.43,547
way/1364296358,6.7,4.7,4.42,15921
way/1381842568,5.0,4.4,10.43,21269
way/1381842569,2.1,2.1,10.55,10213
way/1381842570,2.5,2.4,10.31,17895
way/1381842571,2.5,1.7,10.33,12736
way/1381842572,3.4,3.0,10.54,33245
way/1381842574,4.0,3.9,10.37,3147
way/1382780628,4.4,4.3,5.16,5623
way/1382780629,5.5,5.4,4.87,6890
way/1382966865,9.9,7.3,7.03,6625
way/1382966866,10.2,9.6,5.58,4011
way/1382966867,8.7,7.1,9.8,10134
way/1382966870,9.9,9.2,6.91,6700
way/1382999393,9.3,8.8,0.1,11012
way/1382999419,10.9,10.9,3.4,5027
way/1382999420,10.4,9.6,1.31,20808
way/1382999422,6.6,6.3,7.92,1015
way/1382999425,8.6,7.4,14.55,5788
way/1390420940,6.6,5.9,14.63,5902
way/1390459170,3.5,3.4,10.08,396
way/1390459171,6.7,6.5,9.35,173
way/1390459175,3.2,1.8,12.68,2663
way/1390459176,4.2,4.1,12.74,705
way/1390459180,10.1,9.4,2.87,10120
way/1390459181,12.5,8.1,1.78,9115
way/1390459182,4.7,1.3,4.0,7435
way/1390459183,10.5,9.8,3.68,9386
way/1390459184,9.0,8.4,4.26,3896
way/1390459185,14.7,10.2,3.46,8503
way/1390459186,4.1,1.7,4.41,4753
way/1390459188,16.4,15.7,5.13,13121
way/1390459189,18.6,18.3,5.47,36583
way/1390459190,5.8,5.4,7.85,5235
way/1390459191,14.1,14.0,7.56,48585
way/1390459192,18.8,11.4,12.77,3901
way/1390459193,5.4,4.4,15.35,12592
way/1410942643,8.7,8.7,3.43,11159
way/1410971179,10.0,9.6,6.84,1275
way/1410971180,10.2,9.6,7.0,6701
way/1410976013,13.7,12.3,6.71,7578
way/1410976014,13.7,12.3,6.75,8701
way/1410976015,13.7,12.3,6.71,5048
way/1410976016,13.7,12.4,6.71,5470
way/1410976017,13.1,11.7,7.42,19105
way/1410976018,13.0,11.7,7.47,5024
way/1410976019,12.8,11.6,7.66,4369
way/1410976020,12.7,11.5,7.65,5161
way/1410976021,12.8,11.5,7.65,7102
way/1410976022,12.9,11.4,7.67,4398
way/1410976023,12.6,11.2,7.71,7631
way/1410976024,16.1,11.4,7.75,7560
way/1410976025,12.7,11.5,7.74,6965
way/1410976026,13.5,11.9,7.05,3983
way/1410976027,12.5,11.2,7.87,4058
relation/19308138,20.9,18.7,1.79,308145
relation/5442741,18.9,16.3,1.67,291963
way/1411679250,5.3,5.3,3.16,11562
way/1411679251,9.3,8.4,4.1,11396
way/1411679252,5.6,5.6,4.7,11910
way/1411679253,5.5,5.5,4.65,9273
way/1411679254,5.0,4.8,3.41,7400
way/1411679257,9.6,8.6,4.66,21305
way/1411679258,9.8,9.3,0.91,4125
way/1411679259,9.8,9.2,0.92,4839
way/1411679260,5.1,5.1,2.27,2338
way/1412069820,6.5,6.4,-0.01,64806
way/1412069821,8.1,8.1,-0.12,3739
way/1412069823,8.1,8.0,0.47,7153
way/1412069828,12.6,12.1,1.5,11919
way/1412069829,12.7,12.2,1.39,11709
way/1412069830,13.0,12.4,1.42,3126
way/1412069831,13.0,12.5,1.13,15367
way/1412069832,12.6,11.8,1.74,30049
way/1412069833,12.6,11.9,1.74,31407
way/1412069834,12.6,8.4,0.51,120764
way/1412069835,14.2,13.5,-0.03,14662
way/1412069836,10.7,10.7,1.25,8738
way/1412069837,8.6,8.0,1.18,22397
way/1412069838,12.5,12.0,1.17,10690
way/1412069839,8.2,8.1,1.41,16255
way/1412069840,10.7,10.0,1.33,23254
way/1412069841,10.1,9.6,1.68,18388
way/1412069842,12.7,12.0,1.72,12031
way/1412069843,6.6,6.2,1.61,15352
way/1412069845,7.0,6.9,1.45,6386
way/1412069846,14.4,13.9,0.69,11151
way/1412069847,14.4,13.9,0.7,11462
way/1412069848,13.9,13.3,1.18,19010
way/1412069849,5.4,5.2,1.41,7722
way/1412311954,8.5,8.4,1.57,23226
way/1412311956,10.5,9.0,1.6,9907
way/1412311965,9.4,9.2,1.52,11633
way/1412311966,9.3,9.3,1.41,2188
way/1412558154,12.6,12.0,1.83,7968
way/1412558155,15.1,14.2,1.82,15708
way/1412558156,16.8,13.9,1.81,7573
way/1412558157,16.7,16.1,1.82,19712
way/1412558158,15.4,15.0,3.08,15993
way/1412558159,14.8,14.7,3.11,13130
way/1412558160,15.8,14.9,3.17,19663
way/1412558161,16.5,15.8,3.33,12452
way/1412558162,16.4,15.7,3.4,24471
way/1412558163,15.4,14.6,3.5,14012
way/1412558164,15.8,15.3,1.88,14497
way/1412558165,19.1,18.3,3.72,5705
way/1412558166,18.6,18.0,3.63,11323
way/1412558167,15.5,14.9,3.56,7385
way/1412558168,17.7,16.5,3.49,11763
way/1412558169,15.7,15.4,3.27,7927
way/1412558170,17.4,17.4,3.48,9961
way/1412558171,10.9,10.2,3.23,20424
way/1412558174,13.8,12.3,4.12,6687
way/1412558175,15.5,14.9,4.27,15683
way/1412558176,16.7,15.6,4.49,13024
way/1412558177,17.7,15.6,2.94,83908
way/1412558178,13.7,13.3,3.01,4206
way/1412559286,16.8,15.9,1.44,32304
way/1412829279,9.1,8.4,1.33,26097
way/1412829280,10.3,9.1,1.36,41020
way/1412829281,9.5,8.7,1.36,20487
way/1412829282,9.5,8.9,1.28,10746
way/1412829283,9.5,8.9,1.22,5640
way/1412829284,9.7,9.1,1.06,5274
way/1412829285,11.4,10.5,0.83,19771
way/1412829286,11.7,10.8,0.57,19120
way/1412829287,7.0,6.1,0.13,14844
way/1412871316,4.3,4.2,-0.29,1615
way/1412871317,4.0,3.9,-0.09,634
way/1412871318,4.0,3.9,-0.04,507
way/1412871319,4.3,4.1,-0.07,412
way/1412871320,9.9,9.0,-0.29,8208
way/1412871321,9.8,9.0,-0.16,11313
way/1412871322,8.8,8.2,-0.04,10932
way/1412871323,12.9,11.7,-0.09,8705
way/1413345281,8.4,7.9,7.98,4078
way/1413345282,8.3,7.7,8.12,6893
way/1413345283,8.5,7.9,8.5,4445
way/1413345284,4.2,4.1,8.69,1435
way/1413345285,4.8,4.8,8.48,6997
way/1413360571,9.0,8.1,7.23,2266
way/1413360572,9.2,8.0,6.98,2760
way/1413360573,9.3,8.3,6.9,2183
way/1413360574,9.3,8.1,6.77,3382
way/1413360575,9.4,8.1,6.7,3150
way/1413360576,9.5,8.1,6.59,4790
way/1413360577,9.6,8.7,6.58,1776
way/1413360578,9.0,8.4,7.31,3309
way/1413360579,7.6,6.6,8.6,4710
way/1413360580,18.1,17.4,9.44,6436
way/1413360583,4.4,4.2,6.59,1188
way/1413360584,12.3,11.4,6.47,7049
way/1413360586,5.6,4.0,4.32,8251
way/1413360588,4.9,4.9,5.17,177
way/1413360589,4.0,1.7,5.14,2127
way/1413360590,2.7,2.6,5.06,275
way/1413360593,5.6,5.5,4.18,9662
way/1413360594,12.1,11.2,1.92,5951
way/1413360595,12.3,11.6,1.87,6247
way/1413360596,12.3,11.6,1.85,4521
way/1413360597,12.3,11.6,1.85,4455
way/1413360598,12.3,11.7,1.87,4347
way/1413360599,12.3,11.6,1.84,5724
way/1413366370,10.9,9.6,6.83,9790
way/1413366371,10.9,9.7,6.81,9676
way/1413366377,10.5,9.1,3.43,1512
way/1413366379,4.7,4.7,1.68,52
way/1413366381,4.9,4.6,3.65,53
way/1414917408,10.0,1.5,4.04,27699
way/1416184637,10.8,10.1,7.09,2169
way/1416184638,11.0,10.5,7.05,6020
way/1416184639,6.5,6.0,7.51,9193
way/1416184643,2.8,1.7,7.53,395
way/1416184644,5.4,5.1,7.41,8430
way/1416184646,8.6,8.0,6.95,2601
way/1416184647,8.5,5.2,6.91,7022
way/1416268312,9.4,8.6,3.83,5542
way/1416268313,9.5,8.8,3.79,3217
way/1416268314,9.5,8.7,3.7,4868
way/1416268315,9.5,8.6,3.71,5862
way/1416268316,9.6,8.9,3.68,4559
way/1416268317,9.6,8.9,3.66,3634
way/1416268318,9.6,9.0,3.69,3071
way/1416268321,4.1,4.0,3.57,526
way/1416268323,4.4,4.3,3.45,1929
way/1416268324,4.7,4.5,1.81,6649
way/1416268325,11.7,11.5,4.18,11556
way/1416268327,9.2,8.3,2.15,8178
way/1416268328,9.6,8.8,1.72,8457
way/1416268329,12.6,11.8,2.59,4723
way/1416268330,12.5,11.6,2.62,4906
way/1416268331,12.4,11.5,2.71,3825
way/1416268332,12.2,11.5,1.92,2921
way/1416268333,12.2,11.5,1.92,3338
way/1416268334,12.3,11.6,1.89,4031
way/1416268335,12.2,11.5,1.91,2995
way/1416268336,12.3,11.6,1.86,4272
way/1416268337,12.3,11.6,1.86,3806
way/1416268338,12.3,11.7,1.88,4338
way/1416268339,12.3,11.6,1.89,4754
way/1416268340,12.3,11.6,1.85,9028
way/1416268341,12.3,11.5,1.86,3793
way/1416268342,9.7,8.8,3.37,7471
way/1416268343,9.9,9.3,3.28,5838
way/1416268344,9.8,8.8,3.19,5759
way/1416268345,9.8,8.9,3.13,6166
way/1416268346,10.0,10.0,3.04,6473
way/1416268347,9.9,9.2,2.99,6306
way/1423958072,2.6,2.3,5.2,27272
way/1425770909,12.3,10.8,0.71,78841
way/1427086866,7.2,7.0,1.08,15249
way/1427086867,10.9,10.8,-0.14,11530
way/1427086868,4.8,4.7,0.63,10396
way/1428280795,9.7,9.7,10.5,9290
way/1428280796,11.6,10.9,9.84,5098
way/1428537498,8.1,1.6,8.19,19652
way/1428537500,5.8,5.5,6.36,40394
way/1428765196,10.2,9.1,8.92,23255
way/1428765201,17.7,15.3,5.32,7594
way/1428765233,12.3,11.5,2.01,98200
way/1428765234,8.1,7.6,2.07,34238
way/1432237594,12.3,11.4,0.66,28915
way/1434863044,4.9,4.6,1.11,2450
way/1436417411,2.1,1.9,0.94,8500
way/1441520886,7.9,7.5,9.43,1596
way/1441522653,8.8,8.1,9.29,3312
way/1441522654,8.6,8.0,9.34,3191
way/1441522656,7.8,7.3,9.64,1567
way/1441522658,5.9,5.9,8.74,396
way/1441522659,5.3,5.3,9.3,1912
way/1441715857,4.5,4.4,3.79,31
way/1442235353,5.0,4.9,4.57,1017
way/1442235357,9.8,9.2,12.72,6637
way/1442235358,16.2,15.7,4.11,10952
way/1442235359,17.4,16.3,4.15,15120
way/1442320719,13.2,12.5,1.38,29568
way/1442320722,4.7,4.7,0.89,4698
way/1442320723,4.7,4.6,0.99,4855
way/1442320725,6.9,6.9,2.07,13775
way/1443035682,6.7,6.6,4.28,34774
way/1443035683,5.2,5.2,3.99,4543
way/1443035684,8.7,7.5,7.33,49758
way/1443035685,5.6,4.8,9.2,7888
way/1443035687,5.9,5.7,4.85,28561
way/1443039945,7.7,7.3,11.93,2322
way/1443039946,8.1,6.5,11.87,5692
way/1443039947,8.5,8.3,11.73,7824
way/1443039948,8.5,7.8,11.93,3784
way/1443039949,8.6,8.0,11.85,3952
way/1443039951,10.9,10.1,11.86,2975
way/1443039952,9.8,9.8,11.8,2033
way/1443058335,7.6,6.7,11.71,3437
way/1443058337,7.8,6.9,11.66,7561
way/1443058342,10.2,10.2,11.53,3164
way/1443058350,5.0,4.9,11.52,274
way/1443058353,3.2,3.1,11.66,118
way/1443058366,10.4,10.0,11.1,1316
way/1443058370,8.5,5.3,9.65,2356
way/1443274784,8.3,7.7,10.55,87330
relation/19731697,19.4,18.2,10.39,53491
way/1443573899,18.4,17.6,1.8,15319
way/1443573900,15.9,15.3,1.87,32186
way/1446312615,5.2,5.2,6.11,6383
way/1446312623,2.6,2.5,8.68,131
way/1447230883,8.4,8.2,-0.34,58336
way/1452698445,7.8,7.1,13.97,472
way/1452698446,5.6,5.1,12.66,275
way/1452698458,4.9,4.9,13.25,394
way/1452698472,4.4,4.4,10.34,650
way/1460525824,13.9,11.9,2.74,156576
way/1460525838,5.2,5.2,3.08,912
way/1460525839,5.2,5.2,3.06,715
way/1460825343,2.8,2.3,4.28,343893
way/1460825344,4.4,2.1,4.07,42961
way/1460826858,2.5,2.4,3.32,24073
way/1460834906,4.8,4.7,8.78,59
way/1460837924,15.2,14.6,3.08,14182
way/1467703832,12.8,12.2,1.69,27153
way/1467703833,9.5,9.3,0.62,5758
way/1467703834,8.3,7.5,0.57,8431
way/1467703835,8.3,7.7,0.66,6935
way/1467703836,7.9,6.9,0.65,3997
way/1467703837,6.2,5.5,0.39,4657
way/1467703838,6.2,5.0,0.4,3285
way/1467703839,6.3,5.4,0.39,2235
way/1467703840,8.9,7.7,0.38,5311
way/1467703841,10.1,9.3,-0.77,4902
way/1467703842,7.6,7.3,0.26,8299
way/1467703843,5.9,5.4,0.24,8174
way/1467703844,6.7,6.4,-0.31,7409
way/1467703848,3.8,3.7,1.36,575
way/1467703849,4.0,3.8,1.38,391
way/1467703852,4.0,3.7,1.38,401
way/1467703856,3.5,1.8,0.11,275
way/1467804130,4.8,4.6,0.56,283
way/1467804137,15.6,13.7,1.65,9092
way/1467804138,15.5,12.8,1.8,4516
way/1467804139,15.9,15.7,1.84,13722
way/1467804143,5.8,5.8,0.07,19075
way/1467975337,14.6,12.8,2.08,23084
way/1468059147,12.0,10.9,1.82,22013
way/1468059148,12.1,10.9,1.89,14182
way/1468059149,12.0,10.9,1.85,13955
way/1468059150,11.8,10.7,1.55,20379
way/1468059151,11.9,10.8,1.47,15190
way/1468059152,11.5,10.5,1.33,23073
way/1468059153,11.6,10.6,1.23,21729
way/1468059154,11.7,10.6,1.17,20449
way/1468059155,11.8,10.8,1.09,21720
way/1468059156,11.7,10.7,1.0,19121
way/1468059157,11.7,10.6,0.96,19771
way/1468059158,11.8,10.8,0.87,18251
way/1468059159,11.8,10.7,0.83,17843
way/1468059160,11.6,10.6,0.82,14179
way/1468059161,11.6,10.6,0.83,16793
way/1468059162,11.6,10.5,0.85,16472
way/1468059163,11.6,10.5,0.88,21897
way/1468059164,12.1,11.0,1.31,19470
way/1468059165,12.0,10.9,1.45,18576
way/1468594134,8.7,8.0,3.7,14282
way/1468594137,9.0,8.4,3.72,5895
way/1468594138,9.1,8.5,3.62,4396
way/1468594139,9.3,8.5,3.47,3831
way/1468594144,15.6,15.5,4.71,10018
way/1468594145,13.5,13.0,4.69,1010
way/1468594147,9.6,8.5,3.87,29194
way/1468594148,9.6,8.6,3.8,26553
way/1468969430,22.3,19.4,3.63,58802
way/1468969431,23.7,23.2,3.33,84908
way/1471824238,5.4,5.2,2.47,485
way/1471829570,6.2,4.9,3.3,6819
way/1471829571,6.0,5.2,3.41,3930
way/1471829572,5.8,4.9,3.65,4471
way/1471829573,6.0,5.3,3.69,4953
way/1471829574,7.2,7.1,3.87,5007
way/1471829575,8.4,7.8,3.12,3019
way/1471829576,8.2,7.4,3.05,5082
way/1471829577,8.4,7.9,2.85,4365
way/1471829579,4.4,4.2,2.32,2447
way/1471829580,7.9,7.6,3.06,3060
way/1471829582,4.5,4.4,2.47,315
way/1471829583,7.9,7.6,3.73,6193
way/1471829585,6.0,5.1,3.58,2906
way/1471829586,3.3,3.2,2.39,466
way/1471829587,5.5,5.1,2.3,3021
way/1472101431,4.6,4.2,2.69,443
way/1472101434,7.4,7.0,7.22,2809
way/1472101435,7.5,7.1,7.17,3202
way/1473008056,28.2,25.6,11.05,576489
way/1476853278,5.0,4.6,10.32,1197
way/1476853279,7.7,5.2,10.46,3312
way/1476853280,7.0,6.3,10.3,4068
way/1483666400,8.1,7.7,3.92,7754
way/1483926390,16.9,16.2,2.52,37260
way/1484576643,8.9,8.5,3.64,32431
way/1484576644,17.9,16.4,3.39,44020
way/1484576645,11.3,10.4,3.27,44896
way/1488412996,10.0,10.0,1.53,1346
way/1489187775,14.9,14.7,1.21,316809
way/1489718033,4.2,4.2,1.83,1234
way/1489966128,20.0,19.4,5.22,14865
way/1489966129,20.1,19.6,5.22,12809
way/1489966130,20.2,19.6,5.11,43690
way/1489966131,18.6,15.5,3.93,47998
way/1491576275,16.9,15.8,13.31,25286
way/1491576276,16.5,15.6,13.12,16312
way/1491576277,16.8,15.9,12.82,18234
way/1491576278,17.0,16.0,12.24,27463
way/1491581538,9.0,8.5,12.65,6705
way/1492013850,5.7,5.6,3.95,5385
way/1493866274,12.3,11.8,1.66,424436
way/1494099249,2.2,2.1,2.12,193
way/1494199638,10.6,10.6,7.53,8594
way/1497490545,8.6,8.2,11.87,6197
way/1497490552,22.5,22.4,10.42,3819
way/1497617547,6.3,6.2,0.62,9293
way/1498650392,10.0,6.2,13.85,107
way/1498655021,8.9,8.5,9.99,262
way/1498661827,9.7,8.8,10.98,6133
way/1498661828,10.1,9.1,10.82,4072
way/1498661829,10.7,9.7,10.11,3909
way/1498661830,10.6,9.5,9.9,6352
way/1498661831,9.0,8.5,9.79,4027
way/1498661834,6.2,6.2,11.27,1773
way/1498779214,4.1,4.1,11.17,15691
way/1498779215,16.7,15.6,10.42,16427
way/1498779216,15.4,14.7,10.27,14245
way/1498779217,14.9,14.5,10.17,9751
way/1498779218,13.6,11.3,9.78,19020
way/1498889126,5.8,5.7,9.68,797
way/1498889127,11.8,11.4,8.2,4117
way/1498889128,10.7,10.3,9.35,4360
way/1498889129,10.4,10.0,9.64,6096
way/1498889130,11.9,11.5,8.16,5534
way/1498889131,12.1,11.5,7.97,6710
way/1498889132,8.6,8.1,11.55,4286
way/1498889133,8.6,8.1,11.59,3301
way/1498889134,8.6,8.2,11.59,4094
way/1499003534,4.8,4.2,13.56,265
way/1499126441,4.3,4.3,12.57,1996
way/1499126442,7.7,7.2,12.93,16543
way/1499643750,3.6,2.0,6.12,11480
way/1499643751,11.4,11.0,10.41,7787
way/1500806883,9.2,8.8,5.27,3875
way/1503593943,14.6,14.1,2.29,7585
way/1503593944,14.5,13.9,2.3,8531
way/1503593945,14.2,13.4,2.28,17581
way/1503593946,15.4,15.4,2.24,10395
way/1503593947,16.5,16.4,2.2,14962
way/1503593948,15.7,14.4,1.97,14726
way/1503665884,6.2,5.9,2.48,1704
way/1504985642,17.1,16.2,1.84,20230
way/1504985643,13.0,12.8,1.83,11921
way/1504985644,13.6,13.5,1.86,32257
way/1504985645,13.2,13.1,1.87,21101
way/1504985646,11.7,10.9,1.95,7066
way/1504985647,11.7,10.8,1.96,14008
way/1504985648,11.9,11.4,1.96,5609
way/1504985649,9.3,8.1,2.16,16674
way/1504985650,7.0,6.2,2.36,17080
way/1505002060,12.8,12.4,1.57,3706
way/1505002061,10.9,10.9,1.52,8259
way/1505002062,12.3,11.5,1.5,6479
way/1505002063,12.1,11.5,1.49,7410
way/1505002064,13.1,12.4,1.5,12294
way/1505008512,14.1,13.7,1.4,11030
way/1505008513,12.5,12.1,1.52,8402
way/1505008514,14.0,13.6,1.49,4088
way/1505008515,12.5,11.7,1.58,3579
way/1505008882,17.6,15.0,1.67,23827
way/1505008883,12.2,11.7,1.67,8110
way/1505008884,12.1,11.7,1.67,5546
way/1505071744,12.0,11.5,4.02,7842
way/1505071745,16.5,15.8,4.09,2787
way/1505092958,15.1,14.3,3.92,5866
way/1505092959,15.5,14.7,3.33,5759
way/1505094448,11.8,11.4,4.06,5401
way/1505119910,2.1,1.9,1.08,8064
way/1509119362,2.7,1.9,2.87,2202
way/1509119366,2.6,1.9,2.87,19303
way/1509119367,8.1,8.0,1.64,41570
way/1509119368,8.1,7.9,1.67,8285
way/1512628994,14.5,11.3,10.52,284736
way/1513218114,12.3,11.8,2.5,6330
way/1513218115,14.8,14.2,2.42,2927
way/1513218116,14.9,14.1,2.35,2311
way/1513218117,14.8,13.9,2.28,5552
way/1513218118,15.8,15.2,2.24,2558
way/1513218119,15.9,15.4,2.11,2888
way/1513218120,16.1,15.7,2.07,4545
way/1513218121,17.5,16.6,1.93,7433
way/1513218122,17.8,17.1,1.79,4759
way/1513218123,17.6,16.9,1.76,4540
way/1513218124,17.9,17.1,1.63,4639
way/1513218125,17.9,17.2,1.52,4730
way/1513218126,17.9,17.3,1.4,5307
way/1513218127,18.4,17.6,1.19,2281
way/1513218128,18.5,17.7,1.19,3841
way/1513218129,14.5,14.4,2.48,4576
way/1513218131,17.4,16.8,1.87,45943
way/1513218132,18.4,17.1,1.47,40854
way/1513218133,19.1,19.0,1.59,54878
way/1513218134,18.6,18.5,2.05,29395
way/1513218135,18.5,18.3,2.17,23290
way/1513218136,17.7,16.9,2.35,142235
way/1513966041,11.1,10.6,1.82,8183
way/1513966042,11.2,10.6,1.76,7609
way/1513966043,11.3,10.8,1.7,6174
way/1513970341,13.1,12.1,1.46,1141
way/1513970342,13.1,12.1,1.48,1559
way/1513970343,13.1,12.1,1.48,1313
way/1513970344,13.1,12.1,1.45,2236
way/1513970345,14.8,14.2,1.37,7851
way/1513970346,15.4,14.7,1.15,3973
way/1514901713,9.8,9.3,-0.38,1562
way/1514901714,9.7,9.2,-0.37,3928
way/1514901715,11.5,10.7,-0.36,3021
way/1514901716,11.6,10.7,-0.33,2208
way/1514901717,8.3,8.0,-0.45,637
way/1514901718,5.5,5.4,-0.38,25
way/1514901721,8.6,8.0,-0.18,2185
way/1514901722,8.7,8.1,-0.26,1602
way/1516290793,4.7,2.4,3.57,7261
way/1516933999,3.0,1.9,12.24,5949
way/1521250924,3.5,3.5,7.67,110
way/1521250937,5.9,5.1,1.98,3342
way/1523470647,5.6,4.7,7.72,6268
way/1523470648,4.1,4.1,8.32,9655
way/1523470649,5.8,5.7,6.39,22791
way/1523470650,15.0,9.9,7.78,127532
way/1523470651,15.6,14.9,11.0,16338
way/1523470652,7.1,6.8,8.53,1822
way/1523470654,6.9,6.3,8.14,5429
way/1523470655,7.3,6.7,9.84,4216
way/1523470656,7.3,5.3,10.99,15630
way/1523470657,14.0,13.9,9.41,90866
way/1523470658,9.8,9.1,10.48,8540
way/1523470659,11.3,10.7,10.52,8651
way/1523470660,9.0,8.3,10.78,21965
way/1523586509,11.3,10.8,3.44,7082
way/1523594823,4.3,1.8,7.73,1125
way/1524303396,7.1,4.9,9.75,7304
relation/289528,24.1,21.6,2.63,1687581
way/1525513110,3.2,2.9,12.44,1990
way/1526402389,9.5,8.5,3.94,886
way/1526445093,10.9,10.7,3.5,70212
way/1527516751,10.5,10.3,8.84,4543
way/1530790362,5.6,5.3,2.73,1533
way/1531881847,6.3,6.0,9.33,491
way/1531933147,11.3,8.2,9.29,2000
way/1534700658,12.0,10.8,2.01,17559
way/1534700659,12.2,11.0,1.69,17804
way/1534700660,12.0,10.9,1.85,17891
way/1536347599,34.5,31.0,1.62,167245
way/1537431636,5.7,5.5,11.82,294
relation/21106598,19.7,16.4,11.23,61011
way/1540001766,13.6,13.5,1.84,17761
way/1541242971,8.8,7.8,12.99,183633
way/1541242973,8.7,7.4,13.17,67826
way/1541242974,12.2,7.3,13.06,25059
way/1541242975,11.6,10.6,14.14,10557
way/1541416600,6.8,4.3,2.55,392143
way/1541416609,7.6,7.2,2.34,7397
way/1541416610,6.7,6.5,2.54,7011
way/1541416611,5.9,5.4,2.72,3471
way/1541416612,6.2,6.1,2.76,4607
way/1543966842,4.5,4.5,12.88,736
way/1543966843,5.0,4.9,12.95,1093
way/1544027863,8.8,8.2,4.31,3115
way/1545384769,7.8,7.3,9.23,18598
way/1548188816,2.1,1.7,7.35,4713
way/1552052344,6.9,4.3,10.49,7921
way/1553163436,15.9,15.6,8.99,18856
way/1553163437,7.5,7.5,8.94,10806
way/1558585210,20.1,20.0,1.49,68593
way/1558900087,16.2,15.9,2.69,233527
way/1558907142,31.9,27.9,10.13,178488
way/1558907143,13.7,11.3,10.35,758762
way/1559201605,16.0,15.4,3.4,13814
way/1561836210,17.4,16.3,4.72,77590
way/1561836211,17.6,16.5,5.0,48205
way/1561836212,17.5,16.5,4.09,78391
way/1561855949,17.6,5.0,1.54,342822
way/1563637460,8.9,1.6,0.03,134902
way/1563656503,19.6,19.3,2.47,1519
way/1563656504,22.0,20.7,2.37,34802
